unit,cycle,observed_cycle_index,predicted_rul,actual_rul,actual_rul_capped,prediction_error,absolute_error
1,1,1,120.77445,142.0,125.0,-4.225547790527344,4.225547790527344
1,2,2,122.57645,141.0,125.0,-2.423553466796875,2.423553466796875
1,3,3,122.08928,140.0,125.0,-2.9107208251953125,2.9107208251953125
1,4,4,122.5346,139.0,125.0,-2.4654006958007812,2.4654006958007812
1,5,5,123.958496,138.0,125.0,-1.04150390625,1.04150390625
1,6,6,124.24413,137.0,125.0,-0.7558670043945312,0.7558670043945312
1,7,7,124.231346,136.0,125.0,-0.7686538696289062,0.7686538696289062
1,8,8,124.01648,135.0,125.0,-0.9835205078125,0.9835205078125
1,9,9,124.36095,134.0,125.0,-0.6390533447265625,0.6390533447265625
1,10,10,124.77591,133.0,125.0,-0.224090576171875,0.224090576171875
1,11,11,125.0,132.0,125.0,0.0,0.0
1,12,12,125.0,131.0,125.0,0.0,0.0
1,13,13,125.0,130.0,125.0,0.0,0.0
1,14,14,125.0,129.0,125.0,0.0,0.0
1,15,15,124.87903,128.0,125.0,-0.1209716796875,0.1209716796875
1,16,16,123.99936,127.0,125.0,-1.000640869140625,1.000640869140625
1,17,17,124.451126,126.0,125.0,-0.5488739013671875,0.5488739013671875
1,18,18,123.61601,125.0,125.0,-1.3839874267578125,1.3839874267578125
1,19,19,124.324776,124.0,124.0,0.32477569580078125,0.32477569580078125
1,20,20,124.14978,123.0,123.0,1.1497802734375,1.1497802734375
1,21,21,123.57149,122.0,122.0,1.5714874267578125,1.5714874267578125
1,22,22,122.33353,121.0,121.0,1.333526611328125,1.333526611328125
1,23,23,123.30487,120.0,120.0,3.30487060546875,3.30487060546875
1,24,24,121.80407,119.0,119.0,2.8040695190429688,2.8040695190429688
1,25,25,121.50034,118.0,118.0,3.5003433227539062,3.5003433227539062
1,26,26,120.58325,117.0,117.0,3.583251953125,3.583251953125
1,27,27,120.5574,116.0,116.0,4.557403564453125,4.557403564453125
1,28,28,117.10139,115.0,115.0,2.1013870239257812,2.1013870239257812
1,29,29,118.19145,114.0,114.0,4.1914520263671875,4.1914520263671875
1,30,30,116.19803,113.0,113.0,3.198028564453125,3.198028564453125
1,31,31,113.403496,112.0,112.0,1.4034957885742188,1.4034957885742188
2,1,1,114.01062,146.0,125.0,-10.9893798828125,10.9893798828125
2,2,2,114.013245,145.0,125.0,-10.98675537109375,10.98675537109375
2,3,3,114.02272,144.0,125.0,-10.977279663085938,10.977279663085938
2,4,4,114.01604,143.0,125.0,-10.983963012695312,10.983963012695312
2,5,5,114.02678,142.0,125.0,-10.973220825195312,10.973220825195312
2,6,6,114.01996,141.0,125.0,-10.98004150390625,10.98004150390625
2,7,7,113.98842,140.0,125.0,-11.011581420898438,11.011581420898438
2,8,8,113.98779,139.0,125.0,-11.01220703125,11.01220703125
2,9,9,113.91077,138.0,125.0,-11.0892333984375,11.0892333984375
2,10,10,113.778946,137.0,125.0,-11.221054077148438,11.221054077148438
2,11,11,113.8566,136.0,125.0,-11.143402099609375,11.143402099609375
2,12,12,113.46532,135.0,125.0,-11.534683227539062,11.534683227539062
2,13,13,113.6391,134.0,125.0,-11.36090087890625,11.36090087890625
2,14,14,113.72522,133.0,125.0,-11.2747802734375,11.2747802734375
2,15,15,113.806725,132.0,125.0,-11.193275451660156,11.193275451660156
2,16,16,113.763405,131.0,125.0,-11.236595153808594,11.236595153808594
2,17,17,113.89283,130.0,125.0,-11.107170104980469,11.107170104980469
2,18,18,113.8571,129.0,125.0,-11.142898559570312,11.142898559570312
2,19,19,113.77252,128.0,125.0,-11.22747802734375,11.22747802734375
2,20,20,113.12855,127.0,125.0,-11.871452331542969,11.871452331542969
2,21,21,113.0878,126.0,125.0,-11.912200927734375,11.912200927734375
2,22,22,113.39261,125.0,125.0,-11.607391357421875,11.607391357421875
2,23,23,113.479004,124.0,124.0,-10.52099609375,10.52099609375
2,24,24,113.14751,123.0,123.0,-9.852493286132812,9.852493286132812
2,25,25,112.983604,122.0,122.0,-9.016395568847656,9.016395568847656
2,26,26,112.02754,121.0,121.0,-8.972457885742188,8.972457885742188
2,27,27,108.13983,120.0,120.0,-11.86016845703125,11.86016845703125
2,28,28,110.52176,119.0,119.0,-8.478240966796875,8.478240966796875
2,29,29,112.37106,118.0,118.0,-5.628936767578125,5.628936767578125
2,30,30,112.4609,117.0,117.0,-4.539100646972656,4.539100646972656
2,31,31,112.160736,116.0,116.0,-3.839263916015625,3.839263916015625
2,32,32,108.90786,115.0,115.0,-6.092140197753906,6.092140197753906
2,33,33,112.45353,114.0,114.0,-1.5464706420898438,1.5464706420898438
2,34,34,113.687515,113.0,113.0,0.6875152587890625,0.6875152587890625
2,35,35,113.85562,112.0,112.0,1.855621337890625,1.855621337890625
2,36,36,114.04208,111.0,111.0,3.042083740234375,3.042083740234375
2,37,37,114.08943,110.0,110.0,4.0894317626953125,4.0894317626953125
2,38,38,114.00505,109.0,109.0,5.0050506591796875,5.0050506591796875
2,39,39,113.53177,108.0,108.0,5.531768798828125,5.531768798828125
2,40,40,113.358696,107.0,107.0,6.358695983886719,6.358695983886719
2,41,41,113.69838,106.0,106.0,7.6983795166015625,7.6983795166015625
2,42,42,113.57776,105.0,105.0,8.5777587890625,8.5777587890625
2,43,43,112.92415,104.0,104.0,8.924148559570312,8.924148559570312
2,44,44,111.65988,103.0,103.0,8.659881591796875,8.659881591796875
2,45,45,112.52071,102.0,102.0,10.520713806152344,10.520713806152344
2,46,46,112.5834,101.0,101.0,11.583396911621094,11.583396911621094
2,47,47,113.756195,100.0,100.0,13.756195068359375,13.756195068359375
2,48,48,113.80061,99.0,99.0,14.800613403320312,14.800613403320312
2,49,49,113.80567,98.0,98.0,15.805671691894531,15.805671691894531
3,1,1,113.350746,194.0,125.0,-11.649253845214844,11.649253845214844
3,2,2,113.11395,193.0,125.0,-11.88604736328125,11.88604736328125
3,3,3,113.40126,192.0,125.0,-11.598739624023438,11.598739624023438
3,4,4,113.22746,191.0,125.0,-11.772537231445312,11.772537231445312
3,5,5,112.86099,190.0,125.0,-12.139007568359375,12.139007568359375
3,6,6,113.154724,189.0,125.0,-11.84527587890625,11.84527587890625
3,7,7,113.37265,188.0,125.0,-11.627349853515625,11.627349853515625
3,8,8,113.333565,187.0,125.0,-11.666435241699219,11.666435241699219
3,9,9,112.68496,186.0,125.0,-12.315040588378906,12.315040588378906
3,10,10,112.62454,185.0,125.0,-12.375457763671875,12.375457763671875
3,11,11,112.69956,184.0,125.0,-12.300437927246094,12.300437927246094
3,12,12,112.35971,183.0,125.0,-12.640289306640625,12.640289306640625
3,13,13,111.40878,182.0,125.0,-13.591217041015625,13.591217041015625
3,14,14,111.27913,181.0,125.0,-13.720870971679688,13.720870971679688
3,15,15,108.25205,180.0,125.0,-16.747947692871094,16.747947692871094
3,16,16,109.49947,179.0,125.0,-15.500526428222656,15.500526428222656
3,17,17,110.10976,178.0,125.0,-14.890243530273438,14.890243530273438
3,18,18,110.54609,177.0,125.0,-14.453910827636719,14.453910827636719
3,19,19,108.01416,176.0,125.0,-16.98583984375,16.98583984375
3,20,20,107.72551,175.0,125.0,-17.274490356445312,17.274490356445312
3,21,21,109.1364,174.0,125.0,-15.863601684570312,15.863601684570312
3,22,22,108.18613,173.0,125.0,-16.813873291015625,16.813873291015625
3,23,23,99.71102,172.0,125.0,-25.288978576660156,25.288978576660156
3,24,24,104.768425,171.0,125.0,-20.23157501220703,20.23157501220703
3,25,25,91.35567,170.0,125.0,-33.64433288574219,33.64433288574219
3,26,26,97.314606,169.0,125.0,-27.685394287109375,27.685394287109375
3,27,27,102.704636,168.0,125.0,-22.295364379882812,22.295364379882812
3,28,28,108.48601,167.0,125.0,-16.513992309570312,16.513992309570312
3,29,29,109.56871,166.0,125.0,-15.431289672851562,15.431289672851562
3,30,30,104.716606,165.0,125.0,-20.28339385986328,20.28339385986328
3,31,31,106.624756,164.0,125.0,-18.375244140625,18.375244140625
3,32,32,110.228676,163.0,125.0,-14.771324157714844,14.771324157714844
3,33,33,103.36798,162.0,125.0,-21.63201904296875,21.63201904296875
3,34,34,93.212265,161.0,125.0,-31.787734985351562,31.787734985351562
3,35,35,87.73471,160.0,125.0,-37.265289306640625,37.265289306640625
3,36,36,101.62953,159.0,125.0,-23.370468139648438,23.370468139648438
3,37,37,108.83594,158.0,125.0,-16.1640625,16.1640625
3,38,38,109.71291,157.0,125.0,-15.287086486816406,15.287086486816406
3,39,39,106.5597,156.0,125.0,-18.44029998779297,18.44029998779297
3,40,40,107.789795,155.0,125.0,-17.210205078125,17.210205078125
3,41,41,110.31474,154.0,125.0,-14.685256958007812,14.685256958007812
3,42,42,111.12981,153.0,125.0,-13.870193481445312,13.870193481445312
3,43,43,110.6672,152.0,125.0,-14.332801818847656,14.332801818847656
3,44,44,111.8353,151.0,125.0,-13.164703369140625,13.164703369140625
3,45,45,108.43475,150.0,125.0,-16.56524658203125,16.56524658203125
3,46,46,111.210724,149.0,125.0,-13.789276123046875,13.789276123046875
3,47,47,111.18851,148.0,125.0,-13.811492919921875,13.811492919921875
3,48,48,112.300964,147.0,125.0,-12.69903564453125,12.69903564453125
3,49,49,112.537994,146.0,125.0,-12.462005615234375,12.462005615234375
3,50,50,112.63991,145.0,125.0,-12.360092163085938,12.360092163085938
3,51,51,113.41888,144.0,125.0,-11.581123352050781,11.581123352050781
3,52,52,113.47575,143.0,125.0,-11.524246215820312,11.524246215820312
3,53,53,113.06969,142.0,125.0,-11.930313110351562,11.930313110351562
3,54,54,113.42639,141.0,125.0,-11.5736083984375,11.5736083984375
3,55,55,112.67767,140.0,125.0,-12.32232666015625,12.32232666015625
3,56,56,113.24546,139.0,125.0,-11.754539489746094,11.754539489746094
3,57,57,113.39963,138.0,125.0,-11.600372314453125,11.600372314453125
3,58,58,112.76963,137.0,125.0,-12.230369567871094,12.230369567871094
3,59,59,113.444466,136.0,125.0,-11.555534362792969,11.555534362792969
3,60,60,113.315544,135.0,125.0,-11.684455871582031,11.684455871582031
3,61,61,113.551346,134.0,125.0,-11.448654174804688,11.448654174804688
3,62,62,113.99939,133.0,125.0,-11.0006103515625,11.0006103515625
3,63,63,113.62879,132.0,125.0,-11.371208190917969,11.371208190917969
3,64,64,113.04832,131.0,125.0,-11.951683044433594,11.951683044433594
3,65,65,112.74853,130.0,125.0,-12.251472473144531,12.251472473144531
3,66,66,112.61005,129.0,125.0,-12.38995361328125,12.38995361328125
3,67,67,113.45015,128.0,125.0,-11.549850463867188,11.549850463867188
3,68,68,113.69924,127.0,125.0,-11.300758361816406,11.300758361816406
3,69,69,113.46978,126.0,125.0,-11.530220031738281,11.530220031738281
3,70,70,112.630936,125.0,125.0,-12.369064331054688,12.369064331054688
3,71,71,113.04008,124.0,124.0,-10.959922790527344,10.959922790527344
3,72,72,112.865295,123.0,123.0,-10.13470458984375,10.13470458984375
3,73,73,113.20549,122.0,122.0,-8.794509887695312,8.794509887695312
3,74,74,113.20595,121.0,121.0,-7.7940521240234375,7.7940521240234375
3,75,75,111.51117,120.0,120.0,-8.48883056640625,8.48883056640625
3,76,76,112.23937,119.0,119.0,-6.760627746582031,6.760627746582031
3,77,77,110.60407,118.0,118.0,-7.395927429199219,7.395927429199219
3,78,78,112.08898,117.0,117.0,-4.911018371582031,4.911018371582031
3,79,79,112.7273,116.0,116.0,-3.2726974487304688,3.2726974487304688
3,80,80,112.47849,115.0,115.0,-2.5215072631835938,2.5215072631835938
3,81,81,112.93919,114.0,114.0,-1.0608062744140625,1.0608062744140625
3,82,82,113.5265,113.0,113.0,0.5264968872070312,0.5264968872070312
3,83,83,113.179245,112.0,112.0,1.1792449951171875,1.1792449951171875
3,84,84,112.42137,111.0,111.0,1.4213714599609375,1.4213714599609375
3,85,85,112.98665,110.0,110.0,2.9866485595703125,2.9866485595703125
3,86,86,113.33789,109.0,109.0,4.337890625,4.337890625
3,87,87,111.00301,108.0,108.0,3.0030136108398438,3.0030136108398438
3,88,88,104.20638,107.0,107.0,-2.7936172485351562,2.7936172485351562
3,89,89,105.98508,106.0,106.0,-0.014923095703125,0.014923095703125
3,90,90,106.61849,105.0,105.0,1.6184921264648438,1.6184921264648438
3,91,91,110.15965,104.0,104.0,6.1596527099609375,6.1596527099609375
3,92,92,112.00699,103.0,103.0,9.006988525390625,9.006988525390625
3,93,93,108.062386,102.0,102.0,6.062385559082031,6.062385559082031
3,94,94,109.366455,101.0,101.0,8.366455078125,8.366455078125
3,95,95,97.870094,100.0,100.0,-2.1299057006835938,2.1299057006835938
3,96,96,100.603806,99.0,99.0,1.6038055419921875,1.6038055419921875
3,97,97,108.65549,98.0,98.0,10.655487060546875,10.655487060546875
3,98,98,105.69343,97.0,97.0,8.693428039550781,8.693428039550781
3,99,99,98.88836,96.0,96.0,2.8883590698242188,2.8883590698242188
3,100,100,101.68876,95.0,95.0,6.688758850097656,6.688758850097656
3,101,101,108.60379,94.0,94.0,14.603790283203125,14.603790283203125
3,102,102,96.65177,93.0,93.0,3.6517715454101562,3.6517715454101562
3,103,103,91.524025,92.0,92.0,-0.47597503662109375,0.47597503662109375
3,104,104,92.27519,91.0,91.0,1.2751922607421875,1.2751922607421875
3,105,105,89.51382,90.0,90.0,-0.48618316650390625,0.48618316650390625
3,106,106,82.8642,89.0,89.0,-6.13580322265625,6.13580322265625
3,107,107,89.16142,88.0,88.0,1.1614227294921875,1.1614227294921875
3,108,108,92.97136,87.0,87.0,5.9713592529296875,5.9713592529296875
3,109,109,87.618866,86.0,86.0,1.618865966796875,1.618865966796875
3,110,110,99.4409,85.0,85.0,14.440902709960938,14.440902709960938
3,111,111,100.82802,84.0,84.0,16.828018188476562,16.828018188476562
3,112,112,97.877495,83.0,83.0,14.877494812011719,14.877494812011719
3,113,113,92.22328,82.0,82.0,10.223281860351562,10.223281860351562
3,114,114,86.42909,81.0,81.0,5.4290924072265625,5.4290924072265625
3,115,115,90.56763,80.0,80.0,10.567626953125,10.567626953125
3,116,116,95.69263,79.0,79.0,16.692626953125,16.692626953125
3,117,117,87.41507,78.0,78.0,9.415069580078125,9.415069580078125
3,118,118,83.49745,77.0,77.0,6.4974517822265625,6.4974517822265625
3,119,119,80.15369,76.0,76.0,4.1536865234375,4.1536865234375
3,120,120,69.68649,75.0,75.0,-5.313507080078125,5.313507080078125
3,121,121,70.55638,74.0,74.0,-3.4436187744140625,3.4436187744140625
3,122,122,66.987656,73.0,73.0,-6.0123443603515625,6.0123443603515625
3,123,123,61.185936,72.0,72.0,-10.814064025878906,10.814064025878906
3,124,124,57.28009,71.0,71.0,-13.71990966796875,13.71990966796875
3,125,125,45.813576,70.0,70.0,-24.186424255371094,24.186424255371094
3,126,126,42.99367,69.0,69.0,-26.006328582763672,26.006328582763672
4,1,1,114.1088,187.0,125.0,-10.891197204589844,10.891197204589844
4,2,2,114.092606,186.0,125.0,-10.907394409179688,10.907394409179688
4,3,3,114.044235,185.0,125.0,-10.955764770507812,10.955764770507812
4,4,4,114.02643,184.0,125.0,-10.97357177734375,10.97357177734375
4,5,5,113.98477,183.0,125.0,-11.015228271484375,11.015228271484375
4,6,6,113.97222,182.0,125.0,-11.027778625488281,11.027778625488281
4,7,7,113.970764,181.0,125.0,-11.02923583984375,11.02923583984375
4,8,8,113.883804,180.0,125.0,-11.116195678710938,11.116195678710938
4,9,9,113.79397,179.0,125.0,-11.206031799316406,11.206031799316406
4,10,10,113.8548,178.0,125.0,-11.14520263671875,11.14520263671875
4,11,11,113.882904,177.0,125.0,-11.117095947265625,11.117095947265625
4,12,12,113.87637,176.0,125.0,-11.123626708984375,11.123626708984375
4,13,13,113.85275,175.0,125.0,-11.147247314453125,11.147247314453125
4,14,14,113.89632,174.0,125.0,-11.103683471679688,11.103683471679688
4,15,15,113.772194,173.0,125.0,-11.227806091308594,11.227806091308594
4,16,16,113.37381,172.0,125.0,-11.626190185546875,11.626190185546875
4,17,17,112.97223,171.0,125.0,-12.02777099609375,12.02777099609375
4,18,18,113.575516,170.0,125.0,-11.424484252929688,11.424484252929688
4,19,19,113.50013,169.0,125.0,-11.499870300292969,11.499870300292969
4,20,20,113.60381,168.0,125.0,-11.396186828613281,11.396186828613281
4,21,21,113.64377,167.0,125.0,-11.356231689453125,11.356231689453125
4,22,22,113.80219,166.0,125.0,-11.197807312011719,11.197807312011719
4,23,23,113.6434,165.0,125.0,-11.356597900390625,11.356597900390625
4,24,24,113.86903,164.0,125.0,-11.130966186523438,11.130966186523438
4,25,25,113.97821,163.0,125.0,-11.02178955078125,11.02178955078125
4,26,26,114.017555,162.0,125.0,-10.982444763183594,10.982444763183594
4,27,27,114.056244,161.0,125.0,-10.943756103515625,10.943756103515625
4,28,28,114.101456,160.0,125.0,-10.898544311523438,10.898544311523438
4,29,29,113.98028,159.0,125.0,-11.019721984863281,11.019721984863281
4,30,30,113.74602,158.0,125.0,-11.253982543945312,11.253982543945312
4,31,31,113.52998,157.0,125.0,-11.470016479492188,11.470016479492188
4,32,32,113.02406,156.0,125.0,-11.975936889648438,11.975936889648438
4,33,33,113.45361,155.0,125.0,-11.54638671875,11.54638671875
4,34,34,113.34805,154.0,125.0,-11.651947021484375,11.651947021484375
4,35,35,113.446884,153.0,125.0,-11.553115844726562,11.553115844726562
4,36,36,113.850494,152.0,125.0,-11.149505615234375,11.149505615234375
4,37,37,113.8957,151.0,125.0,-11.104301452636719,11.104301452636719
4,38,38,113.84585,150.0,125.0,-11.154151916503906,11.154151916503906
4,39,39,113.92781,149.0,125.0,-11.072189331054688,11.072189331054688
4,40,40,114.1449,148.0,125.0,-10.8551025390625,10.8551025390625
4,41,41,114.17064,147.0,125.0,-10.829360961914062,10.829360961914062
4,42,42,114.19487,146.0,125.0,-10.805130004882812,10.805130004882812
4,43,43,114.15185,145.0,125.0,-10.848152160644531,10.848152160644531
4,44,44,114.06892,144.0,125.0,-10.931083679199219,10.931083679199219
4,45,45,113.93358,143.0,125.0,-11.066421508789062,11.066421508789062
4,46,46,112.91562,142.0,125.0,-12.084381103515625,12.084381103515625
4,47,47,106.84877,141.0,125.0,-18.151229858398438,18.151229858398438
4,48,48,111.81582,140.0,125.0,-13.184181213378906,13.184181213378906
4,49,49,112.71286,139.0,125.0,-12.287139892578125,12.287139892578125
4,50,50,111.84386,138.0,125.0,-13.156143188476562,13.156143188476562
4,51,51,110.95515,137.0,125.0,-14.044853210449219,14.044853210449219
4,52,52,113.3673,136.0,125.0,-11.632698059082031,11.632698059082031
4,53,53,113.10424,135.0,125.0,-11.895759582519531,11.895759582519531
4,54,54,113.11838,134.0,125.0,-11.881622314453125,11.881622314453125
4,55,55,112.32478,133.0,125.0,-12.675216674804688,12.675216674804688
4,56,56,112.52513,132.0,125.0,-12.474868774414062,12.474868774414062
4,57,57,113.43808,131.0,125.0,-11.561920166015625,11.561920166015625
4,58,58,113.332146,130.0,125.0,-11.667854309082031,11.667854309082031
4,59,59,113.29582,129.0,125.0,-11.704177856445312,11.704177856445312
4,60,60,113.24999,128.0,125.0,-11.750007629394531,11.750007629394531
4,61,61,113.90489,127.0,125.0,-11.095108032226562,11.095108032226562
4,62,62,112.81345,126.0,125.0,-12.186546325683594,12.186546325683594
4,63,63,113.09079,125.0,125.0,-11.909210205078125,11.909210205078125
4,64,64,113.48743,124.0,124.0,-10.5125732421875,10.5125732421875
4,65,65,110.126274,123.0,123.0,-12.873725891113281,12.873725891113281
4,66,66,112.744354,122.0,122.0,-9.255645751953125,9.255645751953125
4,67,67,113.33604,121.0,121.0,-7.663963317871094,7.663963317871094
4,68,68,113.18639,120.0,120.0,-6.813606262207031,6.813606262207031
4,69,69,113.103424,119.0,119.0,-5.896575927734375,5.896575927734375
4,70,70,112.48822,118.0,118.0,-5.51177978515625,5.51177978515625
4,71,71,112.9684,117.0,117.0,-4.0316009521484375,4.0316009521484375
4,72,72,113.07171,116.0,116.0,-2.9282913208007812,2.9282913208007812
4,73,73,112.26149,115.0,115.0,-2.7385101318359375,2.7385101318359375
4,74,74,110.833435,114.0,114.0,-3.16656494140625,3.16656494140625
4,75,75,108.38958,113.0,113.0,-4.610420227050781,4.610420227050781
4,76,76,91.501305,112.0,112.0,-20.498695373535156,20.498695373535156
4,77,77,73.614174,111.0,111.0,-37.385826110839844,37.385826110839844
4,78,78,90.99769,110.0,110.0,-19.00231170654297,19.00231170654297
4,79,79,98.30764,109.0,109.0,-10.692359924316406,10.692359924316406
4,80,80,98.00727,108.0,108.0,-9.992729187011719,9.992729187011719
4,81,81,98.77322,107.0,107.0,-8.226783752441406,8.226783752441406
4,82,82,108.928825,106.0,106.0,2.9288253784179688,2.9288253784179688
4,83,83,105.67316,105.0,105.0,0.67315673828125,0.67315673828125
4,84,84,110.85907,104.0,104.0,6.85906982421875,6.85906982421875
4,85,85,108.80432,103.0,103.0,5.8043212890625,5.8043212890625
4,86,86,111.72081,102.0,102.0,9.720809936523438,9.720809936523438
4,87,87,110.671265,101.0,101.0,9.6712646484375,9.6712646484375
4,88,88,108.518616,100.0,100.0,8.51861572265625,8.51861572265625
4,89,89,109.78282,99.0,99.0,10.782821655273438,10.782821655273438
4,90,90,110.70321,98.0,98.0,12.703208923339844,12.703208923339844
4,91,91,112.56351,97.0,97.0,15.563507080078125,15.563507080078125
4,92,92,113.34803,96.0,96.0,17.34803009033203,17.34803009033203
4,93,93,113.50074,95.0,95.0,18.50074005126953,18.50074005126953
4,94,94,113.37186,94.0,94.0,19.371856689453125,19.371856689453125
4,95,95,112.31977,93.0,93.0,19.31977081298828,19.31977081298828
4,96,96,112.42064,92.0,92.0,20.420639038085938,20.420639038085938
4,97,97,112.71925,91.0,91.0,21.719253540039062,21.719253540039062
4,98,98,112.27893,90.0,90.0,22.2789306640625,22.2789306640625
4,99,99,112.14937,89.0,89.0,23.149368286132812,23.149368286132812
4,100,100,112.02861,88.0,88.0,24.028610229492188,24.028610229492188
4,101,101,105.76663,87.0,87.0,18.766632080078125,18.766632080078125
4,102,102,110.997856,86.0,86.0,24.99785614013672,24.99785614013672
4,103,103,110.42934,85.0,85.0,25.429336547851562,25.429336547851562
4,104,104,109.75827,84.0,84.0,25.758270263671875,25.758270263671875
4,105,105,106.36879,83.0,83.0,23.368789672851562,23.368789672851562
4,106,106,84.32096,82.0,82.0,2.3209609985351562,2.3209609985351562
5,1,1,120.11388,188.0,125.0,-4.8861236572265625,4.8861236572265625
5,2,2,112.76576,187.0,125.0,-12.234237670898438,12.234237670898438
5,3,3,105.172905,186.0,125.0,-19.82709503173828,19.82709503173828
5,4,4,104.34387,185.0,125.0,-20.6561279296875,20.6561279296875
5,5,5,105.31876,184.0,125.0,-19.681236267089844,19.681236267089844
5,6,6,94.0246,183.0,125.0,-30.97540283203125,30.97540283203125
5,7,7,75.284454,182.0,125.0,-49.715545654296875,49.715545654296875
5,8,8,65.06181,181.0,125.0,-59.93818664550781,59.93818664550781
5,9,9,60.60905,180.0,125.0,-64.39094924926758,64.39094924926758
5,10,10,57.15665,179.0,125.0,-67.84334945678711,67.84334945678711
5,11,11,55.33625,178.0,125.0,-69.66374969482422,69.66374969482422
5,12,12,55.16036,177.0,125.0,-69.83964157104492,69.83964157104492
5,13,13,53.61252,176.0,125.0,-71.38748168945312,71.38748168945312
5,14,14,46.898144,175.0,125.0,-78.10185623168945,78.10185623168945
5,15,15,58.6644,174.0,125.0,-66.33560180664062,66.33560180664062
5,16,16,71.34505,173.0,125.0,-53.65495300292969,53.65495300292969
5,17,17,81.78915,172.0,125.0,-43.210853576660156,43.210853576660156
5,18,18,87.80879,171.0,125.0,-37.19120788574219,37.19120788574219
5,19,19,93.93432,170.0,125.0,-31.06568145751953,31.06568145751953
5,20,20,96.03511,169.0,125.0,-28.964889526367188,28.964889526367188
5,21,21,102.04462,168.0,125.0,-22.95538330078125,22.95538330078125
5,22,22,103.62384,167.0,125.0,-21.37615966796875,21.37615966796875
5,23,23,100.66473,166.0,125.0,-24.33527374267578,24.33527374267578
5,24,24,106.33685,165.0,125.0,-18.66314697265625,18.66314697265625
5,25,25,109.4149,164.0,125.0,-15.585098266601562,15.585098266601562
5,26,26,111.34272,163.0,125.0,-13.657279968261719,13.657279968261719
5,27,27,112.68011,162.0,125.0,-12.319892883300781,12.319892883300781
5,28,28,112.78918,161.0,125.0,-12.210823059082031,12.210823059082031
5,29,29,113.31199,160.0,125.0,-11.688011169433594,11.688011169433594
5,30,30,113.60368,159.0,125.0,-11.396316528320312,11.396316528320312
5,31,31,113.9541,158.0,125.0,-11.0458984375,11.0458984375
5,32,32,113.88294,157.0,125.0,-11.117057800292969,11.117057800292969
5,33,33,113.81123,156.0,125.0,-11.188766479492188,11.188766479492188
5,34,34,114.03938,155.0,125.0,-10.960617065429688,10.960617065429688
5,35,35,114.104965,154.0,125.0,-10.895034790039062,10.895034790039062
5,36,36,114.23065,153.0,125.0,-10.76934814453125,10.76934814453125
5,37,37,113.91668,152.0,125.0,-11.083320617675781,11.083320617675781
5,38,38,113.84346,151.0,125.0,-11.156539916992188,11.156539916992188
5,39,39,113.89019,150.0,125.0,-11.109809875488281,11.109809875488281
5,40,40,108.82727,149.0,125.0,-16.1727294921875,16.1727294921875
5,41,41,87.596825,148.0,125.0,-37.403175354003906,37.403175354003906
5,42,42,88.87346,147.0,125.0,-36.12654113769531,36.12654113769531
5,43,43,97.16852,146.0,125.0,-27.83148193359375,27.83148193359375
5,44,44,63.745213,145.0,125.0,-61.25478744506836,61.25478744506836
5,45,45,70.34235,144.0,125.0,-54.65765380859375,54.65765380859375
5,46,46,86.05597,143.0,125.0,-38.94403076171875,38.94403076171875
5,47,47,94.46695,142.0,125.0,-30.533050537109375,30.533050537109375
5,48,48,92.27891,141.0,125.0,-32.721092224121094,32.721092224121094
5,49,49,102.36743,140.0,125.0,-22.632568359375,22.632568359375
5,50,50,99.19441,139.0,125.0,-25.805587768554688,25.805587768554688
5,51,51,105.21527,138.0,125.0,-19.78472900390625,19.78472900390625
5,52,52,107.512054,137.0,125.0,-17.487945556640625,17.487945556640625
5,53,53,102.121414,136.0,125.0,-22.878585815429688,22.878585815429688
5,54,54,108.76327,135.0,125.0,-16.236732482910156,16.236732482910156
5,55,55,104.897545,134.0,125.0,-20.102455139160156,20.102455139160156
5,56,56,109.62157,133.0,125.0,-15.378433227539062,15.378433227539062
5,57,57,112.641396,132.0,125.0,-12.358604431152344,12.358604431152344
5,58,58,112.61057,131.0,125.0,-12.389427185058594,12.389427185058594
5,59,59,111.79855,130.0,125.0,-13.201446533203125,13.201446533203125
5,60,60,112.27255,129.0,125.0,-12.727447509765625,12.727447509765625
5,61,61,113.48716,128.0,125.0,-11.512840270996094,11.512840270996094
5,62,62,113.20793,127.0,125.0,-11.792068481445312,11.792068481445312
5,63,63,113.582405,126.0,125.0,-11.417594909667969,11.417594909667969
5,64,64,113.52933,125.0,125.0,-11.470672607421875,11.470672607421875
5,65,65,113.858795,124.0,124.0,-10.141204833984375,10.141204833984375
5,66,66,113.82645,123.0,123.0,-9.173553466796875,9.173553466796875
5,67,67,113.62042,122.0,122.0,-8.37957763671875,8.37957763671875
5,68,68,113.7207,121.0,121.0,-7.279296875,7.279296875
5,69,69,113.809296,120.0,120.0,-6.190704345703125,6.190704345703125
5,70,70,113.719086,119.0,119.0,-5.280914306640625,5.280914306640625
5,71,71,113.31023,118.0,118.0,-4.6897735595703125,4.6897735595703125
5,72,72,110.60499,117.0,117.0,-6.395011901855469,6.395011901855469
5,73,73,112.883896,116.0,116.0,-3.1161041259765625,3.1161041259765625
5,74,74,102.5638,115.0,115.0,-12.436203002929688,12.436203002929688
5,75,75,109.72589,114.0,114.0,-4.27410888671875,4.27410888671875
5,76,76,110.88086,113.0,113.0,-2.119140625,2.119140625
5,77,77,111.21579,112.0,112.0,-0.784210205078125,0.784210205078125
5,78,78,112.33194,111.0,111.0,1.331939697265625,1.331939697265625
5,79,79,111.71858,110.0,110.0,1.7185821533203125,1.7185821533203125
5,80,80,112.58933,109.0,109.0,3.5893325805664062,3.5893325805664062
5,81,81,112.6929,108.0,108.0,4.692901611328125,4.692901611328125
5,82,82,113.17749,107.0,107.0,6.177490234375,6.177490234375
5,83,83,113.02258,106.0,106.0,7.0225830078125,7.0225830078125
5,84,84,113.24776,105.0,105.0,8.247756958007812,8.247756958007812
5,85,85,111.37762,104.0,104.0,7.377616882324219,7.377616882324219
5,86,86,112.91437,103.0,103.0,9.91436767578125,9.91436767578125
5,87,87,112.04445,102.0,102.0,10.044448852539062,10.044448852539062
5,88,88,111.61284,101.0,101.0,10.612838745117188,10.612838745117188
5,89,89,111.4497,100.0,100.0,11.449699401855469,11.449699401855469
5,90,90,112.29964,99.0,99.0,13.299636840820312,13.299636840820312
5,91,91,111.8805,98.0,98.0,13.880500793457031,13.880500793457031
5,92,92,110.38118,97.0,97.0,13.381179809570312,13.381179809570312
5,93,93,106.461174,96.0,96.0,10.461174011230469,10.461174011230469
5,94,94,96.66864,95.0,95.0,1.66864013671875,1.66864013671875
5,95,95,102.523155,94.0,94.0,8.523155212402344,8.523155212402344
5,96,96,103.62193,93.0,93.0,10.621932983398438,10.621932983398438
5,97,97,107.40237,92.0,92.0,15.402366638183594,15.402366638183594
5,98,98,107.89505,91.0,91.0,16.895050048828125,16.895050048828125
6,1,1,124.039734,197.0,125.0,-0.96026611328125,0.96026611328125
6,2,2,120.34392,196.0,125.0,-4.6560821533203125,4.6560821533203125
6,3,3,121.30036,195.0,125.0,-3.6996383666992188,3.6996383666992188
6,4,4,120.775475,194.0,125.0,-4.224525451660156,4.224525451660156
6,5,5,123.07219,193.0,125.0,-1.9278106689453125,1.9278106689453125
6,6,6,124.05456,192.0,125.0,-0.9454421997070312,0.9454421997070312
6,7,7,122.84885,191.0,125.0,-2.151153564453125,2.151153564453125
6,8,8,122.41293,190.0,125.0,-2.587066650390625,2.587066650390625
6,9,9,121.83448,189.0,125.0,-3.1655197143554688,3.1655197143554688
6,10,10,122.738655,188.0,125.0,-2.2613449096679688,2.2613449096679688
6,11,11,122.88132,187.0,125.0,-2.118682861328125,2.118682861328125
6,12,12,118.840454,186.0,125.0,-6.1595458984375,6.1595458984375
6,13,13,116.40802,185.0,125.0,-8.59197998046875,8.59197998046875
6,14,14,114.177986,184.0,125.0,-10.822013854980469,10.822013854980469
6,15,15,113.20492,183.0,125.0,-11.795082092285156,11.795082092285156
6,16,16,113.51581,182.0,125.0,-11.48419189453125,11.48419189453125
6,17,17,116.74394,181.0,125.0,-8.256057739257812,8.256057739257812
6,18,18,121.95996,180.0,125.0,-3.0400390625,3.0400390625
6,19,19,122.555244,179.0,125.0,-2.4447555541992188,2.4447555541992188
6,20,20,119.57257,178.0,125.0,-5.42742919921875,5.42742919921875
6,21,21,119.120575,177.0,125.0,-5.879425048828125,5.879425048828125
6,22,22,119.53376,176.0,125.0,-5.466239929199219,5.466239929199219
6,23,23,119.955925,175.0,125.0,-5.044075012207031,5.044075012207031
6,24,24,118.67018,174.0,125.0,-6.3298187255859375,6.3298187255859375
6,25,25,112.085106,173.0,125.0,-12.914894104003906,12.914894104003906
6,26,26,108.78873,172.0,125.0,-16.211273193359375,16.211273193359375
6,27,27,72.459915,171.0,125.0,-52.54008483886719,52.54008483886719
6,28,28,110.99262,170.0,125.0,-14.007377624511719,14.007377624511719
6,29,29,112.7921,169.0,125.0,-12.207901000976562,12.207901000976562
6,30,30,113.033226,168.0,125.0,-11.966773986816406,11.966773986816406
6,31,31,113.24496,167.0,125.0,-11.755043029785156,11.755043029785156
6,32,32,111.03105,166.0,125.0,-13.968948364257812,13.968948364257812
6,33,33,108.814186,165.0,125.0,-16.185813903808594,16.185813903808594
6,34,34,110.8117,164.0,125.0,-14.188301086425781,14.188301086425781
6,35,35,111.69057,163.0,125.0,-13.309432983398438,13.309432983398438
6,36,36,113.24502,162.0,125.0,-11.754981994628906,11.754981994628906
6,37,37,113.38003,161.0,125.0,-11.619972229003906,11.619972229003906
6,38,38,113.593636,160.0,125.0,-11.406364440917969,11.406364440917969
6,39,39,113.923,159.0,125.0,-11.077003479003906,11.077003479003906
6,40,40,113.79109,158.0,125.0,-11.208908081054688,11.208908081054688
6,41,41,114.1004,157.0,125.0,-10.89959716796875,10.89959716796875
6,42,42,113.95363,156.0,125.0,-11.046371459960938,11.046371459960938
6,43,43,113.78857,155.0,125.0,-11.211433410644531,11.211433410644531
6,44,44,110.93713,154.0,125.0,-14.0628662109375,14.0628662109375
6,45,45,107.18129,153.0,125.0,-17.818710327148438,17.818710327148438
6,46,46,109.57503,152.0,125.0,-15.424972534179688,15.424972534179688
6,47,47,111.791275,151.0,125.0,-13.208724975585938,13.208724975585938
6,48,48,113.455124,150.0,125.0,-11.544876098632812,11.544876098632812
6,49,49,113.94954,149.0,125.0,-11.050460815429688,11.050460815429688
6,50,50,113.662895,148.0,125.0,-11.337104797363281,11.337104797363281
6,51,51,113.58034,147.0,125.0,-11.419662475585938,11.419662475585938
6,52,52,113.758484,146.0,125.0,-11.24151611328125,11.24151611328125
6,53,53,113.97642,145.0,125.0,-11.023582458496094,11.023582458496094
6,54,54,114.11171,144.0,125.0,-10.888290405273438,10.888290405273438
6,55,55,113.600845,143.0,125.0,-11.399154663085938,11.399154663085938
6,56,56,113.92486,142.0,125.0,-11.075141906738281,11.075141906738281
6,57,57,113.58293,141.0,125.0,-11.417068481445312,11.417068481445312
6,58,58,113.77048,140.0,125.0,-11.229522705078125,11.229522705078125
6,59,59,113.97768,139.0,125.0,-11.022323608398438,11.022323608398438
6,60,60,113.63867,138.0,125.0,-11.361328125,11.361328125
6,61,61,113.81577,137.0,125.0,-11.184226989746094,11.184226989746094
6,62,62,105.570206,136.0,125.0,-19.429794311523438,19.429794311523438
6,63,63,105.15495,135.0,125.0,-19.845046997070312,19.845046997070312
6,64,64,108.647484,134.0,125.0,-16.352516174316406,16.352516174316406
6,65,65,109.417816,133.0,125.0,-15.582183837890625,15.582183837890625
6,66,66,110.41547,132.0,125.0,-14.58453369140625,14.58453369140625
6,67,67,110.91214,131.0,125.0,-14.087860107421875,14.087860107421875
6,68,68,111.90638,130.0,125.0,-13.093620300292969,13.093620300292969
6,69,69,113.23214,129.0,125.0,-11.767860412597656,11.767860412597656
6,70,70,113.117935,128.0,125.0,-11.882064819335938,11.882064819335938
6,71,71,113.63599,127.0,125.0,-11.364013671875,11.364013671875
6,72,72,113.769485,126.0,125.0,-11.230514526367188,11.230514526367188
6,73,73,114.1371,125.0,125.0,-10.862899780273438,10.862899780273438
6,74,74,112.854126,124.0,124.0,-11.1458740234375,11.1458740234375
6,75,75,111.038864,123.0,123.0,-11.961135864257812,11.961135864257812
6,76,76,111.11586,122.0,122.0,-10.884140014648438,10.884140014648438
6,77,77,111.572395,121.0,121.0,-9.427604675292969,9.427604675292969
6,78,78,112.63348,120.0,120.0,-7.366523742675781,7.366523742675781
6,79,79,112.97066,119.0,119.0,-6.0293426513671875,6.0293426513671875
6,80,80,112.025635,118.0,118.0,-5.974365234375,5.974365234375
6,81,81,112.15965,117.0,117.0,-4.8403472900390625,4.8403472900390625
6,82,82,112.40141,116.0,116.0,-3.5985870361328125,3.5985870361328125
6,83,83,112.01434,115.0,115.0,-2.98565673828125,2.98565673828125
6,84,84,113.27466,114.0,114.0,-0.725341796875,0.725341796875
6,85,85,112.82454,113.0,113.0,-0.1754608154296875,0.1754608154296875
6,86,86,113.235855,112.0,112.0,1.2358551025390625,1.2358551025390625
6,87,87,112.16845,111.0,111.0,1.1684494018554688,1.1684494018554688
6,88,88,113.07925,110.0,110.0,3.0792465209960938,3.0792465209960938
6,89,89,112.37987,109.0,109.0,3.3798675537109375,3.3798675537109375
6,90,90,112.39963,108.0,108.0,4.399627685546875,4.399627685546875
6,91,91,112.58919,107.0,107.0,5.5891876220703125,5.5891876220703125
6,92,92,113.63548,106.0,106.0,7.6354827880859375,7.6354827880859375
6,93,93,113.94742,105.0,105.0,8.947418212890625,8.947418212890625
6,94,94,113.944084,104.0,104.0,9.944084167480469,9.944084167480469
6,95,95,113.338806,103.0,103.0,10.33880615234375,10.33880615234375
6,96,96,112.54909,102.0,102.0,10.549087524414062,10.549087524414062
6,97,97,113.14048,101.0,101.0,12.140480041503906,12.140480041503906
6,98,98,113.4639,100.0,100.0,13.463897705078125,13.463897705078125
6,99,99,113.232704,99.0,99.0,14.232704162597656,14.232704162597656
6,100,100,112.078415,98.0,98.0,14.078414916992188,14.078414916992188
6,101,101,106.708466,97.0,97.0,9.708465576171875,9.708465576171875
6,102,102,95.79031,96.0,96.0,-0.209686279296875,0.209686279296875
6,103,103,107.281296,95.0,95.0,12.281295776367188,12.281295776367188
6,104,104,107.01376,94.0,94.0,13.013763427734375,13.013763427734375
6,105,105,111.11565,93.0,93.0,18.115646362304688,18.115646362304688
7,1,1,122.47272,250.0,125.0,-2.52728271484375,2.52728271484375
7,2,2,123.49767,249.0,125.0,-1.5023269653320312,1.5023269653320312
7,3,3,124.02168,248.0,125.0,-0.9783172607421875,0.9783172607421875
7,4,4,124.15628,247.0,125.0,-0.843719482421875,0.843719482421875
7,5,5,123.344505,246.0,125.0,-1.6554946899414062,1.6554946899414062
7,6,6,123.98195,245.0,125.0,-1.0180511474609375,1.0180511474609375
7,7,7,124.18059,244.0,125.0,-0.8194122314453125,0.8194122314453125
7,8,8,124.05653,243.0,125.0,-0.9434661865234375,0.9434661865234375
7,9,9,123.653,242.0,125.0,-1.3470001220703125,1.3470001220703125
7,10,10,123.897705,241.0,125.0,-1.102294921875,1.102294921875
7,11,11,123.64189,240.0,125.0,-1.3581085205078125,1.3581085205078125
7,12,12,124.020805,239.0,125.0,-0.9791946411132812,0.9791946411132812
7,13,13,124.145325,238.0,125.0,-0.85467529296875,0.85467529296875
7,14,14,124.12933,237.0,125.0,-0.87066650390625,0.87066650390625
7,15,15,124.1483,236.0,125.0,-0.8516998291015625,0.8516998291015625
7,16,16,123.96326,235.0,125.0,-1.0367431640625,1.0367431640625
7,17,17,123.85613,234.0,125.0,-1.1438674926757812,1.1438674926757812
7,18,18,124.184555,233.0,125.0,-0.8154449462890625,0.8154449462890625
7,19,19,124.08158,232.0,125.0,-0.9184188842773438,0.9184188842773438
7,20,20,123.90994,231.0,125.0,-1.090057373046875,1.090057373046875
7,21,21,124.17846,230.0,125.0,-0.8215408325195312,0.8215408325195312
7,22,22,124.25093,229.0,125.0,-0.7490692138671875,0.7490692138671875
7,23,23,124.01477,228.0,125.0,-0.9852294921875,0.9852294921875
7,24,24,123.542274,227.0,125.0,-1.4577255249023438,1.4577255249023438
7,25,25,123.719025,226.0,125.0,-1.280975341796875,1.280975341796875
7,26,26,123.99832,225.0,125.0,-1.001678466796875,1.001678466796875
7,27,27,124.06557,224.0,125.0,-0.9344329833984375,0.9344329833984375
7,28,28,123.796265,223.0,125.0,-1.2037353515625,1.2037353515625
7,29,29,123.58787,222.0,125.0,-1.4121322631835938,1.4121322631835938
7,30,30,123.53926,221.0,125.0,-1.4607391357421875,1.4607391357421875
7,31,31,123.05635,220.0,125.0,-1.9436492919921875,1.9436492919921875
7,32,32,123.50362,219.0,125.0,-1.4963836669921875,1.4963836669921875
7,33,33,123.69829,218.0,125.0,-1.3017120361328125,1.3017120361328125
7,34,34,123.53666,217.0,125.0,-1.4633407592773438,1.4633407592773438
7,35,35,123.70169,216.0,125.0,-1.298309326171875,1.298309326171875
7,36,36,122.04353,215.0,125.0,-2.9564666748046875,2.9564666748046875
7,37,37,121.59193,214.0,125.0,-3.4080734252929688,3.4080734252929688
7,38,38,122.05562,213.0,125.0,-2.9443817138671875,2.9443817138671875
7,39,39,122.23268,212.0,125.0,-2.7673187255859375,2.7673187255859375
7,40,40,122.53665,211.0,125.0,-2.463348388671875,2.463348388671875
7,41,41,122.04051,210.0,125.0,-2.9594879150390625,2.9594879150390625
7,42,42,122.35018,209.0,125.0,-2.6498184204101562,2.6498184204101562
7,43,43,122.44377,208.0,125.0,-2.5562286376953125,2.5562286376953125
7,44,44,121.65164,207.0,125.0,-3.348358154296875,3.348358154296875
7,45,45,122.37781,206.0,125.0,-2.6221923828125,2.6221923828125
7,46,46,123.092285,205.0,125.0,-1.90771484375,1.90771484375
7,47,47,122.52876,204.0,125.0,-2.4712371826171875,2.4712371826171875
7,48,48,121.985176,203.0,125.0,-3.0148239135742188,3.0148239135742188
7,49,49,122.06756,202.0,125.0,-2.9324417114257812,2.9324417114257812
7,50,50,122.14012,201.0,125.0,-2.8598785400390625,2.8598785400390625
7,51,51,123.01599,200.0,125.0,-1.9840087890625,1.9840087890625
7,52,52,123.70163,199.0,125.0,-1.298370361328125,1.298370361328125
7,53,53,123.43335,198.0,125.0,-1.566650390625,1.566650390625
7,54,54,123.863106,197.0,125.0,-1.1368942260742188,1.1368942260742188
7,55,55,123.59328,196.0,125.0,-1.4067230224609375,1.4067230224609375
7,56,56,122.91933,195.0,125.0,-2.0806732177734375,2.0806732177734375
7,57,57,123.381035,194.0,125.0,-1.6189651489257812,1.6189651489257812
7,58,58,123.24007,193.0,125.0,-1.7599334716796875,1.7599334716796875
7,59,59,123.43029,192.0,125.0,-1.5697097778320312,1.5697097778320312
7,60,60,123.24158,191.0,125.0,-1.7584228515625,1.7584228515625
7,61,61,123.61821,190.0,125.0,-1.3817901611328125,1.3817901611328125
7,62,62,123.621765,189.0,125.0,-1.37823486328125,1.37823486328125
7,63,63,123.93402,188.0,125.0,-1.06597900390625,1.06597900390625
7,64,64,123.72222,187.0,125.0,-1.2777786254882812,1.2777786254882812
7,65,65,123.74646,186.0,125.0,-1.2535400390625,1.2535400390625
7,66,66,123.6503,185.0,125.0,-1.349700927734375,1.349700927734375
7,67,67,123.23294,184.0,125.0,-1.767059326171875,1.767059326171875
7,68,68,123.37942,183.0,125.0,-1.6205825805664062,1.6205825805664062
7,69,69,123.07519,182.0,125.0,-1.9248123168945312,1.9248123168945312
7,70,70,124.02142,181.0,125.0,-0.97857666015625,0.97857666015625
7,71,71,123.90622,180.0,125.0,-1.093780517578125,1.093780517578125
7,72,72,124.15457,179.0,125.0,-0.845428466796875,0.845428466796875
7,73,73,123.191376,178.0,125.0,-1.808624267578125,1.808624267578125
7,74,74,122.67874,177.0,125.0,-2.321258544921875,2.321258544921875
7,75,75,122.778725,176.0,125.0,-2.2212753295898438,2.2212753295898438
7,76,76,123.53487,175.0,125.0,-1.4651336669921875,1.4651336669921875
7,77,77,122.04306,174.0,125.0,-2.956939697265625,2.956939697265625
7,78,78,122.703476,173.0,125.0,-2.2965240478515625,2.2965240478515625
7,79,79,122.39762,172.0,125.0,-2.6023788452148438,2.6023788452148438
7,80,80,122.50777,171.0,125.0,-2.4922332763671875,2.4922332763671875
7,81,81,122.127686,170.0,125.0,-2.872314453125,2.872314453125
7,82,82,122.42751,169.0,125.0,-2.5724868774414062,2.5724868774414062
7,83,83,121.87192,168.0,125.0,-3.128082275390625,3.128082275390625
7,84,84,122.01344,167.0,125.0,-2.9865570068359375,2.9865570068359375
7,85,85,123.00021,166.0,125.0,-1.999786376953125,1.999786376953125
7,86,86,122.707115,165.0,125.0,-2.2928848266601562,2.2928848266601562
7,87,87,121.39229,164.0,125.0,-3.6077117919921875,3.6077117919921875
7,88,88,121.534485,163.0,125.0,-3.46551513671875,3.46551513671875
7,89,89,120.47029,162.0,125.0,-4.5297088623046875,4.5297088623046875
7,90,90,120.45726,161.0,125.0,-4.5427398681640625,4.5427398681640625
7,91,91,121.35721,160.0,125.0,-3.642791748046875,3.642791748046875
7,92,92,122.431366,159.0,125.0,-2.568634033203125,2.568634033203125
7,93,93,122.50746,158.0,125.0,-2.4925384521484375,2.4925384521484375
7,94,94,121.40291,157.0,125.0,-3.5970916748046875,3.5970916748046875
7,95,95,122.41231,156.0,125.0,-2.5876922607421875,2.5876922607421875
7,96,96,121.807816,155.0,125.0,-3.1921844482421875,3.1921844482421875
7,97,97,121.236855,154.0,125.0,-3.7631454467773438,3.7631454467773438
7,98,98,121.10227,153.0,125.0,-3.8977279663085938,3.8977279663085938
7,99,99,120.69552,152.0,125.0,-4.304481506347656,4.304481506347656
7,100,100,120.40936,151.0,125.0,-4.59063720703125,4.59063720703125
7,101,101,119.45499,150.0,125.0,-5.545013427734375,5.545013427734375
7,102,102,121.42888,149.0,125.0,-3.5711212158203125,3.5711212158203125
7,103,103,120.30804,148.0,125.0,-4.691963195800781,4.691963195800781
7,104,104,120.89379,147.0,125.0,-4.106208801269531,4.106208801269531
7,105,105,122.28416,146.0,125.0,-2.7158432006835938,2.7158432006835938
7,106,106,122.70278,145.0,125.0,-2.2972183227539062,2.2972183227539062
7,107,107,121.402954,144.0,125.0,-3.5970458984375,3.5970458984375
7,108,108,121.31375,143.0,125.0,-3.686248779296875,3.686248779296875
7,109,109,122.27222,142.0,125.0,-2.727783203125,2.727783203125
7,110,110,121.81839,141.0,125.0,-3.181610107421875,3.181610107421875
7,111,111,119.80697,140.0,125.0,-5.193031311035156,5.193031311035156
7,112,112,119.90648,139.0,125.0,-5.0935211181640625,5.0935211181640625
7,113,113,118.38099,138.0,125.0,-6.619010925292969,6.619010925292969
7,114,114,117.564896,137.0,125.0,-7.4351043701171875,7.4351043701171875
7,115,115,118.01819,136.0,125.0,-6.9818115234375,6.9818115234375
7,116,116,120.97435,135.0,125.0,-4.0256500244140625,4.0256500244140625
7,117,117,119.70689,134.0,125.0,-5.293113708496094,5.293113708496094
7,118,118,117.85538,133.0,125.0,-7.144622802734375,7.144622802734375
7,119,119,110.146454,132.0,125.0,-14.853546142578125,14.853546142578125
7,120,120,109.244095,131.0,125.0,-15.755905151367188,15.755905151367188
7,121,121,113.34326,130.0,125.0,-11.65673828125,11.65673828125
7,122,122,115.91274,129.0,125.0,-9.087257385253906,9.087257385253906
7,123,123,117.67703,128.0,125.0,-7.322967529296875,7.322967529296875
7,124,124,118.04175,127.0,125.0,-6.958251953125,6.958251953125
7,125,125,118.34616,126.0,125.0,-6.653839111328125,6.653839111328125
7,126,126,114.75238,125.0,125.0,-10.24761962890625,10.24761962890625
7,127,127,115.23571,124.0,124.0,-8.764289855957031,8.764289855957031
7,128,128,115.37807,123.0,123.0,-7.6219329833984375,7.6219329833984375
7,129,129,115.22196,122.0,122.0,-6.778038024902344,6.778038024902344
7,130,130,115.112854,121.0,121.0,-5.88714599609375,5.88714599609375
7,131,131,115.93611,120.0,120.0,-4.0638885498046875,4.0638885498046875
7,132,132,113.58306,119.0,119.0,-5.416938781738281,5.416938781738281
7,133,133,111.023964,118.0,118.0,-6.976036071777344,6.976036071777344
7,134,134,113.776146,117.0,117.0,-3.2238540649414062,3.2238540649414062
7,135,135,117.366425,116.0,116.0,1.366424560546875,1.366424560546875
7,136,136,118.429535,115.0,115.0,3.429534912109375,3.429534912109375
7,137,137,116.31862,114.0,114.0,2.3186187744140625,2.3186187744140625
7,138,138,114.85826,113.0,113.0,1.8582611083984375,1.8582611083984375
7,139,139,117.51395,112.0,112.0,5.513946533203125,5.513946533203125
7,140,140,119.2175,111.0,111.0,8.217498779296875,8.217498779296875
7,141,141,114.17938,110.0,110.0,4.17938232421875,4.17938232421875
7,142,142,110.10839,109.0,109.0,1.1083908081054688,1.1083908081054688
7,143,143,105.536835,108.0,108.0,-2.463165283203125,2.463165283203125
7,144,144,100.429016,107.0,107.0,-6.57098388671875,6.57098388671875
7,145,145,93.82933,106.0,106.0,-12.170669555664062,12.170669555664062
7,146,146,100.39171,105.0,105.0,-4.6082916259765625,4.6082916259765625
7,147,147,97.39287,104.0,104.0,-6.6071319580078125,6.6071319580078125
7,148,148,96.37193,103.0,103.0,-6.6280670166015625,6.6280670166015625
7,149,149,95.93008,102.0,102.0,-6.069923400878906,6.069923400878906
7,150,150,92.46134,101.0,101.0,-8.538658142089844,8.538658142089844
7,151,151,101.24438,100.0,100.0,1.2443771362304688,1.2443771362304688
7,152,152,105.3731,99.0,99.0,6.373100280761719,6.373100280761719
7,153,153,104.982895,98.0,98.0,6.9828948974609375,6.9828948974609375
7,154,154,110.21095,97.0,97.0,13.210952758789062,13.210952758789062
7,155,155,111.19555,96.0,96.0,15.195549011230469,15.195549011230469
7,156,156,112.43882,95.0,95.0,17.438819885253906,17.438819885253906
7,157,157,115.71287,94.0,94.0,21.712867736816406,21.712867736816406
7,158,158,113.46855,93.0,93.0,20.468551635742188,20.468551635742188
7,159,159,109.68634,92.0,92.0,17.68634033203125,17.68634033203125
7,160,160,105.65744,91.0,91.0,14.657440185546875,14.657440185546875
8,1,1,122.7276,260.0,125.0,-2.27239990234375,2.27239990234375
8,2,2,121.994,259.0,125.0,-3.0059967041015625,3.0059967041015625
8,3,3,120.774025,258.0,125.0,-4.225975036621094,4.225975036621094
8,4,4,119.75215,257.0,125.0,-5.2478485107421875,5.2478485107421875
8,5,5,121.42989,256.0,125.0,-3.5701065063476562,3.5701065063476562
8,6,6,120.95649,255.0,125.0,-4.043510437011719,4.043510437011719
8,7,7,121.84174,254.0,125.0,-3.1582565307617188,3.1582565307617188
8,8,8,120.7974,253.0,125.0,-4.202598571777344,4.202598571777344
8,9,9,122.43477,252.0,125.0,-2.5652313232421875,2.5652313232421875
8,10,10,120.42716,251.0,125.0,-4.572837829589844,4.572837829589844
8,11,11,119.88756,250.0,125.0,-5.1124420166015625,5.1124420166015625
8,12,12,113.360535,249.0,125.0,-11.63946533203125,11.63946533203125
8,13,13,115.4856,248.0,125.0,-9.514396667480469,9.514396667480469
8,14,14,108.68063,247.0,125.0,-16.319366455078125,16.319366455078125
8,15,15,108.41221,246.0,125.0,-16.587791442871094,16.587791442871094
8,16,16,113.19525,245.0,125.0,-11.80474853515625,11.80474853515625
8,17,17,111.833176,244.0,125.0,-13.166824340820312,13.166824340820312
8,18,18,106.339325,243.0,125.0,-18.660675048828125,18.660675048828125
8,19,19,111.65525,242.0,125.0,-13.344749450683594,13.344749450683594
8,20,20,115.924515,241.0,125.0,-9.075485229492188,9.075485229492188
8,21,21,118.7014,240.0,125.0,-6.2985992431640625,6.2985992431640625
8,22,22,118.96321,239.0,125.0,-6.0367889404296875,6.0367889404296875
8,23,23,120.08695,238.0,125.0,-4.913047790527344,4.913047790527344
8,24,24,120.35634,237.0,125.0,-4.6436614990234375,4.6436614990234375
8,25,25,118.27968,236.0,125.0,-6.7203216552734375,6.7203216552734375
8,26,26,120.93326,235.0,125.0,-4.066741943359375,4.066741943359375
8,27,27,121.41918,234.0,125.0,-3.5808181762695312,3.5808181762695312
8,28,28,123.89653,233.0,125.0,-1.1034698486328125,1.1034698486328125
8,29,29,124.642624,232.0,125.0,-0.3573760986328125,0.3573760986328125
8,30,30,124.67235,231.0,125.0,-0.3276519775390625,0.3276519775390625
8,31,31,124.40241,230.0,125.0,-0.5975875854492188,0.5975875854492188
8,32,32,123.62666,229.0,125.0,-1.3733367919921875,1.3733367919921875
8,33,33,121.78788,228.0,125.0,-3.2121200561523438,3.2121200561523438
8,34,34,124.21456,227.0,125.0,-0.7854385375976562,0.7854385375976562
8,35,35,124.40326,226.0,125.0,-0.59674072265625,0.59674072265625
8,36,36,122.68079,225.0,125.0,-2.3192062377929688,2.3192062377929688
8,37,37,123.86551,224.0,125.0,-1.134490966796875,1.134490966796875
8,38,38,124.359566,223.0,125.0,-0.6404342651367188,0.6404342651367188
8,39,39,124.98996,222.0,125.0,-0.010040283203125,0.010040283203125
8,40,40,124.88728,221.0,125.0,-0.1127166748046875,0.1127166748046875
8,41,41,125.0,220.0,125.0,0.0,0.0
8,42,42,125.0,219.0,125.0,0.0,0.0
8,43,43,124.65149,218.0,125.0,-0.3485107421875,0.3485107421875
8,44,44,121.46991,217.0,125.0,-3.53009033203125,3.53009033203125
8,45,45,122.35255,216.0,125.0,-2.6474533081054688,2.6474533081054688
8,46,46,121.51364,215.0,125.0,-3.486358642578125,3.486358642578125
8,47,47,120.43889,214.0,125.0,-4.5611114501953125,4.5611114501953125
8,48,48,115.17293,213.0,125.0,-9.827072143554688,9.827072143554688
8,49,49,122.08981,212.0,125.0,-2.910186767578125,2.910186767578125
8,50,50,120.15477,211.0,125.0,-4.8452301025390625,4.8452301025390625
8,51,51,122.96026,210.0,125.0,-2.0397415161132812,2.0397415161132812
8,52,52,120.65747,209.0,125.0,-4.342529296875,4.342529296875
8,53,53,116.17199,208.0,125.0,-8.828010559082031,8.828010559082031
8,54,54,116.16347,207.0,125.0,-8.836532592773438,8.836532592773438
8,55,55,109.65177,206.0,125.0,-15.348228454589844,15.348228454589844
8,56,56,50.255695,205.0,125.0,-74.74430465698242,74.74430465698242
8,57,57,106.50044,204.0,125.0,-18.499557495117188,18.499557495117188
8,58,58,110.04073,203.0,125.0,-14.959266662597656,14.959266662597656
8,59,59,112.94799,202.0,125.0,-12.052009582519531,12.052009582519531
8,60,60,113.32944,201.0,125.0,-11.670562744140625,11.670562744140625
8,61,61,113.00716,200.0,125.0,-11.992843627929688,11.992843627929688
8,62,62,111.79845,199.0,125.0,-13.201553344726562,13.201553344726562
8,63,63,111.15851,198.0,125.0,-13.84149169921875,13.84149169921875
8,64,64,111.72775,197.0,125.0,-13.272247314453125,13.272247314453125
8,65,65,111.90723,196.0,125.0,-13.0927734375,13.0927734375
8,66,66,123.12874,195.0,125.0,-1.8712615966796875,1.8712615966796875
8,67,67,123.148125,194.0,125.0,-1.8518753051757812,1.8518753051757812
8,68,68,88.2661,193.0,125.0,-36.73390197753906,36.73390197753906
8,69,69,111.95242,192.0,125.0,-13.047576904296875,13.047576904296875
8,70,70,111.91312,191.0,125.0,-13.086883544921875,13.086883544921875
8,71,71,112.134964,190.0,125.0,-12.865036010742188,12.865036010742188
8,72,72,113.46687,189.0,125.0,-11.533126831054688,11.533126831054688
8,73,73,112.60817,188.0,125.0,-12.391830444335938,12.391830444335938
8,74,74,112.52547,187.0,125.0,-12.474533081054688,12.474533081054688
8,75,75,112.41604,186.0,125.0,-12.583961486816406,12.583961486816406
8,76,76,112.79464,185.0,125.0,-12.205360412597656,12.205360412597656
8,77,77,77.50332,184.0,125.0,-47.496681213378906,47.496681213378906
8,78,78,110.98147,183.0,125.0,-14.018531799316406,14.018531799316406
8,79,79,113.89256,182.0,125.0,-11.107437133789062,11.107437133789062
8,80,80,111.799355,181.0,125.0,-13.200645446777344,13.200645446777344
8,81,81,112.931854,180.0,125.0,-12.068145751953125,12.068145751953125
8,82,82,109.66091,179.0,125.0,-15.339088439941406,15.339088439941406
8,83,83,115.901405,178.0,125.0,-9.098594665527344,9.098594665527344
8,84,84,104.40616,177.0,125.0,-20.593841552734375,20.593841552734375
8,85,85,113.48582,176.0,125.0,-11.514183044433594,11.514183044433594
8,86,86,109.25976,175.0,125.0,-15.740242004394531,15.740242004394531
8,87,87,110.06963,174.0,125.0,-14.930366516113281,14.930366516113281
8,88,88,107.92302,173.0,125.0,-17.076980590820312,17.076980590820312
8,89,89,112.19266,172.0,125.0,-12.807342529296875,12.807342529296875
8,90,90,111.13665,171.0,125.0,-13.863349914550781,13.863349914550781
8,91,91,112.3654,170.0,125.0,-12.634597778320312,12.634597778320312
8,92,92,112.88941,169.0,125.0,-12.110588073730469,12.110588073730469
8,93,93,112.39669,168.0,125.0,-12.603309631347656,12.603309631347656
8,94,94,113.239876,167.0,125.0,-11.760124206542969,11.760124206542969
8,95,95,113.29438,166.0,125.0,-11.705619812011719,11.705619812011719
8,96,96,113.45591,165.0,125.0,-11.544090270996094,11.544090270996094
8,97,97,113.72068,164.0,125.0,-11.279319763183594,11.279319763183594
8,98,98,113.905975,163.0,125.0,-11.094024658203125,11.094024658203125
8,99,99,113.6874,162.0,125.0,-11.312599182128906,11.312599182128906
8,100,100,112.63786,161.0,125.0,-12.362136840820312,12.362136840820312
8,101,101,111.256615,160.0,125.0,-13.743385314941406,13.743385314941406
8,102,102,111.21704,159.0,125.0,-13.782958984375,13.782958984375
8,103,103,111.14134,158.0,125.0,-13.858657836914062,13.858657836914062
8,104,104,112.04039,157.0,125.0,-12.959609985351562,12.959609985351562
8,105,105,111.80116,156.0,125.0,-13.198837280273438,13.198837280273438
8,106,106,112.32189,155.0,125.0,-12.678108215332031,12.678108215332031
8,107,107,113.66163,154.0,125.0,-11.338371276855469,11.338371276855469
8,108,108,113.9842,153.0,125.0,-11.015800476074219,11.015800476074219
8,109,109,113.555954,152.0,125.0,-11.444046020507812,11.444046020507812
8,110,110,113.96314,151.0,125.0,-11.036857604980469,11.036857604980469
8,111,111,113.853645,150.0,125.0,-11.146354675292969,11.146354675292969
8,112,112,113.56006,149.0,125.0,-11.43994140625,11.43994140625
8,113,113,113.52551,148.0,125.0,-11.4744873046875,11.4744873046875
8,114,114,112.25725,147.0,125.0,-12.742752075195312,12.742752075195312
8,115,115,112.124405,146.0,125.0,-12.875595092773438,12.875595092773438
8,116,116,110.282585,145.0,125.0,-14.717414855957031,14.717414855957031
8,117,117,108.757996,144.0,125.0,-16.24200439453125,16.24200439453125
8,118,118,112.04035,143.0,125.0,-12.959648132324219,12.959648132324219
8,119,119,113.663506,142.0,125.0,-11.336494445800781,11.336494445800781
8,120,120,113.4375,141.0,125.0,-11.5625,11.5625
8,121,121,114.09335,140.0,125.0,-10.906646728515625,10.906646728515625
8,122,122,114.104095,139.0,125.0,-10.895904541015625,10.895904541015625
8,123,123,114.07974,138.0,125.0,-10.920257568359375,10.920257568359375
8,124,124,114.14752,137.0,125.0,-10.85247802734375,10.85247802734375
8,125,125,114.132095,136.0,125.0,-10.867904663085938,10.867904663085938
8,126,126,114.14073,135.0,125.0,-10.859268188476562,10.859268188476562
8,127,127,114.11105,134.0,125.0,-10.888946533203125,10.888946533203125
8,128,128,114.02481,133.0,125.0,-10.975189208984375,10.975189208984375
8,129,129,113.96038,132.0,125.0,-11.039619445800781,11.039619445800781
8,130,130,113.51424,131.0,125.0,-11.485763549804688,11.485763549804688
8,131,131,113.106125,130.0,125.0,-11.893875122070312,11.893875122070312
8,132,132,112.87565,129.0,125.0,-12.124351501464844,12.124351501464844
8,133,133,112.81818,128.0,125.0,-12.18182373046875,12.18182373046875
8,134,134,112.365135,127.0,125.0,-12.634864807128906,12.634864807128906
8,135,135,111.89646,126.0,125.0,-13.103538513183594,13.103538513183594
8,136,136,111.888405,125.0,125.0,-13.111595153808594,13.111595153808594
8,137,137,111.94472,124.0,124.0,-12.055282592773438,12.055282592773438
8,138,138,112.45147,123.0,123.0,-10.548530578613281,10.548530578613281
8,139,139,111.062,122.0,122.0,-10.938003540039062,10.938003540039062
8,140,140,112.39346,121.0,121.0,-8.606536865234375,8.606536865234375
8,141,141,111.72009,120.0,120.0,-8.2799072265625,8.2799072265625
8,142,142,112.85998,119.0,119.0,-6.140022277832031,6.140022277832031
8,143,143,113.04766,118.0,118.0,-4.952339172363281,4.952339172363281
8,144,144,113.3948,117.0,117.0,-3.6052017211914062,3.6052017211914062
8,145,145,112.28665,116.0,116.0,-3.713348388671875,3.713348388671875
8,146,146,104.83205,115.0,115.0,-10.167953491210938,10.167953491210938
8,147,147,105.2634,114.0,114.0,-8.736602783203125,8.736602783203125
8,148,148,112.15201,113.0,113.0,-0.847991943359375,0.847991943359375
8,149,149,111.69737,112.0,112.0,-0.3026275634765625,0.3026275634765625
8,150,150,112.648254,111.0,111.0,1.64825439453125,1.64825439453125
8,151,151,112.29429,110.0,110.0,2.2942886352539062,2.2942886352539062
8,152,152,111.39674,109.0,109.0,2.3967437744140625,2.3967437744140625
8,153,153,111.157745,108.0,108.0,3.157745361328125,3.157745361328125
8,154,154,110.6033,107.0,107.0,3.603302001953125,3.603302001953125
8,155,155,111.70221,106.0,106.0,5.70220947265625,5.70220947265625
8,156,156,112.5832,105.0,105.0,7.583198547363281,7.583198547363281
8,157,157,107.52028,104.0,104.0,3.5202789306640625,3.5202789306640625
8,158,158,109.76623,103.0,103.0,6.766227722167969,6.766227722167969
8,159,159,111.49693,102.0,102.0,9.496932983398438,9.496932983398438
8,160,160,106.68648,101.0,101.0,5.6864776611328125,5.6864776611328125
8,161,161,109.51877,100.0,100.0,9.518768310546875,9.518768310546875
8,162,162,109.76478,99.0,99.0,10.764778137207031,10.764778137207031
8,163,163,109.36594,98.0,98.0,11.365936279296875,11.365936279296875
8,164,164,110.94365,97.0,97.0,13.943649291992188,13.943649291992188
8,165,165,111.17369,96.0,96.0,15.173690795898438,15.173690795898438
8,166,166,108.98594,95.0,95.0,13.985939025878906,13.985939025878906
9,1,1,114.1994,165.0,125.0,-10.80059814453125,10.80059814453125
9,2,2,113.92723,164.0,125.0,-11.072769165039062,11.072769165039062
9,3,3,113.96061,163.0,125.0,-11.039390563964844,11.039390563964844
9,4,4,113.959625,162.0,125.0,-11.040374755859375,11.040374755859375
9,5,5,113.9385,161.0,125.0,-11.061500549316406,11.061500549316406
9,6,6,114.04771,160.0,125.0,-10.952293395996094,10.952293395996094
9,7,7,114.13214,159.0,125.0,-10.86785888671875,10.86785888671875
9,8,8,114.16029,158.0,125.0,-10.839706420898438,10.839706420898438
9,9,9,114.22538,157.0,125.0,-10.774620056152344,10.774620056152344
9,10,10,114.21073,156.0,125.0,-10.789268493652344,10.789268493652344
9,11,11,114.17742,155.0,125.0,-10.822578430175781,10.822578430175781
9,12,12,114.21615,154.0,125.0,-10.783851623535156,10.783851623535156
9,13,13,114.103676,153.0,125.0,-10.896324157714844,10.896324157714844
9,14,14,113.9543,152.0,125.0,-11.045700073242188,11.045700073242188
9,15,15,113.66405,151.0,125.0,-11.335952758789062,11.335952758789062
9,16,16,113.82175,150.0,125.0,-11.178253173828125,11.178253173828125
9,17,17,113.69359,149.0,125.0,-11.306411743164062,11.306411743164062
9,18,18,113.79233,148.0,125.0,-11.207672119140625,11.207672119140625
9,19,19,113.9051,147.0,125.0,-11.094902038574219,11.094902038574219
9,20,20,114.01112,146.0,125.0,-10.988876342773438,10.988876342773438
9,21,21,113.99884,145.0,125.0,-11.00115966796875,11.00115966796875
9,22,22,113.98047,144.0,125.0,-11.01953125,11.01953125
9,23,23,113.92543,143.0,125.0,-11.074569702148438,11.074569702148438
9,24,24,114.11338,142.0,125.0,-10.886619567871094,10.886619567871094
9,25,25,114.20885,141.0,125.0,-10.791152954101562,10.791152954101562
9,26,26,114.1055,140.0,125.0,-10.894500732421875,10.894500732421875
9,27,27,114.15431,139.0,125.0,-10.845687866210938,10.845687866210938
9,28,28,114.1812,138.0,125.0,-10.818801879882812,10.818801879882812
9,29,29,114.16739,137.0,125.0,-10.832611083984375,10.832611083984375
9,30,30,114.05173,136.0,125.0,-10.948272705078125,10.948272705078125
9,31,31,113.79355,135.0,125.0,-11.206451416015625,11.206451416015625
9,32,32,113.94835,134.0,125.0,-11.051651000976562,11.051651000976562
9,33,33,113.655945,133.0,125.0,-11.34405517578125,11.34405517578125
9,34,34,113.30971,132.0,125.0,-11.690292358398438,11.690292358398438
9,35,35,110.67033,131.0,125.0,-14.329673767089844,14.329673767089844
9,36,36,111.823166,130.0,125.0,-13.176834106445312,13.176834106445312
9,37,37,113.225334,129.0,125.0,-11.774665832519531,11.774665832519531
9,38,38,113.407455,128.0,125.0,-11.592544555664062,11.592544555664062
9,39,39,113.93467,127.0,125.0,-11.065330505371094,11.065330505371094
9,40,40,113.957344,126.0,125.0,-11.042655944824219,11.042655944824219
9,41,41,113.90954,125.0,125.0,-11.090461730957031,11.090461730957031
9,42,42,113.81692,124.0,124.0,-10.183082580566406,10.183082580566406
9,43,43,113.212326,123.0,123.0,-9.787673950195312,9.787673950195312
9,44,44,112.896835,122.0,122.0,-9.103164672851562,9.103164672851562
9,45,45,111.50927,121.0,121.0,-9.490730285644531,9.490730285644531
9,46,46,112.5186,120.0,120.0,-7.4813995361328125,7.4813995361328125
9,47,47,112.727516,119.0,119.0,-6.272483825683594,6.272483825683594
9,48,48,112.56491,118.0,118.0,-5.435089111328125,5.435089111328125
9,49,49,112.96816,117.0,117.0,-4.031837463378906,4.031837463378906
9,50,50,113.87863,116.0,116.0,-2.121368408203125,2.121368408203125
9,51,51,113.53122,115.0,115.0,-1.468780517578125,1.468780517578125
9,52,52,113.67189,114.0,114.0,-0.3281097412109375,0.3281097412109375
9,53,53,112.719315,113.0,113.0,-0.2806854248046875,0.2806854248046875
9,54,54,113.6373,112.0,112.0,1.637298583984375,1.637298583984375
9,55,55,113.65464,111.0,111.0,2.6546401977539062,2.6546401977539062
10,1,1,121.30042,287.0,125.0,-3.6995773315429688,3.6995773315429688
10,2,2,122.23343,286.0,125.0,-2.766571044921875,2.766571044921875
10,3,3,122.92151,285.0,125.0,-2.0784912109375,2.0784912109375
10,4,4,121.44168,284.0,125.0,-3.558319091796875,3.558319091796875
10,5,5,120.7349,283.0,125.0,-4.265098571777344,4.265098571777344
10,6,6,121.90283,282.0,125.0,-3.09716796875,3.09716796875
10,7,7,122.16673,281.0,125.0,-2.8332672119140625,2.8332672119140625
10,8,8,123.28466,280.0,125.0,-1.7153396606445312,1.7153396606445312
10,9,9,123.24712,279.0,125.0,-1.7528762817382812,1.7528762817382812
10,10,10,123.98888,278.0,125.0,-1.0111236572265625,1.0111236572265625
10,11,11,123.876396,277.0,125.0,-1.1236038208007812,1.1236038208007812
10,12,12,123.49049,276.0,125.0,-1.5095062255859375,1.5095062255859375
10,13,13,123.40614,275.0,125.0,-1.5938568115234375,1.5938568115234375
10,14,14,122.99919,274.0,125.0,-2.0008087158203125,2.0008087158203125
10,15,15,123.05803,273.0,125.0,-1.9419708251953125,1.9419708251953125
10,16,16,122.83734,272.0,125.0,-2.16265869140625,2.16265869140625
10,17,17,123.289536,271.0,125.0,-1.7104644775390625,1.7104644775390625
10,18,18,123.66855,270.0,125.0,-1.331451416015625,1.331451416015625
10,19,19,124.05462,269.0,125.0,-0.9453811645507812,0.9453811645507812
10,20,20,123.66301,268.0,125.0,-1.3369903564453125,1.3369903564453125
10,21,21,123.413414,267.0,125.0,-1.5865859985351562,1.5865859985351562
10,22,22,123.46567,266.0,125.0,-1.534332275390625,1.534332275390625
10,23,23,123.17162,265.0,125.0,-1.8283767700195312,1.8283767700195312
10,24,24,123.83754,264.0,125.0,-1.1624603271484375,1.1624603271484375
10,25,25,123.875885,263.0,125.0,-1.124114990234375,1.124114990234375
10,26,26,123.37097,262.0,125.0,-1.6290283203125,1.6290283203125
10,27,27,123.4562,261.0,125.0,-1.5438003540039062,1.5438003540039062
10,28,28,123.26207,260.0,125.0,-1.7379302978515625,1.7379302978515625
10,29,29,122.65854,259.0,125.0,-2.341461181640625,2.341461181640625
10,30,30,121.92943,258.0,125.0,-3.0705718994140625,3.0705718994140625
10,31,31,121.77448,257.0,125.0,-3.2255172729492188,3.2255172729492188
10,32,32,121.50833,256.0,125.0,-3.491668701171875,3.491668701171875
10,33,33,122.76459,255.0,125.0,-2.23541259765625,2.23541259765625
10,34,34,121.722015,254.0,125.0,-3.277984619140625,3.277984619140625
10,35,35,121.601944,253.0,125.0,-3.3980560302734375,3.3980560302734375
10,36,36,121.55676,252.0,125.0,-3.4432373046875,3.4432373046875
10,37,37,121.11562,251.0,125.0,-3.8843765258789062,3.8843765258789062
10,38,38,122.863754,250.0,125.0,-2.1362457275390625,2.1362457275390625
10,39,39,122.12097,249.0,125.0,-2.8790283203125,2.8790283203125
10,40,40,122.33632,248.0,125.0,-2.6636810302734375,2.6636810302734375
10,41,41,121.932755,247.0,125.0,-3.0672454833984375,3.0672454833984375
10,42,42,122.76729,246.0,125.0,-2.2327117919921875,2.2327117919921875
10,43,43,122.97235,245.0,125.0,-2.02764892578125,2.02764892578125
10,44,44,122.0995,244.0,125.0,-2.9004974365234375,2.9004974365234375
10,45,45,122.99366,243.0,125.0,-2.0063400268554688,2.0063400268554688
10,46,46,122.521515,242.0,125.0,-2.478485107421875,2.478485107421875
10,47,47,121.78435,241.0,125.0,-3.2156524658203125,3.2156524658203125
10,48,48,121.44627,240.0,125.0,-3.5537261962890625,3.5537261962890625
10,49,49,122.55824,239.0,125.0,-2.4417572021484375,2.4417572021484375
10,50,50,121.503395,238.0,125.0,-3.4966049194335938,3.4966049194335938
10,51,51,121.10391,237.0,125.0,-3.896087646484375,3.896087646484375
10,52,52,121.37518,236.0,125.0,-3.62481689453125,3.62481689453125
10,53,53,121.32724,235.0,125.0,-3.672760009765625,3.672760009765625
10,54,54,122.73172,234.0,125.0,-2.268280029296875,2.268280029296875
10,55,55,122.55214,233.0,125.0,-2.4478607177734375,2.4478607177734375
10,56,56,123.161736,232.0,125.0,-1.8382644653320312,1.8382644653320312
10,57,57,122.1167,231.0,125.0,-2.88330078125,2.88330078125
10,58,58,120.47231,230.0,125.0,-4.527687072753906,4.527687072753906
10,59,59,121.92798,229.0,125.0,-3.072021484375,3.072021484375
10,60,60,121.39734,228.0,125.0,-3.6026611328125,3.6026611328125
10,61,61,123.01394,227.0,125.0,-1.9860610961914062,1.9860610961914062
10,62,62,122.21811,226.0,125.0,-2.781890869140625,2.781890869140625
10,63,63,122.55959,225.0,125.0,-2.4404067993164062,2.4404067993164062
10,64,64,122.96658,224.0,125.0,-2.033416748046875,2.033416748046875
10,65,65,122.621475,223.0,125.0,-2.3785247802734375,2.3785247802734375
10,66,66,122.16243,222.0,125.0,-2.8375701904296875,2.8375701904296875
10,67,67,122.27092,221.0,125.0,-2.7290802001953125,2.7290802001953125
10,68,68,120.93041,220.0,125.0,-4.069587707519531,4.069587707519531
10,69,69,121.7834,219.0,125.0,-3.2165985107421875,3.2165985107421875
10,70,70,122.15735,218.0,125.0,-2.8426513671875,2.8426513671875
10,71,71,122.05435,217.0,125.0,-2.945648193359375,2.945648193359375
10,72,72,122.55607,216.0,125.0,-2.4439315795898438,2.4439315795898438
10,73,73,123.06346,215.0,125.0,-1.9365386962890625,1.9365386962890625
10,74,74,122.87629,214.0,125.0,-2.1237106323242188,2.1237106323242188
10,75,75,122.65012,213.0,125.0,-2.3498764038085938,2.3498764038085938
10,76,76,122.929794,212.0,125.0,-2.0702056884765625,2.0702056884765625
10,77,77,123.17981,211.0,125.0,-1.8201904296875,1.8201904296875
10,78,78,122.61953,210.0,125.0,-2.3804702758789062,2.3804702758789062
10,79,79,123.03255,209.0,125.0,-1.9674530029296875,1.9674530029296875
10,80,80,121.9987,208.0,125.0,-3.0012969970703125,3.0012969970703125
10,81,81,122.56131,207.0,125.0,-2.438690185546875,2.438690185546875
10,82,82,121.86755,206.0,125.0,-3.1324462890625,3.1324462890625
10,83,83,121.39417,205.0,125.0,-3.6058273315429688,3.6058273315429688
10,84,84,121.85151,204.0,125.0,-3.1484909057617188,3.1484909057617188
10,85,85,122.26705,203.0,125.0,-2.7329483032226562,2.7329483032226562
10,86,86,123.284225,202.0,125.0,-1.7157745361328125,1.7157745361328125
10,87,87,122.37736,201.0,125.0,-2.6226425170898438,2.6226425170898438
10,88,88,121.81009,200.0,125.0,-3.189910888671875,3.189910888671875
10,89,89,121.44113,199.0,125.0,-3.558868408203125,3.558868408203125
10,90,90,121.466324,198.0,125.0,-3.5336761474609375,3.5336761474609375
10,91,91,121.77133,197.0,125.0,-3.228668212890625,3.228668212890625
10,92,92,121.64447,196.0,125.0,-3.35552978515625,3.35552978515625
10,93,93,121.38501,195.0,125.0,-3.614990234375,3.614990234375
10,94,94,122.227554,194.0,125.0,-2.7724456787109375,2.7724456787109375
10,95,95,122.92256,193.0,125.0,-2.0774383544921875,2.0774383544921875
10,96,96,122.08548,192.0,125.0,-2.914520263671875,2.914520263671875
10,97,97,122.662476,191.0,125.0,-2.3375244140625,2.3375244140625
10,98,98,119.461,190.0,125.0,-5.53900146484375,5.53900146484375
10,99,99,119.31668,189.0,125.0,-5.683319091796875,5.683319091796875
10,100,100,120.88847,188.0,125.0,-4.1115264892578125,4.1115264892578125
10,101,101,121.6815,187.0,125.0,-3.3184967041015625,3.3184967041015625
10,102,102,120.59717,186.0,125.0,-4.40283203125,4.40283203125
10,103,103,121.34401,185.0,125.0,-3.6559906005859375,3.6559906005859375
10,104,104,118.46612,184.0,125.0,-6.533882141113281,6.533882141113281
10,105,105,115.731064,183.0,125.0,-9.268936157226562,9.268936157226562
10,106,106,114.39409,182.0,125.0,-10.605911254882812,10.605911254882812
10,107,107,116.17759,181.0,125.0,-8.822410583496094,8.822410583496094
10,108,108,116.216,180.0,125.0,-8.78399658203125,8.78399658203125
10,109,109,116.91954,179.0,125.0,-8.080459594726562,8.080459594726562
10,110,110,119.48456,178.0,125.0,-5.51544189453125,5.51544189453125
10,111,111,118.090225,177.0,125.0,-6.9097747802734375,6.9097747802734375
10,112,112,117.89883,176.0,125.0,-7.101173400878906,7.101173400878906
10,113,113,120.19878,175.0,125.0,-4.8012237548828125,4.8012237548828125
10,114,114,120.409,174.0,125.0,-4.59100341796875,4.59100341796875
10,115,115,121.46633,173.0,125.0,-3.5336685180664062,3.5336685180664062
10,116,116,120.035965,172.0,125.0,-4.9640350341796875,4.9640350341796875
10,117,117,121.583374,171.0,125.0,-3.4166259765625,3.4166259765625
10,118,118,119.38433,170.0,125.0,-5.615669250488281,5.615669250488281
10,119,119,118.196655,169.0,125.0,-6.8033447265625,6.8033447265625
10,120,120,116.80917,168.0,125.0,-8.190826416015625,8.190826416015625
10,121,121,117.987656,167.0,125.0,-7.0123443603515625,7.0123443603515625
10,122,122,121.282295,166.0,125.0,-3.7177047729492188,3.7177047729492188
10,123,123,121.51351,165.0,125.0,-3.4864883422851562,3.4864883422851562
10,124,124,121.69951,164.0,125.0,-3.3004913330078125,3.3004913330078125
10,125,125,120.61961,163.0,125.0,-4.3803863525390625,4.3803863525390625
10,126,126,121.155014,162.0,125.0,-3.8449859619140625,3.8449859619140625
10,127,127,120.63398,161.0,125.0,-4.366020202636719,4.366020202636719
10,128,128,120.685616,160.0,125.0,-4.314384460449219,4.314384460449219
10,129,129,115.4947,159.0,125.0,-9.505302429199219,9.505302429199219
10,130,130,117.58732,158.0,125.0,-7.412681579589844,7.412681579589844
10,131,131,115.57888,157.0,125.0,-9.421119689941406,9.421119689941406
10,132,132,112.45596,156.0,125.0,-12.544036865234375,12.544036865234375
10,133,133,113.82532,155.0,125.0,-11.1746826171875,11.1746826171875
10,134,134,112.40078,154.0,125.0,-12.599220275878906,12.599220275878906
10,135,135,110.120865,153.0,125.0,-14.879135131835938,14.879135131835938
10,136,136,108.0448,152.0,125.0,-16.9552001953125,16.9552001953125
10,137,137,107.17369,151.0,125.0,-17.826309204101562,17.826309204101562
10,138,138,109.647484,150.0,125.0,-15.352516174316406,15.352516174316406
10,139,139,109.956314,149.0,125.0,-15.043685913085938,15.043685913085938
10,140,140,112.26699,148.0,125.0,-12.733009338378906,12.733009338378906
10,141,141,112.794266,147.0,125.0,-12.205734252929688,12.205734252929688
10,142,142,111.04233,146.0,125.0,-13.957672119140625,13.957672119140625
10,143,143,117.709366,145.0,125.0,-7.2906341552734375,7.2906341552734375
10,144,144,117.6829,144.0,125.0,-7.317100524902344,7.317100524902344
10,145,145,119.26127,143.0,125.0,-5.738731384277344,5.738731384277344
10,146,146,120.00922,142.0,125.0,-4.99078369140625,4.99078369140625
10,147,147,120.60934,141.0,125.0,-4.390663146972656,4.390663146972656
10,148,148,118.44495,140.0,125.0,-6.5550537109375,6.5550537109375
10,149,149,118.06683,139.0,125.0,-6.93316650390625,6.93316650390625
10,150,150,109.99545,138.0,125.0,-15.004547119140625,15.004547119140625
10,151,151,114.901886,137.0,125.0,-10.098114013671875,10.098114013671875
10,152,152,114.80277,136.0,125.0,-10.197227478027344,10.197227478027344
10,153,153,116.91072,135.0,125.0,-8.089279174804688,8.089279174804688
10,154,154,116.825424,134.0,125.0,-8.174575805664062,8.174575805664062
10,155,155,115.78353,133.0,125.0,-9.216468811035156,9.216468811035156
10,156,156,117.06595,132.0,125.0,-7.934051513671875,7.934051513671875
10,157,157,116.116325,131.0,125.0,-8.883674621582031,8.883674621582031
10,158,158,115.44333,130.0,125.0,-9.556671142578125,9.556671142578125
10,159,159,113.53674,129.0,125.0,-11.4632568359375,11.4632568359375
10,160,160,111.69543,128.0,125.0,-13.304573059082031,13.304573059082031
10,161,161,101.574,127.0,125.0,-23.426002502441406,23.426002502441406
10,162,162,96.87525,126.0,125.0,-28.12474822998047,28.12474822998047
10,163,163,94.88597,125.0,125.0,-30.114028930664062,30.114028930664062
10,164,164,85.43449,124.0,124.0,-38.565513610839844,38.565513610839844
10,165,165,89.29631,123.0,123.0,-33.70368957519531,33.70368957519531
10,166,166,86.72305,122.0,122.0,-35.276947021484375,35.276947021484375
10,167,167,90.39772,121.0,121.0,-30.602279663085938,30.602279663085938
10,168,168,85.07167,120.0,120.0,-34.92832946777344,34.92832946777344
10,169,169,74.32329,119.0,119.0,-44.67671203613281,44.67671203613281
10,170,170,70.58894,118.0,118.0,-47.41105651855469,47.41105651855469
10,171,171,72.362854,117.0,117.0,-44.63714599609375,44.63714599609375
10,172,172,71.107704,116.0,116.0,-44.892295837402344,44.892295837402344
10,173,173,71.76575,115.0,115.0,-43.2342529296875,43.2342529296875
10,174,174,72.09212,114.0,114.0,-41.90788269042969,41.90788269042969
10,175,175,69.139175,113.0,113.0,-43.86082458496094,43.86082458496094
10,176,176,77.148796,112.0,112.0,-34.85120391845703,34.85120391845703
10,177,177,73.50027,111.0,111.0,-37.499732971191406,37.499732971191406
10,178,178,84.5851,110.0,110.0,-25.414901733398438,25.414901733398438
10,179,179,88.22865,109.0,109.0,-20.771347045898438,20.771347045898438
10,180,180,79.87104,108.0,108.0,-28.12895965576172,28.12895965576172
10,181,181,90.63524,107.0,107.0,-16.364761352539062,16.364761352539062
10,182,182,92.460785,106.0,106.0,-13.539215087890625,13.539215087890625
10,183,183,94.44758,105.0,105.0,-10.552421569824219,10.552421569824219
10,184,184,100.037155,104.0,104.0,-3.9628448486328125,3.9628448486328125
10,185,185,107.07819,103.0,103.0,4.078193664550781,4.078193664550781
10,186,186,109.59102,102.0,102.0,7.5910186767578125,7.5910186767578125
10,187,187,99.993286,101.0,101.0,-1.0067138671875,1.0067138671875
10,188,188,102.286285,100.0,100.0,2.286285400390625,2.286285400390625
10,189,189,91.991425,99.0,99.0,-7.008575439453125,7.008575439453125
10,190,190,93.16002,98.0,98.0,-4.8399810791015625,4.8399810791015625
10,191,191,95.45096,97.0,97.0,-1.549041748046875,1.549041748046875
10,192,192,90.00485,96.0,96.0,-5.995147705078125,5.995147705078125
11,1,1,92.545296,179.0,125.0,-32.45470428466797,32.45470428466797
11,2,2,97.53686,178.0,125.0,-27.46314239501953,27.46314239501953
11,3,3,101.7003,177.0,125.0,-23.299697875976562,23.299697875976562
11,4,4,105.407425,176.0,125.0,-19.592575073242188,19.592575073242188
11,5,5,107.53702,175.0,125.0,-17.462982177734375,17.462982177734375
11,6,6,108.5485,174.0,125.0,-16.451499938964844,16.451499938964844
11,7,7,109.390335,173.0,125.0,-15.609664916992188,15.609664916992188
11,8,8,109.96916,172.0,125.0,-15.030838012695312,15.030838012695312
11,9,9,110.980865,171.0,125.0,-14.019134521484375,14.019134521484375
11,10,10,112.00586,170.0,125.0,-12.994140625,12.994140625
11,11,11,112.45778,169.0,125.0,-12.542221069335938,12.542221069335938
11,12,12,112.718025,168.0,125.0,-12.281974792480469,12.281974792480469
11,13,13,112.83927,167.0,125.0,-12.160728454589844,12.160728454589844
11,14,14,113.15668,166.0,125.0,-11.84332275390625,11.84332275390625
11,15,15,113.49197,165.0,125.0,-11.508033752441406,11.508033752441406
11,16,16,113.64805,164.0,125.0,-11.351951599121094,11.351951599121094
11,17,17,113.67382,163.0,125.0,-11.326179504394531,11.326179504394531
11,18,18,113.730095,162.0,125.0,-11.269905090332031,11.269905090332031
11,19,19,113.86581,161.0,125.0,-11.134193420410156,11.134193420410156
11,20,20,113.941666,160.0,125.0,-11.058334350585938,11.058334350585938
11,21,21,113.980446,159.0,125.0,-11.019554138183594,11.019554138183594
11,22,22,113.8683,158.0,125.0,-11.131698608398438,11.131698608398438
11,23,23,113.91203,157.0,125.0,-11.087966918945312,11.087966918945312
11,24,24,113.899826,156.0,125.0,-11.100173950195312,11.100173950195312
11,25,25,113.89227,155.0,125.0,-11.10772705078125,11.10772705078125
11,26,26,113.789154,154.0,125.0,-11.210845947265625,11.210845947265625
11,27,27,113.71055,153.0,125.0,-11.289451599121094,11.289451599121094
11,28,28,113.54201,152.0,125.0,-11.457992553710938,11.457992553710938
11,29,29,113.475815,151.0,125.0,-11.524185180664062,11.524185180664062
11,30,30,113.36054,150.0,125.0,-11.639457702636719,11.639457702636719
11,31,31,112.758545,149.0,125.0,-12.241455078125,12.241455078125
11,32,32,111.465164,148.0,125.0,-13.534835815429688,13.534835815429688
11,33,33,111.90721,147.0,125.0,-13.092788696289062,13.092788696289062
11,34,34,112.95935,146.0,125.0,-12.0406494140625,12.0406494140625
11,35,35,112.97972,145.0,125.0,-12.020278930664062,12.020278930664062
11,36,36,113.33095,144.0,125.0,-11.669052124023438,11.669052124023438
11,37,37,113.138824,143.0,125.0,-11.861175537109375,11.861175537109375
11,38,38,113.59602,142.0,125.0,-11.403976440429688,11.403976440429688
11,39,39,113.29853,141.0,125.0,-11.701469421386719,11.701469421386719
11,40,40,112.7775,140.0,125.0,-12.222503662109375,12.222503662109375
11,41,41,113.292786,139.0,125.0,-11.70721435546875,11.70721435546875
11,42,42,112.68201,138.0,125.0,-12.3179931640625,12.3179931640625
11,43,43,112.78122,137.0,125.0,-12.218780517578125,12.218780517578125
11,44,44,112.98289,136.0,125.0,-12.017112731933594,12.017112731933594
11,45,45,113.51435,135.0,125.0,-11.485649108886719,11.485649108886719
11,46,46,113.623856,134.0,125.0,-11.376144409179688,11.376144409179688
11,47,47,113.46767,133.0,125.0,-11.532333374023438,11.532333374023438
11,48,48,112.820694,132.0,125.0,-12.179306030273438,12.179306030273438
11,49,49,112.73227,131.0,125.0,-12.267730712890625,12.267730712890625
11,50,50,111.99367,130.0,125.0,-13.006332397460938,13.006332397460938
11,51,51,111.490135,129.0,125.0,-13.509864807128906,13.509864807128906
11,52,52,111.19961,128.0,125.0,-13.800392150878906,13.800392150878906
11,53,53,110.24312,127.0,125.0,-14.756881713867188,14.756881713867188
11,54,54,110.090675,126.0,125.0,-14.909324645996094,14.909324645996094
11,55,55,108.770645,125.0,125.0,-16.229354858398438,16.229354858398438
11,56,56,108.12395,124.0,124.0,-15.876052856445312,15.876052856445312
11,57,57,107.456955,123.0,123.0,-15.543045043945312,15.543045043945312
11,58,58,108.893135,122.0,122.0,-13.106864929199219,13.106864929199219
11,59,59,111.35398,121.0,121.0,-9.646018981933594,9.646018981933594
11,60,60,108.14134,120.0,120.0,-11.858657836914062,11.858657836914062
11,61,61,104.64247,119.0,119.0,-14.357528686523438,14.357528686523438
11,62,62,95.9794,118.0,118.0,-22.020599365234375,22.020599365234375
11,63,63,91.37565,117.0,117.0,-25.624351501464844,25.624351501464844
11,64,64,91.86083,116.0,116.0,-24.13916778564453,24.13916778564453
11,65,65,99.79405,115.0,115.0,-15.205947875976562,15.205947875976562
11,66,66,106.32536,114.0,114.0,-7.6746368408203125,7.6746368408203125
11,67,67,105.02969,113.0,113.0,-7.970306396484375,7.970306396484375
11,68,68,107.616745,112.0,112.0,-4.3832550048828125,4.3832550048828125
11,69,69,107.34895,111.0,111.0,-3.6510467529296875,3.6510467529296875
11,70,70,106.93318,110.0,110.0,-3.0668182373046875,3.0668182373046875
11,71,71,109.52243,109.0,109.0,0.522430419921875,0.522430419921875
11,72,72,110.66974,108.0,108.0,2.66973876953125,2.66973876953125
11,73,73,109.870865,107.0,107.0,2.8708648681640625,2.8708648681640625
11,74,74,109.093315,106.0,106.0,3.0933151245117188,3.0933151245117188
11,75,75,109.93901,105.0,105.0,4.9390106201171875,4.9390106201171875
11,76,76,109.76157,104.0,104.0,5.761573791503906,5.761573791503906
11,77,77,109.38946,103.0,103.0,6.389457702636719,6.389457702636719
11,78,78,108.07355,102.0,102.0,6.07354736328125,6.07354736328125
11,79,79,107.62142,101.0,101.0,6.621421813964844,6.621421813964844
11,80,80,95.436775,100.0,100.0,-4.563224792480469,4.563224792480469
11,81,81,91.757576,99.0,99.0,-7.242424011230469,7.242424011230469
11,82,82,86.88963,98.0,98.0,-11.110366821289062,11.110366821289062
11,83,83,83.0742,97.0,97.0,-13.925796508789062,13.925796508789062
12,1,1,122.71571,340.0,125.0,-2.2842864990234375,2.2842864990234375
12,2,2,123.50279,339.0,125.0,-1.4972076416015625,1.4972076416015625
12,3,3,123.68753,338.0,125.0,-1.312469482421875,1.312469482421875
12,4,4,123.612564,337.0,125.0,-1.3874359130859375,1.3874359130859375
12,5,5,123.81733,336.0,125.0,-1.1826705932617188,1.1826705932617188
12,6,6,123.76178,335.0,125.0,-1.23822021484375,1.23822021484375
12,7,7,123.521286,334.0,125.0,-1.4787139892578125,1.4787139892578125
12,8,8,123.33147,333.0,125.0,-1.6685333251953125,1.6685333251953125
12,9,9,123.251976,332.0,125.0,-1.7480239868164062,1.7480239868164062
12,10,10,123.546814,331.0,125.0,-1.45318603515625,1.45318603515625
12,11,11,123.735596,330.0,125.0,-1.264404296875,1.264404296875
12,12,12,123.94438,329.0,125.0,-1.0556182861328125,1.0556182861328125
12,13,13,124.18436,328.0,125.0,-0.815643310546875,0.815643310546875
12,14,14,124.17032,327.0,125.0,-0.829681396484375,0.829681396484375
12,15,15,124.09708,326.0,125.0,-0.902923583984375,0.902923583984375
12,16,16,123.95479,325.0,125.0,-1.0452117919921875,1.0452117919921875
12,17,17,124.181305,324.0,125.0,-0.818695068359375,0.818695068359375
12,18,18,124.14443,323.0,125.0,-0.8555679321289062,0.8555679321289062
12,19,19,124.23859,322.0,125.0,-0.76141357421875,0.76141357421875
12,20,20,124.14237,321.0,125.0,-0.8576278686523438,0.8576278686523438
12,21,21,123.80252,320.0,125.0,-1.197479248046875,1.197479248046875
12,22,22,123.81667,319.0,125.0,-1.1833267211914062,1.1833267211914062
12,23,23,123.81919,318.0,125.0,-1.1808090209960938,1.1808090209960938
12,24,24,123.86214,317.0,125.0,-1.1378631591796875,1.1378631591796875
12,25,25,122.9848,316.0,125.0,-2.01519775390625,2.01519775390625
12,26,26,122.76714,315.0,125.0,-2.2328567504882812,2.2328567504882812
12,27,27,122.4304,314.0,125.0,-2.5696029663085938,2.5696029663085938
12,28,28,121.97134,313.0,125.0,-3.0286636352539062,3.0286636352539062
12,29,29,123.29313,312.0,125.0,-1.7068710327148438,1.7068710327148438
12,30,30,123.49565,311.0,125.0,-1.5043487548828125,1.5043487548828125
12,31,31,122.64999,310.0,125.0,-2.3500137329101562,2.3500137329101562
12,32,32,123.02989,309.0,125.0,-1.9701080322265625,1.9701080322265625
12,33,33,123.30623,308.0,125.0,-1.6937713623046875,1.6937713623046875
12,34,34,123.535324,307.0,125.0,-1.4646759033203125,1.4646759033203125
12,35,35,122.916504,306.0,125.0,-2.08349609375,2.08349609375
12,36,36,123.72847,305.0,125.0,-1.2715301513671875,1.2715301513671875
12,37,37,123.73912,304.0,125.0,-1.2608795166015625,1.2608795166015625
12,38,38,123.380516,303.0,125.0,-1.6194839477539062,1.6194839477539062
12,39,39,123.7417,302.0,125.0,-1.25830078125,1.25830078125
12,40,40,124.03955,301.0,125.0,-0.96044921875,0.96044921875
12,41,41,123.875565,300.0,125.0,-1.1244354248046875,1.1244354248046875
12,42,42,123.593895,299.0,125.0,-1.4061050415039062,1.4061050415039062
12,43,43,123.82483,298.0,125.0,-1.1751708984375,1.1751708984375
12,44,44,123.71995,297.0,125.0,-1.2800521850585938,1.2800521850585938
12,45,45,123.68565,296.0,125.0,-1.3143463134765625,1.3143463134765625
12,46,46,123.40624,295.0,125.0,-1.5937576293945312,1.5937576293945312
12,47,47,123.69205,294.0,125.0,-1.307952880859375,1.307952880859375
12,48,48,123.204704,293.0,125.0,-1.7952957153320312,1.7952957153320312
12,49,49,123.57991,292.0,125.0,-1.4200897216796875,1.4200897216796875
12,50,50,123.20948,291.0,125.0,-1.7905197143554688,1.7905197143554688
12,51,51,122.621216,290.0,125.0,-2.3787841796875,2.3787841796875
12,52,52,123.10501,289.0,125.0,-1.894989013671875,1.894989013671875
12,53,53,123.75723,288.0,125.0,-1.242767333984375,1.242767333984375
12,54,54,124.146286,287.0,125.0,-0.8537139892578125,0.8537139892578125
12,55,55,123.61789,286.0,125.0,-1.382110595703125,1.382110595703125
12,56,56,124.134735,285.0,125.0,-0.865264892578125,0.865264892578125
12,57,57,123.9679,284.0,125.0,-1.0320968627929688,1.0320968627929688
12,58,58,123.449554,283.0,125.0,-1.550445556640625,1.550445556640625
12,59,59,123.98687,282.0,125.0,-1.0131301879882812,1.0131301879882812
12,60,60,123.987076,281.0,125.0,-1.0129241943359375,1.0129241943359375
12,61,61,123.20751,280.0,125.0,-1.7924880981445312,1.7924880981445312
12,62,62,122.687126,279.0,125.0,-2.3128738403320312,2.3128738403320312
12,63,63,122.87264,278.0,125.0,-2.1273574829101562,2.1273574829101562
12,64,64,121.83562,277.0,125.0,-3.1643829345703125,3.1643829345703125
12,65,65,122.4179,276.0,125.0,-2.5820999145507812,2.5820999145507812
12,66,66,122.95372,275.0,125.0,-2.0462799072265625,2.0462799072265625
12,67,67,123.43738,274.0,125.0,-1.5626220703125,1.5626220703125
12,68,68,122.79374,273.0,125.0,-2.2062606811523438,2.2062606811523438
12,69,69,122.484726,272.0,125.0,-2.5152740478515625,2.5152740478515625
12,70,70,122.304794,271.0,125.0,-2.6952056884765625,2.6952056884765625
12,71,71,121.12676,270.0,125.0,-3.8732376098632812,3.8732376098632812
12,72,72,120.64131,269.0,125.0,-4.3586883544921875,4.3586883544921875
12,73,73,120.74548,268.0,125.0,-4.2545166015625,4.2545166015625
12,74,74,121.39404,267.0,125.0,-3.60595703125,3.60595703125
12,75,75,121.15548,266.0,125.0,-3.8445205688476562,3.8445205688476562
12,76,76,120.39043,265.0,125.0,-4.6095733642578125,4.6095733642578125
12,77,77,121.46149,264.0,125.0,-3.53851318359375,3.53851318359375
12,78,78,120.0988,263.0,125.0,-4.9011993408203125,4.9011993408203125
12,79,79,121.65576,262.0,125.0,-3.34423828125,3.34423828125
12,80,80,122.00214,261.0,125.0,-2.99786376953125,2.99786376953125
12,81,81,122.15868,260.0,125.0,-2.8413162231445312,2.8413162231445312
12,82,82,123.04513,259.0,125.0,-1.9548721313476562,1.9548721313476562
12,83,83,122.67784,258.0,125.0,-2.3221588134765625,2.3221588134765625
12,84,84,122.14589,257.0,125.0,-2.8541107177734375,2.8541107177734375
12,85,85,123.16788,256.0,125.0,-1.832122802734375,1.832122802734375
12,86,86,122.41754,255.0,125.0,-2.58245849609375,2.58245849609375
12,87,87,122.75671,254.0,125.0,-2.2432937622070312,2.2432937622070312
12,88,88,123.14302,253.0,125.0,-1.8569793701171875,1.8569793701171875
12,89,89,122.692345,252.0,125.0,-2.3076553344726562,2.3076553344726562
12,90,90,123.69833,251.0,125.0,-1.301666259765625,1.301666259765625
12,91,91,122.66405,250.0,125.0,-2.3359527587890625,2.3359527587890625
12,92,92,121.68865,249.0,125.0,-3.3113479614257812,3.3113479614257812
12,93,93,122.44089,248.0,125.0,-2.559112548828125,2.559112548828125
12,94,94,121.43247,247.0,125.0,-3.5675277709960938,3.5675277709960938
12,95,95,120.48332,246.0,125.0,-4.5166778564453125,4.5166778564453125
12,96,96,120.29785,245.0,125.0,-4.7021484375,4.7021484375
12,97,97,122.18804,244.0,125.0,-2.8119583129882812,2.8119583129882812
12,98,98,122.396935,243.0,125.0,-2.6030654907226562,2.6030654907226562
12,99,99,122.51596,242.0,125.0,-2.484039306640625,2.484039306640625
12,100,100,122.09683,241.0,125.0,-2.903167724609375,2.903167724609375
12,101,101,122.56902,240.0,125.0,-2.4309768676757812,2.4309768676757812
12,102,102,122.35689,239.0,125.0,-2.6431121826171875,2.6431121826171875
12,103,103,123.2302,238.0,125.0,-1.7697982788085938,1.7697982788085938
12,104,104,123.43807,237.0,125.0,-1.5619277954101562,1.5619277954101562
12,105,105,123.324684,236.0,125.0,-1.6753158569335938,1.6753158569335938
12,106,106,123.6598,235.0,125.0,-1.3402023315429688,1.3402023315429688
12,107,107,123.42092,234.0,125.0,-1.5790786743164062,1.5790786743164062
12,108,108,123.52169,233.0,125.0,-1.4783096313476562,1.4783096313476562
12,109,109,123.411705,232.0,125.0,-1.5882949829101562,1.5882949829101562
12,110,110,122.65137,231.0,125.0,-2.3486328125,2.3486328125
12,111,111,122.30002,230.0,125.0,-2.699981689453125,2.699981689453125
12,112,112,123.220764,229.0,125.0,-1.77923583984375,1.77923583984375
12,113,113,123.17122,228.0,125.0,-1.8287811279296875,1.8287811279296875
12,114,114,122.96063,227.0,125.0,-2.03936767578125,2.03936767578125
12,115,115,120.76984,226.0,125.0,-4.23016357421875,4.23016357421875
12,116,116,120.20738,225.0,125.0,-4.7926177978515625,4.7926177978515625
12,117,117,121.718636,224.0,125.0,-3.2813644409179688,3.2813644409179688
12,118,118,122.834564,223.0,125.0,-2.165435791015625,2.165435791015625
12,119,119,120.98277,222.0,125.0,-4.0172271728515625,4.0172271728515625
12,120,120,122.16448,221.0,125.0,-2.8355178833007812,2.8355178833007812
12,121,121,122.66378,220.0,125.0,-2.3362197875976562,2.3362197875976562
12,122,122,120.867386,219.0,125.0,-4.1326141357421875,4.1326141357421875
12,123,123,121.9216,218.0,125.0,-3.078399658203125,3.078399658203125
12,124,124,120.94507,217.0,125.0,-4.054931640625,4.054931640625
12,125,125,121.07991,216.0,125.0,-3.9200897216796875,3.9200897216796875
12,126,126,121.51346,215.0,125.0,-3.486541748046875,3.486541748046875
12,127,127,122.7807,214.0,125.0,-2.21929931640625,2.21929931640625
12,128,128,122.47392,213.0,125.0,-2.5260772705078125,2.5260772705078125
12,129,129,120.74542,212.0,125.0,-4.25457763671875,4.25457763671875
12,130,130,120.76672,211.0,125.0,-4.2332763671875,4.2332763671875
12,131,131,122.00597,210.0,125.0,-2.9940338134765625,2.9940338134765625
12,132,132,120.981895,209.0,125.0,-4.018104553222656,4.018104553222656
12,133,133,122.34129,208.0,125.0,-2.6587066650390625,2.6587066650390625
12,134,134,122.59757,207.0,125.0,-2.4024276733398438,2.4024276733398438
12,135,135,122.45677,206.0,125.0,-2.5432281494140625,2.5432281494140625
12,136,136,121.89958,205.0,125.0,-3.1004180908203125,3.1004180908203125
12,137,137,122.25644,204.0,125.0,-2.743560791015625,2.743560791015625
12,138,138,121.947205,203.0,125.0,-3.05279541015625,3.05279541015625
12,139,139,121.64372,202.0,125.0,-3.3562774658203125,3.3562774658203125
12,140,140,121.82498,201.0,125.0,-3.175018310546875,3.175018310546875
12,141,141,121.33331,200.0,125.0,-3.66668701171875,3.66668701171875
12,142,142,122.987816,199.0,125.0,-2.0121841430664062,2.0121841430664062
12,143,143,122.52759,198.0,125.0,-2.472412109375,2.472412109375
12,144,144,122.48955,197.0,125.0,-2.5104522705078125,2.5104522705078125
12,145,145,120.21097,196.0,125.0,-4.789031982421875,4.789031982421875
12,146,146,120.027214,195.0,125.0,-4.972785949707031,4.972785949707031
12,147,147,119.90977,194.0,125.0,-5.090232849121094,5.090232849121094
12,148,148,120.3383,193.0,125.0,-4.6616973876953125,4.6616973876953125
12,149,149,116.82446,192.0,125.0,-8.175537109375,8.175537109375
12,150,150,116.49448,191.0,125.0,-8.505523681640625,8.505523681640625
12,151,151,117.0719,190.0,125.0,-7.9281005859375,7.9281005859375
12,152,152,111.958984,189.0,125.0,-13.041015625,13.041015625
12,153,153,114.4785,188.0,125.0,-10.521499633789062,10.521499633789062
12,154,154,114.33247,187.0,125.0,-10.667526245117188,10.667526245117188
12,155,155,115.86619,186.0,125.0,-9.133811950683594,9.133811950683594
12,156,156,116.96421,185.0,125.0,-8.035789489746094,8.035789489746094
12,157,157,117.16527,184.0,125.0,-7.8347320556640625,7.8347320556640625
12,158,158,113.69346,183.0,125.0,-11.306541442871094,11.306541442871094
12,159,159,113.885284,182.0,125.0,-11.114715576171875,11.114715576171875
12,160,160,116.811325,181.0,125.0,-8.188674926757812,8.188674926757812
12,161,161,116.150116,180.0,125.0,-8.849884033203125,8.849884033203125
12,162,162,112.75925,179.0,125.0,-12.240753173828125,12.240753173828125
12,163,163,114.10227,178.0,125.0,-10.897727966308594,10.897727966308594
12,164,164,111.531586,177.0,125.0,-13.468414306640625,13.468414306640625
12,165,165,114.41171,176.0,125.0,-10.588287353515625,10.588287353515625
12,166,166,110.39226,175.0,125.0,-14.607742309570312,14.607742309570312
12,167,167,113.976845,174.0,125.0,-11.023155212402344,11.023155212402344
12,168,168,113.209564,173.0,125.0,-11.790435791015625,11.790435791015625
12,169,169,114.118484,172.0,125.0,-10.881515502929688,10.881515502929688
12,170,170,118.18232,171.0,125.0,-6.817680358886719,6.817680358886719
12,171,171,118.17868,170.0,125.0,-6.821319580078125,6.821319580078125
12,172,172,120.89368,169.0,125.0,-4.1063232421875,4.1063232421875
12,173,173,120.75641,168.0,125.0,-4.24359130859375,4.24359130859375
12,174,174,120.73533,167.0,125.0,-4.264671325683594,4.264671325683594
12,175,175,119.90815,166.0,125.0,-5.091850280761719,5.091850280761719
12,176,176,121.38101,165.0,125.0,-3.618988037109375,3.618988037109375
12,177,177,121.427025,164.0,125.0,-3.5729751586914062,3.5729751586914062
12,178,178,121.957756,163.0,125.0,-3.0422439575195312,3.0422439575195312
12,179,179,121.06781,162.0,125.0,-3.93218994140625,3.93218994140625
12,180,180,121.67331,161.0,125.0,-3.326690673828125,3.326690673828125
12,181,181,121.4057,160.0,125.0,-3.59429931640625,3.59429931640625
12,182,182,119.01357,159.0,125.0,-5.986427307128906,5.986427307128906
12,183,183,117.33216,158.0,125.0,-7.667839050292969,7.667839050292969
12,184,184,114.91023,157.0,125.0,-10.089767456054688,10.089767456054688
12,185,185,111.99101,156.0,125.0,-13.008987426757812,13.008987426757812
12,186,186,111.46044,155.0,125.0,-13.539558410644531,13.539558410644531
12,187,187,112.70554,154.0,125.0,-12.294456481933594,12.294456481933594
12,188,188,104.19086,153.0,125.0,-20.80914306640625,20.80914306640625
12,189,189,100.440186,152.0,125.0,-24.559814453125,24.559814453125
12,190,190,99.587875,151.0,125.0,-25.412124633789062,25.412124633789062
12,191,191,101.54891,150.0,125.0,-23.451087951660156,23.451087951660156
12,192,192,97.87987,149.0,125.0,-27.120132446289062,27.120132446289062
12,193,193,103.63698,148.0,125.0,-21.363021850585938,21.363021850585938
12,194,194,88.92091,147.0,125.0,-36.07908630371094,36.07908630371094
12,195,195,87.83285,146.0,125.0,-37.167152404785156,37.167152404785156
12,196,196,78.36537,145.0,125.0,-46.63462829589844,46.63462829589844
12,197,197,88.43227,144.0,125.0,-36.56773376464844,36.56773376464844
12,198,198,89.32254,143.0,125.0,-35.677459716796875,35.677459716796875
12,199,199,85.433205,142.0,125.0,-39.566795349121094,39.566795349121094
12,200,200,91.129135,141.0,125.0,-33.87086486816406,33.87086486816406
12,201,201,98.85423,140.0,125.0,-26.145767211914062,26.145767211914062
12,202,202,101.494064,139.0,125.0,-23.505935668945312,23.505935668945312
12,203,203,105.157135,138.0,125.0,-19.842864990234375,19.842864990234375
12,204,204,104.43582,137.0,125.0,-20.564178466796875,20.564178466796875
12,205,205,100.82391,136.0,125.0,-24.17608642578125,24.17608642578125
12,206,206,105.10796,135.0,125.0,-19.89203643798828,19.89203643798828
12,207,207,108.99761,134.0,125.0,-16.00238800048828,16.00238800048828
12,208,208,113.32601,133.0,125.0,-11.673988342285156,11.673988342285156
12,209,209,116.511284,132.0,125.0,-8.488716125488281,8.488716125488281
12,210,210,119.93044,131.0,125.0,-5.069557189941406,5.069557189941406
12,211,211,120.96301,130.0,125.0,-4.0369873046875,4.0369873046875
12,212,212,118.875084,129.0,125.0,-6.124916076660156,6.124916076660156
12,213,213,119.249695,128.0,125.0,-5.75030517578125,5.75030517578125
12,214,214,114.98725,127.0,125.0,-10.012748718261719,10.012748718261719
12,215,215,112.72434,126.0,125.0,-12.275657653808594,12.275657653808594
12,216,216,112.10452,125.0,125.0,-12.895477294921875,12.895477294921875
12,217,217,106.12698,124.0,124.0,-17.873016357421875,17.873016357421875
13,1,1,122.329346,289.0,125.0,-2.670654296875,2.670654296875
13,2,2,123.439804,288.0,125.0,-1.5601959228515625,1.5601959228515625
13,3,3,123.616455,287.0,125.0,-1.383544921875,1.383544921875
13,4,4,123.45787,286.0,125.0,-1.5421295166015625,1.5421295166015625
13,5,5,123.79172,285.0,125.0,-1.208282470703125,1.208282470703125
13,6,6,123.745605,284.0,125.0,-1.25439453125,1.25439453125
13,7,7,124.09237,283.0,125.0,-0.9076309204101562,0.9076309204101562
13,8,8,123.4673,282.0,125.0,-1.5326995849609375,1.5326995849609375
13,9,9,123.29371,281.0,125.0,-1.7062911987304688,1.7062911987304688
13,10,10,123.07831,280.0,125.0,-1.92169189453125,1.92169189453125
13,11,11,123.408295,279.0,125.0,-1.591705322265625,1.591705322265625
13,12,12,122.4122,278.0,125.0,-2.587799072265625,2.587799072265625
13,13,13,123.276375,277.0,125.0,-1.7236251831054688,1.7236251831054688
13,14,14,123.21526,276.0,125.0,-1.7847366333007812,1.7847366333007812
13,15,15,123.84725,275.0,125.0,-1.1527481079101562,1.1527481079101562
13,16,16,123.52376,274.0,125.0,-1.4762420654296875,1.4762420654296875
13,17,17,123.89313,273.0,125.0,-1.10687255859375,1.10687255859375
13,18,18,123.83755,272.0,125.0,-1.1624526977539062,1.1624526977539062
13,19,19,124.08915,271.0,125.0,-0.9108505249023438,0.9108505249023438
13,20,20,124.221115,270.0,125.0,-0.7788848876953125,0.7788848876953125
13,21,21,123.97804,269.0,125.0,-1.0219573974609375,1.0219573974609375
13,22,22,123.67256,268.0,125.0,-1.3274383544921875,1.3274383544921875
13,23,23,123.857445,267.0,125.0,-1.1425552368164062,1.1425552368164062
13,24,24,123.7115,266.0,125.0,-1.2884979248046875,1.2884979248046875
13,25,25,123.48903,265.0,125.0,-1.5109710693359375,1.5109710693359375
13,26,26,123.000534,264.0,125.0,-1.9994659423828125,1.9994659423828125
13,27,27,123.43059,263.0,125.0,-1.5694122314453125,1.5694122314453125
13,28,28,123.2978,262.0,125.0,-1.7022018432617188,1.7022018432617188
13,29,29,123.62889,261.0,125.0,-1.3711090087890625,1.3711090087890625
13,30,30,123.521835,260.0,125.0,-1.4781646728515625,1.4781646728515625
13,31,31,123.36701,259.0,125.0,-1.6329879760742188,1.6329879760742188
13,32,32,123.835754,258.0,125.0,-1.16424560546875,1.16424560546875
13,33,33,123.51063,257.0,125.0,-1.4893722534179688,1.4893722534179688
13,34,34,123.50135,256.0,125.0,-1.4986495971679688,1.4986495971679688
13,35,35,123.80005,255.0,125.0,-1.199951171875,1.199951171875
13,36,36,123.79614,254.0,125.0,-1.203857421875,1.203857421875
13,37,37,123.58235,253.0,125.0,-1.4176483154296875,1.4176483154296875
13,38,38,123.005936,252.0,125.0,-1.9940643310546875,1.9940643310546875
13,39,39,122.77214,251.0,125.0,-2.2278594970703125,2.2278594970703125
13,40,40,122.510605,250.0,125.0,-2.4893951416015625,2.4893951416015625
13,41,41,123.007576,249.0,125.0,-1.9924240112304688,1.9924240112304688
13,42,42,121.84389,248.0,125.0,-3.1561126708984375,3.1561126708984375
13,43,43,122.37201,247.0,125.0,-2.62799072265625,2.62799072265625
13,44,44,121.94084,246.0,125.0,-3.0591583251953125,3.0591583251953125
13,45,45,122.27977,245.0,125.0,-2.7202301025390625,2.7202301025390625
13,46,46,121.745605,244.0,125.0,-3.25439453125,3.25439453125
13,47,47,121.66681,243.0,125.0,-3.33319091796875,3.33319091796875
13,48,48,120.99573,242.0,125.0,-4.0042724609375,4.0042724609375
13,49,49,121.3953,241.0,125.0,-3.6046981811523438,3.6046981811523438
13,50,50,121.78348,240.0,125.0,-3.216522216796875,3.216522216796875
13,51,51,120.86134,239.0,125.0,-4.1386566162109375,4.1386566162109375
13,52,52,121.50542,238.0,125.0,-3.4945831298828125,3.4945831298828125
13,53,53,121.85592,237.0,125.0,-3.1440811157226562,3.1440811157226562
13,54,54,122.84147,236.0,125.0,-2.1585311889648438,2.1585311889648438
13,55,55,123.05687,235.0,125.0,-1.9431304931640625,1.9431304931640625
13,56,56,123.29327,234.0,125.0,-1.7067337036132812,1.7067337036132812
13,57,57,123.689575,233.0,125.0,-1.3104248046875,1.3104248046875
13,58,58,122.62888,232.0,125.0,-2.3711166381835938,2.3711166381835938
13,59,59,122.51837,231.0,125.0,-2.48162841796875,2.48162841796875
13,60,60,122.526924,230.0,125.0,-2.4730758666992188,2.4730758666992188
13,61,61,122.4861,229.0,125.0,-2.5139007568359375,2.5139007568359375
13,62,62,121.62961,228.0,125.0,-3.370391845703125,3.370391845703125
13,63,63,121.72737,227.0,125.0,-3.2726287841796875,3.2726287841796875
13,64,64,122.72942,226.0,125.0,-2.2705764770507812,2.2705764770507812
13,65,65,123.16099,225.0,125.0,-1.8390121459960938,1.8390121459960938
13,66,66,122.629364,224.0,125.0,-2.370635986328125,2.370635986328125
13,67,67,122.413246,223.0,125.0,-2.5867538452148438,2.5867538452148438
13,68,68,122.114075,222.0,125.0,-2.88592529296875,2.88592529296875
13,69,69,121.70484,221.0,125.0,-3.2951583862304688,3.2951583862304688
13,70,70,121.90694,220.0,125.0,-3.0930633544921875,3.0930633544921875
13,71,71,122.536835,219.0,125.0,-2.463165283203125,2.463165283203125
13,72,72,122.16087,218.0,125.0,-2.8391265869140625,2.8391265869140625
13,73,73,123.16068,217.0,125.0,-1.8393173217773438,1.8393173217773438
13,74,74,121.75152,216.0,125.0,-3.2484817504882812,3.2484817504882812
13,75,75,122.10375,215.0,125.0,-2.8962478637695312,2.8962478637695312
13,76,76,122.316025,214.0,125.0,-2.6839752197265625,2.6839752197265625
13,77,77,123.13159,213.0,125.0,-1.868408203125,1.868408203125
13,78,78,122.80706,212.0,125.0,-2.1929397583007812,2.1929397583007812
13,79,79,122.347244,211.0,125.0,-2.6527557373046875,2.6527557373046875
13,80,80,121.31964,210.0,125.0,-3.68035888671875,3.68035888671875
13,81,81,119.83446,209.0,125.0,-5.1655426025390625,5.1655426025390625
13,82,82,121.15793,208.0,125.0,-3.842071533203125,3.842071533203125
13,83,83,121.36958,207.0,125.0,-3.6304168701171875,3.6304168701171875
13,84,84,120.56419,206.0,125.0,-4.4358062744140625,4.4358062744140625
13,85,85,120.30138,205.0,125.0,-4.6986236572265625,4.6986236572265625
13,86,86,120.79907,204.0,125.0,-4.200927734375,4.200927734375
13,87,87,121.65216,203.0,125.0,-3.34783935546875,3.34783935546875
13,88,88,121.12195,202.0,125.0,-3.8780517578125,3.8780517578125
13,89,89,121.086624,201.0,125.0,-3.9133758544921875,3.9133758544921875
13,90,90,120.531845,200.0,125.0,-4.4681549072265625,4.4681549072265625
13,91,91,121.8168,199.0,125.0,-3.183197021484375,3.183197021484375
13,92,92,121.47342,198.0,125.0,-3.526580810546875,3.526580810546875
13,93,93,119.78548,197.0,125.0,-5.2145233154296875,5.2145233154296875
13,94,94,121.26372,196.0,125.0,-3.7362823486328125,3.7362823486328125
13,95,95,120.832,195.0,125.0,-4.167999267578125,4.167999267578125
13,96,96,120.45553,194.0,125.0,-4.544471740722656,4.544471740722656
13,97,97,119.51931,193.0,125.0,-5.480690002441406,5.480690002441406
13,98,98,121.71639,192.0,125.0,-3.2836074829101562,3.2836074829101562
13,99,99,121.33647,191.0,125.0,-3.6635284423828125,3.6635284423828125
13,100,100,121.24423,190.0,125.0,-3.755767822265625,3.755767822265625
13,101,101,120.42788,189.0,125.0,-4.572120666503906,4.572120666503906
13,102,102,117.13274,188.0,125.0,-7.8672637939453125,7.8672637939453125
13,103,103,119.65251,187.0,125.0,-5.3474884033203125,5.3474884033203125
13,104,104,119.47769,186.0,125.0,-5.522308349609375,5.522308349609375
13,105,105,119.87124,185.0,125.0,-5.128761291503906,5.128761291503906
13,106,106,120.81908,184.0,125.0,-4.1809234619140625,4.1809234619140625
13,107,107,122.206406,183.0,125.0,-2.7935943603515625,2.7935943603515625
13,108,108,121.50198,182.0,125.0,-3.498016357421875,3.498016357421875
13,109,109,120.50145,181.0,125.0,-4.4985504150390625,4.4985504150390625
13,110,110,120.18744,180.0,125.0,-4.81256103515625,4.81256103515625
13,111,111,120.292046,179.0,125.0,-4.707954406738281,4.707954406738281
13,112,112,122.44989,178.0,125.0,-2.55010986328125,2.55010986328125
13,113,113,122.90951,177.0,125.0,-2.0904922485351562,2.0904922485351562
13,114,114,122.14543,176.0,125.0,-2.8545684814453125,2.8545684814453125
13,115,115,119.15214,175.0,125.0,-5.847862243652344,5.847862243652344
13,116,116,120.84264,174.0,125.0,-4.157356262207031,4.157356262207031
13,117,117,118.255424,173.0,125.0,-6.744575500488281,6.744575500488281
13,118,118,118.50871,172.0,125.0,-6.4912872314453125,6.4912872314453125
13,119,119,119.65514,171.0,125.0,-5.344856262207031,5.344856262207031
13,120,120,119.84727,170.0,125.0,-5.152732849121094,5.152732849121094
13,121,121,120.11472,169.0,125.0,-4.885276794433594,4.885276794433594
13,122,122,120.159355,168.0,125.0,-4.840644836425781,4.840644836425781
13,123,123,115.45257,167.0,125.0,-9.547431945800781,9.547431945800781
13,124,124,112.77008,166.0,125.0,-12.22991943359375,12.22991943359375
13,125,125,112.80722,165.0,125.0,-12.192779541015625,12.192779541015625
13,126,126,108.50937,164.0,125.0,-16.490631103515625,16.490631103515625
13,127,127,104.23282,163.0,125.0,-20.767181396484375,20.767181396484375
13,128,128,108.95783,162.0,125.0,-16.04216766357422,16.04216766357422
13,129,129,112.03349,161.0,125.0,-12.966506958007812,12.966506958007812
13,130,130,111.86635,160.0,125.0,-13.133651733398438,13.133651733398438
13,131,131,110.350525,159.0,125.0,-14.64947509765625,14.64947509765625
13,132,132,103.31467,158.0,125.0,-21.685333251953125,21.685333251953125
13,133,133,108.63788,157.0,125.0,-16.36212158203125,16.36212158203125
13,134,134,108.53169,156.0,125.0,-16.468307495117188,16.468307495117188
13,135,135,111.26348,155.0,125.0,-13.736518859863281,13.736518859863281
13,136,136,115.14897,154.0,125.0,-9.851028442382812,9.851028442382812
13,137,137,115.199005,153.0,125.0,-9.800994873046875,9.800994873046875
13,138,138,110.88523,152.0,125.0,-14.114768981933594,14.114768981933594
13,139,139,107.88395,151.0,125.0,-17.116050720214844,17.116050720214844
13,140,140,107.375244,150.0,125.0,-17.624755859375,17.624755859375
13,141,141,109.992775,149.0,125.0,-15.007225036621094,15.007225036621094
13,142,142,114.177155,148.0,125.0,-10.822845458984375,10.822845458984375
13,143,143,116.15838,147.0,125.0,-8.841621398925781,8.841621398925781
13,144,144,116.03731,146.0,125.0,-8.962692260742188,8.962692260742188
13,145,145,116.30691,145.0,125.0,-8.693092346191406,8.693092346191406
13,146,146,119.81128,144.0,125.0,-5.188720703125,5.188720703125
13,147,147,114.7419,143.0,125.0,-10.258102416992188,10.258102416992188
13,148,148,115.92892,142.0,125.0,-9.071083068847656,9.071083068847656
13,149,149,118.70329,141.0,125.0,-6.2967071533203125,6.2967071533203125
13,150,150,117.527176,140.0,125.0,-7.4728240966796875,7.4728240966796875
13,151,151,112.53493,139.0,125.0,-12.465072631835938,12.465072631835938
13,152,152,114.71639,138.0,125.0,-10.283607482910156,10.283607482910156
13,153,153,113.5939,137.0,125.0,-11.406097412109375,11.406097412109375
13,154,154,113.09086,136.0,125.0,-11.909141540527344,11.909141540527344
13,155,155,113.17336,135.0,125.0,-11.826637268066406,11.826637268066406
13,156,156,108.38313,134.0,125.0,-16.616867065429688,16.616867065429688
13,157,157,111.24394,133.0,125.0,-13.756057739257812,13.756057739257812
13,158,158,111.498505,132.0,125.0,-13.501495361328125,13.501495361328125
13,159,159,109.498535,131.0,125.0,-15.50146484375,15.50146484375
13,160,160,104.12176,130.0,125.0,-20.87824249267578,20.87824249267578
13,161,161,99.694565,129.0,125.0,-25.305435180664062,25.305435180664062
13,162,162,99.369156,128.0,125.0,-25.630844116210938,25.630844116210938
13,163,163,109.21275,127.0,125.0,-15.787246704101562,15.787246704101562
13,164,164,110.584236,126.0,125.0,-14.415763854980469,14.415763854980469
13,165,165,110.119,125.0,125.0,-14.880996704101562,14.880996704101562
13,166,166,106.933716,124.0,124.0,-17.0662841796875,17.0662841796875
13,167,167,102.62073,123.0,123.0,-20.3792724609375,20.3792724609375
13,168,168,97.179184,122.0,122.0,-24.820816040039062,24.820816040039062
13,169,169,101.001175,121.0,121.0,-19.998825073242188,19.998825073242188
13,170,170,102.565544,120.0,120.0,-17.43445587158203,17.43445587158203
13,171,171,108.63338,119.0,119.0,-10.366622924804688,10.366622924804688
13,172,172,108.587975,118.0,118.0,-9.412025451660156,9.412025451660156
13,173,173,100.40451,117.0,117.0,-16.595489501953125,16.595489501953125
13,174,174,96.38934,116.0,116.0,-19.61065673828125,19.61065673828125
13,175,175,92.20126,115.0,115.0,-22.798736572265625,22.798736572265625
13,176,176,90.93186,114.0,114.0,-23.068138122558594,23.068138122558594
13,177,177,93.42584,113.0,113.0,-19.57415771484375,19.57415771484375
13,178,178,96.22082,112.0,112.0,-15.779182434082031,15.779182434082031
13,179,179,96.23692,111.0,111.0,-14.763076782226562,14.763076782226562
13,180,180,81.40387,110.0,110.0,-28.59613037109375,28.59613037109375
13,181,181,81.868515,109.0,109.0,-27.131484985351562,27.131484985351562
13,182,182,86.320755,108.0,108.0,-21.679244995117188,21.679244995117188
13,183,183,98.06596,107.0,107.0,-8.934036254882812,8.934036254882812
13,184,184,103.98562,106.0,106.0,-2.0143814086914062,2.0143814086914062
13,185,185,106.8133,105.0,105.0,1.8133010864257812,1.8133010864257812
13,186,186,105.88444,104.0,104.0,1.8844375610351562,1.8844375610351562
13,187,187,106.85934,103.0,103.0,3.8593368530273438,3.8593368530273438
13,188,188,108.935524,102.0,102.0,6.935523986816406,6.935523986816406
13,189,189,98.45665,101.0,101.0,-2.5433502197265625,2.5433502197265625
13,190,190,85.70488,100.0,100.0,-14.295120239257812,14.295120239257812
13,191,191,83.58231,99.0,99.0,-15.417686462402344,15.417686462402344
13,192,192,84.87645,98.0,98.0,-13.123550415039062,13.123550415039062
13,193,193,94.07679,97.0,97.0,-2.9232101440429688,2.9232101440429688
13,194,194,91.07068,96.0,96.0,-4.9293212890625,4.9293212890625
13,195,195,69.61409,95.0,95.0,-25.385910034179688,25.385910034179688
14,1,1,107.558685,152.0,125.0,-17.441314697265625,17.441314697265625
14,2,2,108.73166,151.0,125.0,-16.268341064453125,16.268341064453125
14,3,3,109.06271,150.0,125.0,-15.937286376953125,15.937286376953125
14,4,4,109.40656,149.0,125.0,-15.593437194824219,15.593437194824219
14,5,5,110.50996,148.0,125.0,-14.490043640136719,14.490043640136719
14,6,6,111.35458,147.0,125.0,-13.645416259765625,13.645416259765625
14,7,7,111.536705,146.0,125.0,-13.463294982910156,13.463294982910156
14,8,8,112.40546,145.0,125.0,-12.59454345703125,12.59454345703125
14,9,9,112.607956,144.0,125.0,-12.392044067382812,12.392044067382812
14,10,10,112.83769,143.0,125.0,-12.162307739257812,12.162307739257812
14,11,11,113.04399,142.0,125.0,-11.956008911132812,11.956008911132812
14,12,12,113.110245,141.0,125.0,-11.889755249023438,11.889755249023438
14,13,13,112.90668,140.0,125.0,-12.09332275390625,12.09332275390625
14,14,14,113.20966,139.0,125.0,-11.790336608886719,11.790336608886719
14,15,15,113.003784,138.0,125.0,-11.9962158203125,11.9962158203125
14,16,16,113.301476,137.0,125.0,-11.698524475097656,11.698524475097656
14,17,17,113.34491,136.0,125.0,-11.65509033203125,11.65509033203125
14,18,18,113.07495,135.0,125.0,-11.925048828125,11.925048828125
14,19,19,112.96992,134.0,125.0,-12.030082702636719,12.030082702636719
14,20,20,112.95245,133.0,125.0,-12.04754638671875,12.04754638671875
14,21,21,113.127144,132.0,125.0,-11.872856140136719,11.872856140136719
14,22,22,113.11679,131.0,125.0,-11.883209228515625,11.883209228515625
14,23,23,113.12547,130.0,125.0,-11.874526977539062,11.874526977539062
14,24,24,113.18233,129.0,125.0,-11.817672729492188,11.817672729492188
14,25,25,113.16795,128.0,125.0,-11.832046508789062,11.832046508789062
14,26,26,112.83345,127.0,125.0,-12.166549682617188,12.166549682617188
14,27,27,112.43102,126.0,125.0,-12.568977355957031,12.568977355957031
14,28,28,112.42755,125.0,125.0,-12.57244873046875,12.57244873046875
14,29,29,112.11177,124.0,124.0,-11.888229370117188,11.888229370117188
14,30,30,111.75905,123.0,123.0,-11.240951538085938,11.240951538085938
14,31,31,111.07071,122.0,122.0,-10.929290771484375,10.929290771484375
14,32,32,111.64874,121.0,121.0,-9.35125732421875,9.35125732421875
14,33,33,111.95756,120.0,120.0,-8.042442321777344,8.042442321777344
14,34,34,112.00548,119.0,119.0,-6.9945220947265625,6.9945220947265625
14,35,35,112.18498,118.0,118.0,-5.8150177001953125,5.8150177001953125
14,36,36,112.86757,117.0,117.0,-4.1324310302734375,4.1324310302734375
14,37,37,111.6484,116.0,116.0,-4.351600646972656,4.351600646972656
14,38,38,112.73741,115.0,115.0,-2.2625885009765625,2.2625885009765625
14,39,39,113.11516,114.0,114.0,-0.8848419189453125,0.8848419189453125
14,40,40,113.34364,113.0,113.0,0.3436431884765625,0.3436431884765625
14,41,41,113.169266,112.0,112.0,1.1692657470703125,1.1692657470703125
14,42,42,112.162346,111.0,111.0,1.1623458862304688,1.1623458862304688
14,43,43,112.16446,110.0,110.0,2.164459228515625,2.164459228515625
14,44,44,110.633514,109.0,109.0,1.633514404296875,1.633514404296875
14,45,45,109.98566,108.0,108.0,1.98565673828125,1.98565673828125
14,46,46,111.8085,107.0,107.0,4.808502197265625,4.808502197265625
15,1,1,121.692726,158.0,125.0,-3.3072738647460938,3.3072738647460938
15,2,2,123.21634,157.0,125.0,-1.783660888671875,1.783660888671875
15,3,3,124.00426,156.0,125.0,-0.9957427978515625,0.9957427978515625
15,4,4,124.38684,155.0,125.0,-0.6131591796875,0.6131591796875
15,5,5,124.30307,154.0,125.0,-0.696929931640625,0.696929931640625
15,6,6,124.50569,153.0,125.0,-0.4943084716796875,0.4943084716796875
15,7,7,123.99869,152.0,125.0,-1.001312255859375,1.001312255859375
15,8,8,124.726105,151.0,125.0,-0.273895263671875,0.273895263671875
15,9,9,124.74312,150.0,125.0,-0.2568817138671875,0.2568817138671875
15,10,10,124.70442,149.0,125.0,-0.2955780029296875,0.2955780029296875
15,11,11,124.481575,148.0,125.0,-0.5184249877929688,0.5184249877929688
15,12,12,124.53801,147.0,125.0,-0.4619903564453125,0.4619903564453125
15,13,13,123.79407,146.0,125.0,-1.2059326171875,1.2059326171875
15,14,14,124.12433,145.0,125.0,-0.87567138671875,0.87567138671875
15,15,15,124.21032,144.0,125.0,-0.7896804809570312,0.7896804809570312
15,16,16,124.50368,143.0,125.0,-0.4963226318359375,0.4963226318359375
15,17,17,124.30724,142.0,125.0,-0.6927566528320312,0.6927566528320312
15,18,18,124.201385,141.0,125.0,-0.798614501953125,0.798614501953125
15,19,19,123.67566,140.0,125.0,-1.3243408203125,1.3243408203125
15,20,20,123.65901,139.0,125.0,-1.3409881591796875,1.3409881591796875
15,21,21,123.82619,138.0,125.0,-1.1738128662109375,1.1738128662109375
15,22,22,124.2209,137.0,125.0,-0.7790985107421875,0.7790985107421875
15,23,23,124.344025,136.0,125.0,-0.655975341796875,0.655975341796875
15,24,24,124.388725,135.0,125.0,-0.6112747192382812,0.6112747192382812
15,25,25,124.5574,134.0,125.0,-0.442596435546875,0.442596435546875
15,26,26,124.4054,133.0,125.0,-0.5945968627929688,0.5945968627929688
15,27,27,124.44889,132.0,125.0,-0.5511093139648438,0.5511093139648438
15,28,28,123.69166,131.0,125.0,-1.3083419799804688,1.3083419799804688
15,29,29,124.10553,130.0,125.0,-0.89447021484375,0.89447021484375
15,30,30,123.14694,129.0,125.0,-1.853057861328125,1.853057861328125
15,31,31,121.9883,128.0,125.0,-3.0117034912109375,3.0117034912109375
15,32,32,121.54395,127.0,125.0,-3.4560470581054688,3.4560470581054688
15,33,33,121.203255,126.0,125.0,-3.7967453002929688,3.7967453002929688
15,34,34,122.00519,125.0,125.0,-2.99481201171875,2.99481201171875
15,35,35,121.87518,124.0,124.0,-2.12481689453125,2.12481689453125
15,36,36,121.64191,123.0,123.0,-1.35809326171875,1.35809326171875
15,37,37,121.65021,122.0,122.0,-0.34979248046875,0.34979248046875
15,38,38,119.79646,121.0,121.0,-1.2035369873046875,1.2035369873046875
15,39,39,120.00821,120.0,120.0,0.008209228515625,0.008209228515625
15,40,40,120.701675,119.0,119.0,1.7016754150390625,1.7016754150390625
15,41,41,120.74647,118.0,118.0,2.7464675903320312,2.7464675903320312
15,42,42,120.40143,117.0,117.0,3.40142822265625,3.40142822265625
15,43,43,118.876686,116.0,116.0,2.8766860961914062,2.8766860961914062
15,44,44,121.11702,115.0,115.0,6.1170196533203125,6.1170196533203125
15,45,45,119.39624,114.0,114.0,5.396240234375,5.396240234375
15,46,46,119.76909,113.0,113.0,6.7690887451171875,6.7690887451171875
15,47,47,120.482796,112.0,112.0,8.482795715332031,8.482795715332031
15,48,48,121.29494,111.0,111.0,10.294937133789062,10.294937133789062
15,49,49,120.175735,110.0,110.0,10.175735473632812,10.175735473632812
15,50,50,118.52661,109.0,109.0,9.526611328125,9.526611328125
15,51,51,119.26358,108.0,108.0,11.263580322265625,11.263580322265625
15,52,52,120.36762,107.0,107.0,13.367622375488281,13.367622375488281
15,53,53,120.31331,106.0,106.0,14.313308715820312,14.313308715820312
15,54,54,118.88854,105.0,105.0,13.888542175292969,13.888542175292969
15,55,55,119.12518,104.0,104.0,15.12518310546875,15.12518310546875
15,56,56,122.10739,103.0,103.0,19.107391357421875,19.107391357421875
15,57,57,123.163635,102.0,102.0,21.16363525390625,21.16363525390625
15,58,58,121.40338,101.0,101.0,20.40338134765625,20.40338134765625
15,59,59,122.29785,100.0,100.0,22.2978515625,22.2978515625
15,60,60,119.08698,99.0,99.0,20.08698272705078,20.08698272705078
15,61,61,120.319405,98.0,98.0,22.31940460205078,22.31940460205078
15,62,62,114.11947,97.0,97.0,17.119468688964844,17.119468688964844
15,63,63,114.82083,96.0,96.0,18.820831298828125,18.820831298828125
15,64,64,118.31488,95.0,95.0,23.31488037109375,23.31488037109375
15,65,65,120.8699,94.0,94.0,26.869903564453125,26.869903564453125
15,66,66,118.96794,93.0,93.0,25.967941284179688,25.967941284179688
15,67,67,121.46727,92.0,92.0,29.467269897460938,29.467269897460938
15,68,68,119.959915,91.0,91.0,28.959915161132812,28.959915161132812
15,69,69,121.184494,90.0,90.0,31.184494018554688,31.184494018554688
15,70,70,120.13086,89.0,89.0,31.130859375,31.130859375
15,71,71,116.09013,88.0,88.0,28.090133666992188,28.090133666992188
15,72,72,109.345085,87.0,87.0,22.34508514404297,22.34508514404297
15,73,73,108.90906,86.0,86.0,22.9090576171875,22.9090576171875
15,74,74,112.15157,85.0,85.0,27.151573181152344,27.151573181152344
15,75,75,106.75109,84.0,84.0,22.75109100341797,22.75109100341797
15,76,76,107.39862,83.0,83.0,24.39862060546875,24.39862060546875
16,1,1,123.759224,196.0,125.0,-1.2407760620117188,1.2407760620117188
16,2,2,123.71417,195.0,125.0,-1.28582763671875,1.28582763671875
16,3,3,123.98584,194.0,125.0,-1.01416015625,1.01416015625
16,4,4,123.99452,193.0,125.0,-1.0054779052734375,1.0054779052734375
16,5,5,123.46979,192.0,125.0,-1.53021240234375,1.53021240234375
16,6,6,123.17471,191.0,125.0,-1.825286865234375,1.825286865234375
16,7,7,123.18442,190.0,125.0,-1.815582275390625,1.815582275390625
16,8,8,123.55607,189.0,125.0,-1.4439315795898438,1.4439315795898438
16,9,9,124.01514,188.0,125.0,-0.98486328125,0.98486328125
16,10,10,124.18202,187.0,125.0,-0.8179779052734375,0.8179779052734375
16,11,11,124.0453,186.0,125.0,-0.9546966552734375,0.9546966552734375
16,12,12,123.98938,185.0,125.0,-1.0106201171875,1.0106201171875
16,13,13,124.185905,184.0,125.0,-0.8140945434570312,0.8140945434570312
16,14,14,123.47516,183.0,125.0,-1.52484130859375,1.52484130859375
16,15,15,123.649765,182.0,125.0,-1.3502349853515625,1.3502349853515625
16,16,16,123.91602,181.0,125.0,-1.0839767456054688,1.0839767456054688
16,17,17,123.9045,180.0,125.0,-1.0954971313476562,1.0954971313476562
16,18,18,123.54819,179.0,125.0,-1.451812744140625,1.451812744140625
16,19,19,123.54831,178.0,125.0,-1.451690673828125,1.451690673828125
16,20,20,123.56152,177.0,125.0,-1.4384765625,1.4384765625
16,21,21,122.57783,176.0,125.0,-2.4221725463867188,2.4221725463867188
16,22,22,122.439705,175.0,125.0,-2.5602951049804688,2.5602951049804688
16,23,23,122.90962,174.0,125.0,-2.0903778076171875,2.0903778076171875
16,24,24,122.09308,173.0,125.0,-2.90692138671875,2.90692138671875
16,25,25,123.280815,172.0,125.0,-1.7191848754882812,1.7191848754882812
16,26,26,122.27342,171.0,125.0,-2.7265777587890625,2.7265777587890625
16,27,27,123.08261,170.0,125.0,-1.917388916015625,1.917388916015625
16,28,28,123.40518,169.0,125.0,-1.594818115234375,1.594818115234375
16,29,29,124.21356,168.0,125.0,-0.78643798828125,0.78643798828125
16,30,30,123.65612,167.0,125.0,-1.3438796997070312,1.3438796997070312
16,31,31,123.97712,166.0,125.0,-1.0228805541992188,1.0228805541992188
16,32,32,123.44295,165.0,125.0,-1.5570526123046875,1.5570526123046875
16,33,33,123.867485,164.0,125.0,-1.1325149536132812,1.1325149536132812
16,34,34,123.40567,163.0,125.0,-1.594329833984375,1.594329833984375
16,35,35,121.25749,162.0,125.0,-3.7425079345703125,3.7425079345703125
16,36,36,121.0439,161.0,125.0,-3.9561004638671875,3.9561004638671875
16,37,37,120.75934,160.0,125.0,-4.24066162109375,4.24066162109375
16,38,38,122.72283,159.0,125.0,-2.2771682739257812,2.2771682739257812
16,39,39,123.12489,158.0,125.0,-1.8751068115234375,1.8751068115234375
16,40,40,123.62454,157.0,125.0,-1.375457763671875,1.375457763671875
16,41,41,122.804695,156.0,125.0,-2.1953048706054688,2.1953048706054688
16,42,42,122.37325,155.0,125.0,-2.6267471313476562,2.6267471313476562
16,43,43,122.459435,154.0,125.0,-2.5405654907226562,2.5405654907226562
16,44,44,122.52344,153.0,125.0,-2.4765625,2.4765625
16,45,45,121.54021,152.0,125.0,-3.4597930908203125,3.4597930908203125
16,46,46,121.93603,151.0,125.0,-3.0639724731445312,3.0639724731445312
16,47,47,122.06206,150.0,125.0,-2.9379425048828125,2.9379425048828125
16,48,48,121.10734,149.0,125.0,-3.8926620483398438,3.8926620483398438
16,49,49,120.17778,148.0,125.0,-4.8222198486328125,4.8222198486328125
16,50,50,119.49584,147.0,125.0,-5.504158020019531,5.504158020019531
16,51,51,118.48369,146.0,125.0,-6.5163116455078125,6.5163116455078125
16,52,52,119.67984,145.0,125.0,-5.320159912109375,5.320159912109375
16,53,53,120.63484,144.0,125.0,-4.3651580810546875,4.3651580810546875
16,54,54,121.76837,143.0,125.0,-3.23162841796875,3.23162841796875
16,55,55,122.95591,142.0,125.0,-2.0440902709960938,2.0440902709960938
16,56,56,121.103836,141.0,125.0,-3.8961639404296875,3.8961639404296875
16,57,57,122.67494,140.0,125.0,-2.3250579833984375,2.3250579833984375
16,58,58,122.74802,139.0,125.0,-2.251983642578125,2.251983642578125
16,59,59,122.92652,138.0,125.0,-2.0734786987304688,2.0734786987304688
16,60,60,122.89647,137.0,125.0,-2.1035308837890625,2.1035308837890625
16,61,61,123.70275,136.0,125.0,-1.2972488403320312,1.2972488403320312
16,62,62,123.06915,135.0,125.0,-1.93084716796875,1.93084716796875
16,63,63,123.9843,134.0,125.0,-1.0157012939453125,1.0157012939453125
16,64,64,122.81779,133.0,125.0,-2.1822128295898438,2.1822128295898438
16,65,65,122.396126,132.0,125.0,-2.6038742065429688,2.6038742065429688
16,66,66,121.512085,131.0,125.0,-3.4879150390625,3.4879150390625
16,67,67,121.492935,130.0,125.0,-3.5070648193359375,3.5070648193359375
16,68,68,121.45497,129.0,125.0,-3.5450286865234375,3.5450286865234375
16,69,69,121.65741,128.0,125.0,-3.34259033203125,3.34259033203125
16,70,70,120.795235,127.0,125.0,-4.204765319824219,4.204765319824219
16,71,71,118.27919,126.0,125.0,-6.7208099365234375,6.7208099365234375
16,72,72,118.84928,125.0,125.0,-6.150718688964844,6.150718688964844
16,73,73,121.22839,124.0,124.0,-2.7716064453125,2.7716064453125
16,74,74,121.2572,123.0,123.0,-1.7427978515625,1.7427978515625
16,75,75,120.6778,122.0,122.0,-1.3221969604492188,1.3221969604492188
16,76,76,122.045,121.0,121.0,1.0449981689453125,1.0449981689453125
16,77,77,122.07246,120.0,120.0,2.0724563598632812,2.0724563598632812
16,78,78,121.62216,119.0,119.0,2.622161865234375,2.622161865234375
16,79,79,121.728546,118.0,118.0,3.728546142578125,3.728546142578125
16,80,80,121.54777,117.0,117.0,4.547767639160156,4.547767639160156
16,81,81,119.03801,116.0,116.0,3.0380096435546875,3.0380096435546875
16,82,82,120.55682,115.0,115.0,5.55682373046875,5.55682373046875
16,83,83,120.160446,114.0,114.0,6.1604461669921875,6.1604461669921875
16,84,84,120.31931,113.0,113.0,7.319313049316406,7.319313049316406
16,85,85,121.50682,112.0,112.0,9.506820678710938,9.506820678710938
16,86,86,121.157646,111.0,111.0,10.157646179199219,10.157646179199219
16,87,87,122.001526,110.0,110.0,12.00152587890625,12.00152587890625
16,88,88,120.58169,109.0,109.0,11.581687927246094,11.581687927246094
16,89,89,119.826584,108.0,108.0,11.826583862304688,11.826583862304688
16,90,90,119.820526,107.0,107.0,12.820526123046875,12.820526123046875
16,91,91,117.63103,106.0,106.0,11.631027221679688,11.631027221679688
16,92,92,116.77698,105.0,105.0,11.7769775390625,11.7769775390625
16,93,93,117.87551,104.0,104.0,13.875511169433594,13.875511169433594
16,94,94,110.18321,103.0,103.0,7.1832122802734375,7.1832122802734375
16,95,95,112.37639,102.0,102.0,10.376388549804688,10.376388549804688
16,96,96,112.95329,101.0,101.0,11.953292846679688,11.953292846679688
16,97,97,116.435036,100.0,100.0,16.435035705566406,16.435035705566406
16,98,98,115.31857,99.0,99.0,16.318572998046875,16.318572998046875
16,99,99,115.14211,98.0,98.0,17.142112731933594,17.142112731933594
16,100,100,106.45813,97.0,97.0,9.4581298828125,9.4581298828125
16,101,101,106.55959,96.0,96.0,10.559593200683594,10.559593200683594
16,102,102,106.526566,95.0,95.0,11.526565551757812,11.526565551757812
16,103,103,114.01965,94.0,94.0,20.0196533203125,20.0196533203125
16,104,104,113.86859,93.0,93.0,20.86859130859375,20.86859130859375
16,105,105,112.73091,92.0,92.0,20.730911254882812,20.730911254882812
16,106,106,112.31523,91.0,91.0,21.315231323242188,21.315231323242188
16,107,107,111.74855,90.0,90.0,21.748550415039062,21.748550415039062
16,108,108,112.11859,89.0,89.0,23.11859130859375,23.11859130859375
16,109,109,111.56708,88.0,88.0,23.56707763671875,23.56707763671875
16,110,110,110.57903,87.0,87.0,23.57903289794922,23.57903289794922
16,111,111,105.69661,86.0,86.0,19.696609497070312,19.696609497070312
16,112,112,108.139786,85.0,85.0,23.139785766601562,23.139785766601562
16,113,113,103.671646,84.0,84.0,19.671646118164062,19.671646118164062
17,1,1,119.90758,214.0,125.0,-5.0924224853515625,5.0924224853515625
17,2,2,120.509964,213.0,125.0,-4.4900360107421875,4.4900360107421875
17,3,3,119.315994,212.0,125.0,-5.6840057373046875,5.6840057373046875
17,4,4,121.785286,211.0,125.0,-3.2147140502929688,3.2147140502929688
17,5,5,122.974335,210.0,125.0,-2.025665283203125,2.025665283203125
17,6,6,122.17578,209.0,125.0,-2.82421875,2.82421875
17,7,7,122.61963,208.0,125.0,-2.38037109375,2.38037109375
17,8,8,122.81194,207.0,125.0,-2.1880569458007812,2.1880569458007812
17,9,9,122.74225,206.0,125.0,-2.25775146484375,2.25775146484375
17,10,10,122.367935,205.0,125.0,-2.6320648193359375,2.6320648193359375
17,11,11,122.28705,204.0,125.0,-2.71295166015625,2.71295166015625
17,12,12,122.54997,203.0,125.0,-2.4500274658203125,2.4500274658203125
17,13,13,122.35631,202.0,125.0,-2.6436920166015625,2.6436920166015625
17,14,14,122.979706,201.0,125.0,-2.020294189453125,2.020294189453125
17,15,15,122.75919,200.0,125.0,-2.2408065795898438,2.2408065795898438
17,16,16,122.92197,199.0,125.0,-2.078033447265625,2.078033447265625
17,17,17,122.95385,198.0,125.0,-2.0461502075195312,2.0461502075195312
17,18,18,123.29575,197.0,125.0,-1.7042465209960938,1.7042465209960938
17,19,19,122.5267,196.0,125.0,-2.473297119140625,2.473297119140625
17,20,20,122.264694,195.0,125.0,-2.7353057861328125,2.7353057861328125
17,21,21,122.14434,194.0,125.0,-2.8556594848632812,2.8556594848632812
17,22,22,121.78389,193.0,125.0,-3.2161102294921875,3.2161102294921875
17,23,23,121.06806,192.0,125.0,-3.9319381713867188,3.9319381713867188
17,24,24,121.5809,191.0,125.0,-3.419097900390625,3.419097900390625
17,25,25,121.72667,190.0,125.0,-3.2733306884765625,3.2733306884765625
17,26,26,122.22477,189.0,125.0,-2.7752304077148438,2.7752304077148438
17,27,27,122.51265,188.0,125.0,-2.4873504638671875,2.4873504638671875
17,28,28,122.28444,187.0,125.0,-2.7155609130859375,2.7155609130859375
17,29,29,121.778824,186.0,125.0,-3.2211761474609375,3.2211761474609375
17,30,30,121.309105,185.0,125.0,-3.6908950805664062,3.6908950805664062
17,31,31,122.221115,184.0,125.0,-2.7788848876953125,2.7788848876953125
17,32,32,121.59879,183.0,125.0,-3.4012069702148438,3.4012069702148438
17,33,33,119.605125,182.0,125.0,-5.394874572753906,5.394874572753906
17,34,34,119.44496,181.0,125.0,-5.5550384521484375,5.5550384521484375
17,35,35,119.59089,180.0,125.0,-5.409111022949219,5.409111022949219
17,36,36,119.63092,179.0,125.0,-5.36907958984375,5.36907958984375
17,37,37,121.7224,178.0,125.0,-3.2776031494140625,3.2776031494140625
17,38,38,121.15437,177.0,125.0,-3.8456268310546875,3.8456268310546875
17,39,39,119.39431,176.0,125.0,-5.605690002441406,5.605690002441406
17,40,40,117.72507,175.0,125.0,-7.274932861328125,7.274932861328125
17,41,41,119.82951,174.0,125.0,-5.1704864501953125,5.1704864501953125
17,42,42,119.89176,173.0,125.0,-5.108238220214844,5.108238220214844
17,43,43,121.08975,172.0,125.0,-3.910247802734375,3.910247802734375
17,44,44,121.36429,171.0,125.0,-3.635711669921875,3.635711669921875
17,45,45,120.03685,170.0,125.0,-4.9631500244140625,4.9631500244140625
17,46,46,118.88919,169.0,125.0,-6.110809326171875,6.110809326171875
17,47,47,117.78596,168.0,125.0,-7.214042663574219,7.214042663574219
17,48,48,118.33151,167.0,125.0,-6.668487548828125,6.668487548828125
17,49,49,118.21184,166.0,125.0,-6.7881622314453125,6.7881622314453125
17,50,50,119.344864,165.0,125.0,-5.6551361083984375,5.6551361083984375
17,51,51,119.670586,164.0,125.0,-5.329414367675781,5.329414367675781
17,52,52,117.235634,163.0,125.0,-7.764366149902344,7.764366149902344
17,53,53,118.81851,162.0,125.0,-6.181488037109375,6.181488037109375
17,54,54,120.09838,161.0,125.0,-4.901618957519531,4.901618957519531
17,55,55,120.78956,160.0,125.0,-4.210441589355469,4.210441589355469
17,56,56,121.46829,159.0,125.0,-3.531707763671875,3.531707763671875
17,57,57,121.699524,158.0,125.0,-3.30047607421875,3.30047607421875
17,58,58,121.78212,157.0,125.0,-3.2178802490234375,3.2178802490234375
17,59,59,120.61708,156.0,125.0,-4.3829193115234375,4.3829193115234375
17,60,60,119.48558,155.0,125.0,-5.5144195556640625,5.5144195556640625
17,61,61,120.20831,154.0,125.0,-4.79168701171875,4.79168701171875
17,62,62,120.29636,153.0,125.0,-4.703643798828125,4.703643798828125
17,63,63,119.06605,152.0,125.0,-5.933952331542969,5.933952331542969
17,64,64,119.67005,151.0,125.0,-5.329948425292969,5.329948425292969
17,65,65,119.01285,150.0,125.0,-5.987152099609375,5.987152099609375
17,66,66,118.39729,149.0,125.0,-6.6027069091796875,6.6027069091796875
17,67,67,120.87448,148.0,125.0,-4.125518798828125,4.125518798828125
17,68,68,121.20758,147.0,125.0,-3.79241943359375,3.79241943359375
17,69,69,120.45361,146.0,125.0,-4.54638671875,4.54638671875
17,70,70,119.0435,145.0,125.0,-5.9564971923828125,5.9564971923828125
17,71,71,117.46471,144.0,125.0,-7.5352935791015625,7.5352935791015625
17,72,72,116.67976,143.0,125.0,-8.320236206054688,8.320236206054688
17,73,73,115.34102,142.0,125.0,-9.658981323242188,9.658981323242188
17,74,74,117.112915,141.0,125.0,-7.8870849609375,7.8870849609375
17,75,75,115.09699,140.0,125.0,-9.903007507324219,9.903007507324219
17,76,76,111.16202,139.0,125.0,-13.837982177734375,13.837982177734375
17,77,77,111.76361,138.0,125.0,-13.23638916015625,13.23638916015625
17,78,78,113.34638,137.0,125.0,-11.653617858886719,11.653617858886719
17,79,79,113.853424,136.0,125.0,-11.146575927734375,11.146575927734375
17,80,80,113.81609,135.0,125.0,-11.183906555175781,11.183906555175781
17,81,81,116.976746,134.0,125.0,-8.02325439453125,8.02325439453125
17,82,82,113.72747,133.0,125.0,-11.272529602050781,11.272529602050781
17,83,83,116.622025,132.0,125.0,-8.377975463867188,8.377975463867188
17,84,84,116.765045,131.0,125.0,-8.234954833984375,8.234954833984375
17,85,85,117.74274,130.0,125.0,-7.25726318359375,7.25726318359375
17,86,86,118.26218,129.0,125.0,-6.737823486328125,6.737823486328125
17,87,87,116.77835,128.0,125.0,-8.221649169921875,8.221649169921875
17,88,88,118.21649,127.0,125.0,-6.78350830078125,6.78350830078125
17,89,89,118.32822,126.0,125.0,-6.671783447265625,6.671783447265625
17,90,90,119.48677,125.0,125.0,-5.5132293701171875,5.5132293701171875
17,91,91,115.95273,124.0,124.0,-8.047271728515625,8.047271728515625
17,92,92,117.18378,123.0,123.0,-5.81622314453125,5.81622314453125
17,93,93,114.67286,122.0,122.0,-7.327140808105469,7.327140808105469
17,94,94,114.32881,121.0,121.0,-6.6711883544921875,6.6711883544921875
17,95,95,116.42166,120.0,120.0,-3.578338623046875,3.578338623046875
17,96,96,114.02731,119.0,119.0,-4.972686767578125,4.972686767578125
17,97,97,110.621605,118.0,118.0,-7.378395080566406,7.378395080566406
17,98,98,112.37839,117.0,117.0,-4.621612548828125,4.621612548828125
17,99,99,113.48389,116.0,116.0,-2.51611328125,2.51611328125
17,100,100,112.78249,115.0,115.0,-2.2175064086914062,2.2175064086914062
17,101,101,109.74405,114.0,114.0,-4.255950927734375,4.255950927734375
17,102,102,110.07825,113.0,113.0,-2.9217529296875,2.9217529296875
17,103,103,105.27255,112.0,112.0,-6.727447509765625,6.727447509765625
17,104,104,105.68988,111.0,111.0,-5.31011962890625,5.31011962890625
17,105,105,106.112404,110.0,110.0,-3.8875961303710938,3.8875961303710938
17,106,106,100.76996,109.0,109.0,-8.23004150390625,8.23004150390625
17,107,107,88.48645,108.0,108.0,-19.5135498046875,19.5135498046875
17,108,108,85.374115,107.0,107.0,-21.625885009765625,21.625885009765625
17,109,109,84.27166,106.0,106.0,-21.72834014892578,21.72834014892578
17,110,110,80.29509,105.0,105.0,-24.704910278320312,24.704910278320312
17,111,111,82.0011,104.0,104.0,-21.9989013671875,21.9989013671875
17,112,112,79.99557,103.0,103.0,-23.004432678222656,23.004432678222656
17,113,113,89.136696,102.0,102.0,-12.863304138183594,12.863304138183594
17,114,114,95.66007,101.0,101.0,-5.339927673339844,5.339927673339844
17,115,115,101.12642,100.0,100.0,1.1264190673828125,1.1264190673828125
17,116,116,98.15533,99.0,99.0,-0.8446731567382812,0.8446731567382812
17,117,117,95.42964,98.0,98.0,-2.5703582763671875,2.5703582763671875
17,118,118,99.453476,97.0,97.0,2.4534759521484375,2.4534759521484375
17,119,119,97.173965,96.0,96.0,1.1739654541015625,1.1739654541015625
17,120,120,95.2771,95.0,95.0,0.277099609375,0.277099609375
17,121,121,96.21568,94.0,94.0,2.2156829833984375,2.2156829833984375
17,122,122,91.29361,93.0,93.0,-1.706390380859375,1.706390380859375
17,123,123,89.589935,92.0,92.0,-2.410064697265625,2.410064697265625
17,124,124,90.268616,91.0,91.0,-0.73138427734375,0.73138427734375
17,125,125,95.24637,90.0,90.0,5.246368408203125,5.246368408203125
17,126,126,87.29704,89.0,89.0,-1.7029571533203125,1.7029571533203125
17,127,127,89.34703,88.0,88.0,1.3470306396484375,1.3470306396484375
17,128,128,91.046585,87.0,87.0,4.0465850830078125,4.0465850830078125
17,129,129,92.560745,86.0,86.0,6.5607452392578125,6.5607452392578125
17,130,130,91.85942,85.0,85.0,6.8594207763671875,6.8594207763671875
17,131,131,84.10306,84.0,84.0,0.103057861328125,0.103057861328125
17,132,132,84.57036,83.0,83.0,1.5703582763671875,1.5703582763671875
17,133,133,86.36583,82.0,82.0,4.3658294677734375,4.3658294677734375
17,134,134,100.07632,81.0,81.0,19.076316833496094,19.076316833496094
17,135,135,104.037155,80.0,80.0,24.037155151367188,24.037155151367188
17,136,136,96.31239,79.0,79.0,17.312393188476562,17.312393188476562
17,137,137,90.88568,78.0,78.0,12.88568115234375,12.88568115234375
17,138,138,91.44467,77.0,77.0,14.444671630859375,14.444671630859375
17,139,139,78.6708,76.0,76.0,2.6707992553710938,2.6707992553710938
17,140,140,78.57121,75.0,75.0,3.5712127685546875,3.5712127685546875
17,141,141,74.51422,74.0,74.0,0.51422119140625,0.51422119140625
17,142,142,75.84231,73.0,73.0,2.8423080444335938,2.8423080444335938
17,143,143,78.48134,72.0,72.0,6.4813385009765625,6.4813385009765625
17,144,144,77.128685,71.0,71.0,6.128684997558594,6.128684997558594
17,145,145,90.547134,70.0,70.0,20.547134399414062,20.547134399414062
17,146,146,85.708374,69.0,69.0,16.7083740234375,16.7083740234375
17,147,147,93.436325,68.0,68.0,25.436325073242188,25.436325073242188
17,148,148,91.36624,67.0,67.0,24.366241455078125,24.366241455078125
17,149,149,87.64176,66.0,66.0,21.641761779785156,21.641761779785156
17,150,150,85.38826,65.0,65.0,20.388259887695312,20.388259887695312
17,151,151,76.46898,64.0,64.0,12.468978881835938,12.468978881835938
17,152,152,62.952023,63.0,63.0,-0.047977447509765625,0.047977447509765625
17,153,153,63.725815,62.0,62.0,1.7258148193359375,1.7258148193359375
17,154,154,65.15142,61.0,61.0,4.151420593261719,4.151420593261719
17,155,155,65.65512,60.0,60.0,5.655120849609375,5.655120849609375
17,156,156,64.48484,59.0,59.0,5.484840393066406,5.484840393066406
17,157,157,65.42845,58.0,58.0,7.4284515380859375,7.4284515380859375
17,158,158,60.757477,57.0,57.0,3.757476806640625,3.757476806640625
17,159,159,60.572117,56.0,56.0,4.572116851806641,4.572116851806641
17,160,160,61.984062,55.0,55.0,6.984062194824219,6.984062194824219
17,161,161,61.727913,54.0,54.0,7.727912902832031,7.727912902832031
17,162,162,64.08363,53.0,53.0,11.083633422851562,11.083633422851562
17,163,163,59.099663,52.0,52.0,7.099662780761719,7.099662780761719
17,164,164,63.767967,51.0,51.0,12.767967224121094,12.767967224121094
17,165,165,59.248474,50.0,50.0,9.24847412109375,9.24847412109375
18,1,1,118.92676,160.0,125.0,-6.0732421875,6.0732421875
18,2,2,120.66274,159.0,125.0,-4.337257385253906,4.337257385253906
18,3,3,121.78789,158.0,125.0,-3.2121124267578125,3.2121124267578125
18,4,4,121.06352,157.0,125.0,-3.9364776611328125,3.9364776611328125
18,5,5,119.97113,156.0,125.0,-5.02886962890625,5.02886962890625
18,6,6,121.38931,155.0,125.0,-3.610687255859375,3.610687255859375
18,7,7,121.638565,154.0,125.0,-3.3614349365234375,3.3614349365234375
18,8,8,121.29715,153.0,125.0,-3.702850341796875,3.702850341796875
18,9,9,120.79925,152.0,125.0,-4.200752258300781,4.200752258300781
18,10,10,122.407036,151.0,125.0,-2.5929641723632812,2.5929641723632812
18,11,11,123.050446,150.0,125.0,-1.949554443359375,1.949554443359375
18,12,12,122.906204,149.0,125.0,-2.0937957763671875,2.0937957763671875
18,13,13,123.690285,148.0,125.0,-1.3097152709960938,1.3097152709960938
18,14,14,122.646416,147.0,125.0,-2.3535842895507812,2.3535842895507812
18,15,15,122.89117,146.0,125.0,-2.1088333129882812,2.1088333129882812
18,16,16,123.16841,145.0,125.0,-1.8315887451171875,1.8315887451171875
18,17,17,121.834045,144.0,125.0,-3.16595458984375,3.16595458984375
18,18,18,121.95439,143.0,125.0,-3.0456085205078125,3.0456085205078125
18,19,19,122.44889,142.0,125.0,-2.5511093139648438,2.5511093139648438
18,20,20,121.82785,141.0,125.0,-3.172149658203125,3.172149658203125
18,21,21,119.95622,140.0,125.0,-5.0437774658203125,5.0437774658203125
18,22,22,121.19274,139.0,125.0,-3.8072586059570312,3.8072586059570312
18,23,23,121.820724,138.0,125.0,-3.1792755126953125,3.1792755126953125
18,24,24,121.733864,137.0,125.0,-3.2661361694335938,3.2661361694335938
18,25,25,121.83121,136.0,125.0,-3.168792724609375,3.168792724609375
18,26,26,122.3703,135.0,125.0,-2.62969970703125,2.62969970703125
18,27,27,122.686615,134.0,125.0,-2.313385009765625,2.313385009765625
18,28,28,123.0522,133.0,125.0,-1.9477996826171875,1.9477996826171875
18,29,29,122.86583,132.0,125.0,-2.1341705322265625,2.1341705322265625
18,30,30,121.66147,131.0,125.0,-3.338531494140625,3.338531494140625
18,31,31,120.54579,130.0,125.0,-4.4542083740234375,4.4542083740234375
18,32,32,120.59454,129.0,125.0,-4.40545654296875,4.40545654296875
18,33,33,121.56413,128.0,125.0,-3.4358673095703125,3.4358673095703125
18,34,34,121.242645,127.0,125.0,-3.757354736328125,3.757354736328125
18,35,35,118.13315,126.0,125.0,-6.866851806640625,6.866851806640625
18,36,36,119.32131,125.0,125.0,-5.678688049316406,5.678688049316406
18,37,37,117.95318,124.0,124.0,-6.046821594238281,6.046821594238281
18,38,38,117.72533,123.0,123.0,-5.2746734619140625,5.2746734619140625
18,39,39,115.53723,122.0,122.0,-6.4627685546875,6.4627685546875
18,40,40,119.04318,121.0,121.0,-1.956817626953125,1.956817626953125
18,41,41,118.52635,120.0,120.0,-1.4736480712890625,1.4736480712890625
18,42,42,112.01989,119.0,119.0,-6.980110168457031,6.980110168457031
18,43,43,116.213196,118.0,118.0,-1.78680419921875,1.78680419921875
18,44,44,117.39135,117.0,117.0,0.39134979248046875,0.39134979248046875
18,45,45,119.370995,116.0,116.0,3.3709945678710938,3.3709945678710938
18,46,46,120.600784,115.0,115.0,5.6007843017578125,5.6007843017578125
18,47,47,120.974625,114.0,114.0,6.9746246337890625,6.9746246337890625
18,48,48,120.51219,113.0,113.0,7.5121917724609375,7.5121917724609375
18,49,49,120.84064,112.0,112.0,8.84063720703125,8.84063720703125
18,50,50,120.22171,111.0,111.0,9.221710205078125,9.221710205078125
18,51,51,118.675446,110.0,110.0,8.675445556640625,8.675445556640625
18,52,52,119.453995,109.0,109.0,10.453994750976562,10.453994750976562
18,53,53,119.246445,108.0,108.0,11.246444702148438,11.246444702148438
18,54,54,120.27447,107.0,107.0,13.274467468261719,13.274467468261719
18,55,55,121.275925,106.0,106.0,15.275924682617188,15.275924682617188
18,56,56,119.88804,105.0,105.0,14.888038635253906,14.888038635253906
18,57,57,120.64519,104.0,104.0,16.645187377929688,16.645187377929688
18,58,58,120.49514,103.0,103.0,17.495140075683594,17.495140075683594
18,59,59,119.01637,102.0,102.0,17.016372680664062,17.016372680664062
18,60,60,117.475334,101.0,101.0,16.47533416748047,16.47533416748047
18,61,61,116.892624,100.0,100.0,16.892623901367188,16.892623901367188
18,62,62,117.13782,99.0,99.0,18.1378173828125,18.1378173828125
18,63,63,114.36631,98.0,98.0,16.366310119628906,16.366310119628906
18,64,64,112.37285,97.0,97.0,15.372848510742188,15.372848510742188
18,65,65,110.40085,96.0,96.0,14.400848388671875,14.400848388671875
18,66,66,114.01637,95.0,95.0,19.016372680664062,19.016372680664062
18,67,67,117.8776,94.0,94.0,23.877601623535156,23.877601623535156
18,68,68,118.55274,93.0,93.0,25.55274200439453,25.55274200439453
18,69,69,119.12674,92.0,92.0,27.126739501953125,27.126739501953125
18,70,70,121.925095,91.0,91.0,30.925094604492188,30.925094604492188
18,71,71,121.604774,90.0,90.0,31.604774475097656,31.604774475097656
18,72,72,121.24277,89.0,89.0,32.242767333984375,32.242767333984375
18,73,73,119.90053,88.0,88.0,31.900527954101562,31.900527954101562
18,74,74,119.74599,87.0,87.0,32.74598693847656,32.74598693847656
18,75,75,119.85187,86.0,86.0,33.85186767578125,33.85186767578125
18,76,76,117.93684,85.0,85.0,32.93683624267578,32.93683624267578
18,77,77,120.05936,84.0,84.0,36.059356689453125,36.059356689453125
18,78,78,121.09263,83.0,83.0,38.092628479003906,38.092628479003906
18,79,79,118.99701,82.0,82.0,36.99700927734375,36.99700927734375
18,80,80,116.83361,81.0,81.0,35.83361053466797,35.83361053466797
18,81,81,111.750336,80.0,80.0,31.750335693359375,31.750335693359375
18,82,82,110.38237,79.0,79.0,31.382369995117188,31.382369995117188
18,83,83,95.71867,78.0,78.0,17.718673706054688,17.718673706054688
18,84,84,91.024765,77.0,77.0,14.024765014648438,14.024765014648438
18,85,85,94.654526,76.0,76.0,18.654525756835938,18.654525756835938
18,86,86,86.254196,75.0,75.0,11.254196166992188,11.254196166992188
18,87,87,92.8967,74.0,74.0,18.896697998046875,18.896697998046875
18,88,88,88.956345,73.0,73.0,15.956344604492188,15.956344604492188
18,89,89,88.818924,72.0,72.0,16.818923950195312,16.818923950195312
18,90,90,99.342545,71.0,71.0,28.342544555664062,28.342544555664062
18,91,91,99.28166,70.0,70.0,29.281661987304688,29.281661987304688
18,92,92,109.71228,69.0,69.0,40.7122802734375,40.7122802734375
18,93,93,98.438416,68.0,68.0,30.43841552734375,30.43841552734375
18,94,94,73.06976,67.0,67.0,6.06976318359375,6.06976318359375
18,95,95,70.51763,66.0,66.0,4.517631530761719,4.517631530761719
18,96,96,77.34026,65.0,65.0,12.340263366699219,12.340263366699219
18,97,97,85.09448,64.0,64.0,21.094482421875,21.094482421875
18,98,98,84.81752,63.0,63.0,21.817520141601562,21.817520141601562
18,99,99,82.41753,62.0,62.0,20.417526245117188,20.417526245117188
18,100,100,86.325424,61.0,61.0,25.325424194335938,25.325424194335938
18,101,101,82.66043,60.0,60.0,22.660430908203125,22.660430908203125
18,102,102,96.634766,59.0,59.0,37.634765625,37.634765625
18,103,103,101.28961,58.0,58.0,43.28961181640625,43.28961181640625
18,104,104,104.35761,57.0,57.0,47.35761260986328,47.35761260986328
18,105,105,109.90419,56.0,56.0,53.90419006347656,53.90419006347656
18,106,106,92.993805,55.0,55.0,37.993804931640625,37.993804931640625
18,107,107,106.98947,54.0,54.0,52.989471435546875,52.989471435546875
18,108,108,111.81828,53.0,53.0,58.81828308105469,58.81828308105469
18,109,109,111.6301,52.0,52.0,59.630096435546875,59.630096435546875
18,110,110,111.50595,51.0,51.0,60.505950927734375,60.505950927734375
18,111,111,112.94452,50.0,50.0,62.94451904296875,62.94451904296875
18,112,112,105.41896,49.0,49.0,56.41896057128906,56.41896057128906
18,113,113,73.20742,48.0,48.0,25.207420349121094,25.207420349121094
18,114,114,73.45674,47.0,47.0,26.456741333007812,26.456741333007812
18,115,115,73.4082,46.0,46.0,27.408203125,27.408203125
18,116,116,72.79042,45.0,45.0,27.790420532226562,27.790420532226562
18,117,117,66.65639,44.0,44.0,22.656387329101562,22.656387329101562
18,118,118,59.611202,43.0,43.0,16.611202239990234,16.611202239990234
18,119,119,57.279713,42.0,42.0,15.279712677001953,15.279712677001953
18,120,120,56.206425,41.0,41.0,15.206424713134766,15.206424713134766
18,121,121,44.926773,40.0,40.0,4.9267730712890625,4.9267730712890625
18,122,122,46.399105,39.0,39.0,7.399105072021484,7.399105072021484
18,123,123,46.1374,38.0,38.0,8.137401580810547,8.137401580810547
18,124,124,41.12354,37.0,37.0,4.123538970947266,4.123538970947266
18,125,125,37.978554,36.0,36.0,1.9785537719726562,1.9785537719726562
18,126,126,36.19414,35.0,35.0,1.1941413879394531,1.1941413879394531
18,127,127,34.757195,34.0,34.0,0.7571945190429688,0.7571945190429688
18,128,128,31.466785,33.0,33.0,-1.5332145690917969,1.5332145690917969
18,129,129,29.654423,32.0,32.0,-2.3455772399902344,2.3455772399902344
18,130,130,30.703766,31.0,31.0,-0.296234130859375,0.296234130859375
18,131,131,32.263733,30.0,30.0,2.26373291015625,2.26373291015625
18,132,132,32.317265,29.0,29.0,3.3172645568847656,3.3172645568847656
18,133,133,30.684063,28.0,28.0,2.684062957763672,2.684062957763672
19,1,1,123.949486,221.0,125.0,-1.0505142211914062,1.0505142211914062
19,2,2,123.65178,220.0,125.0,-1.3482208251953125,1.3482208251953125
19,3,3,123.34066,219.0,125.0,-1.6593399047851562,1.6593399047851562
19,4,4,123.03123,218.0,125.0,-1.9687728881835938,1.9687728881835938
19,5,5,122.71117,217.0,125.0,-2.2888336181640625,2.2888336181640625
19,6,6,123.527725,216.0,125.0,-1.4722747802734375,1.4722747802734375
19,7,7,121.613815,215.0,125.0,-3.3861846923828125,3.3861846923828125
19,8,8,122.52523,214.0,125.0,-2.4747695922851562,2.4747695922851562
19,9,9,122.50512,213.0,125.0,-2.4948806762695312,2.4948806762695312
19,10,10,123.330925,212.0,125.0,-1.6690750122070312,1.6690750122070312
19,11,11,123.51841,211.0,125.0,-1.4815902709960938,1.4815902709960938
19,12,12,123.9106,210.0,125.0,-1.0894012451171875,1.0894012451171875
19,13,13,124.15616,209.0,125.0,-0.843841552734375,0.843841552734375
19,14,14,123.059875,208.0,125.0,-1.94012451171875,1.94012451171875
19,15,15,123.13653,207.0,125.0,-1.8634719848632812,1.8634719848632812
19,16,16,122.48655,206.0,125.0,-2.5134506225585938,2.5134506225585938
19,17,17,122.65314,205.0,125.0,-2.34686279296875,2.34686279296875
19,18,18,123.67093,204.0,125.0,-1.329071044921875,1.329071044921875
19,19,19,123.31779,203.0,125.0,-1.6822128295898438,1.6822128295898438
19,20,20,123.18981,202.0,125.0,-1.8101882934570312,1.8101882934570312
19,21,21,122.82246,201.0,125.0,-2.1775436401367188,2.1775436401367188
19,22,22,122.694176,200.0,125.0,-2.3058242797851562,2.3058242797851562
19,23,23,122.06336,199.0,125.0,-2.9366378784179688,2.9366378784179688
19,24,24,122.44971,198.0,125.0,-2.55029296875,2.55029296875
19,25,25,122.162155,197.0,125.0,-2.8378448486328125,2.8378448486328125
19,26,26,122.21741,196.0,125.0,-2.7825927734375,2.7825927734375
19,27,27,122.96077,195.0,125.0,-2.0392303466796875,2.0392303466796875
19,28,28,123.14366,194.0,125.0,-1.8563385009765625,1.8563385009765625
19,29,29,122.66196,193.0,125.0,-2.338043212890625,2.338043212890625
19,30,30,123.50142,192.0,125.0,-1.4985809326171875,1.4985809326171875
19,31,31,123.951706,191.0,125.0,-1.0482940673828125,1.0482940673828125
19,32,32,123.289665,190.0,125.0,-1.7103347778320312,1.7103347778320312
19,33,33,123.361404,189.0,125.0,-1.6385955810546875,1.6385955810546875
19,34,34,122.73537,188.0,125.0,-2.2646331787109375,2.2646331787109375
19,35,35,123.35443,187.0,125.0,-1.64556884765625,1.64556884765625
19,36,36,123.820206,186.0,125.0,-1.1797943115234375,1.1797943115234375
19,37,37,122.35007,185.0,125.0,-2.649932861328125,2.649932861328125
19,38,38,123.55321,184.0,125.0,-1.4467926025390625,1.4467926025390625
19,39,39,121.577255,183.0,125.0,-3.4227447509765625,3.4227447509765625
19,40,40,122.16732,182.0,125.0,-2.8326797485351562,2.8326797485351562
19,41,41,122.06419,181.0,125.0,-2.9358062744140625,2.9358062744140625
19,42,42,123.25126,180.0,125.0,-1.7487411499023438,1.7487411499023438
19,43,43,124.19732,179.0,125.0,-0.8026809692382812,0.8026809692382812
19,44,44,123.635086,178.0,125.0,-1.3649139404296875,1.3649139404296875
19,45,45,123.15935,177.0,125.0,-1.8406524658203125,1.8406524658203125
19,46,46,123.480774,176.0,125.0,-1.51922607421875,1.51922607421875
19,47,47,123.048004,175.0,125.0,-1.951995849609375,1.951995849609375
19,48,48,122.67072,174.0,125.0,-2.3292770385742188,2.3292770385742188
19,49,49,122.628525,173.0,125.0,-2.3714752197265625,2.3714752197265625
19,50,50,123.53812,172.0,125.0,-1.461883544921875,1.461883544921875
19,51,51,123.98527,171.0,125.0,-1.0147323608398438,1.0147323608398438
19,52,52,123.920975,170.0,125.0,-1.0790252685546875,1.0790252685546875
19,53,53,123.68602,169.0,125.0,-1.3139801025390625,1.3139801025390625
19,54,54,123.2222,168.0,125.0,-1.777801513671875,1.777801513671875
19,55,55,123.87546,167.0,125.0,-1.124542236328125,1.124542236328125
19,56,56,123.34183,166.0,125.0,-1.658172607421875,1.658172607421875
19,57,57,123.511986,165.0,125.0,-1.4880142211914062,1.4880142211914062
19,58,58,123.28081,164.0,125.0,-1.7191925048828125,1.7191925048828125
19,59,59,122.605995,163.0,125.0,-2.3940048217773438,2.3940048217773438
19,60,60,122.5952,162.0,125.0,-2.4048004150390625,2.4048004150390625
19,61,61,123.11821,161.0,125.0,-1.8817901611328125,1.8817901611328125
19,62,62,122.64228,160.0,125.0,-2.3577194213867188,2.3577194213867188
19,63,63,122.35416,159.0,125.0,-2.645843505859375,2.645843505859375
19,64,64,121.011215,158.0,125.0,-3.9887847900390625,3.9887847900390625
19,65,65,122.201645,157.0,125.0,-2.7983551025390625,2.7983551025390625
19,66,66,121.134705,156.0,125.0,-3.86529541015625,3.86529541015625
19,67,67,120.6786,155.0,125.0,-4.321403503417969,4.321403503417969
19,68,68,123.18519,154.0,125.0,-1.8148117065429688,1.8148117065429688
19,69,69,122.28115,153.0,125.0,-2.7188491821289062,2.7188491821289062
19,70,70,120.67554,152.0,125.0,-4.324462890625,4.324462890625
19,71,71,121.692474,151.0,125.0,-3.307525634765625,3.307525634765625
19,72,72,122.08655,150.0,125.0,-2.9134521484375,2.9134521484375
19,73,73,121.27545,149.0,125.0,-3.72454833984375,3.72454833984375
19,74,74,120.22943,148.0,125.0,-4.77056884765625,4.77056884765625
19,75,75,119.904305,147.0,125.0,-5.095695495605469,5.095695495605469
19,76,76,118.38925,146.0,125.0,-6.610748291015625,6.610748291015625
19,77,77,120.91177,145.0,125.0,-4.088226318359375,4.088226318359375
19,78,78,121.43907,144.0,125.0,-3.5609283447265625,3.5609283447265625
19,79,79,121.22331,143.0,125.0,-3.7766876220703125,3.7766876220703125
19,80,80,121.58455,142.0,125.0,-3.4154510498046875,3.4154510498046875
19,81,81,121.858795,141.0,125.0,-3.141204833984375,3.141204833984375
19,82,82,122.291466,140.0,125.0,-2.7085342407226562,2.7085342407226562
19,83,83,121.142914,139.0,125.0,-3.857086181640625,3.857086181640625
19,84,84,119.046906,138.0,125.0,-5.953094482421875,5.953094482421875
19,85,85,118.84742,137.0,125.0,-6.152580261230469,6.152580261230469
19,86,86,119.88362,136.0,125.0,-5.1163787841796875,5.1163787841796875
19,87,87,119.90472,135.0,125.0,-5.095283508300781,5.095283508300781
19,88,88,119.9867,134.0,125.0,-5.013298034667969,5.013298034667969
19,89,89,120.613976,133.0,125.0,-4.386024475097656,4.386024475097656
19,90,90,121.30803,132.0,125.0,-3.6919708251953125,3.6919708251953125
19,91,91,121.091095,131.0,125.0,-3.908905029296875,3.908905029296875
19,92,92,120.03363,130.0,125.0,-4.96636962890625,4.96636962890625
19,93,93,120.83002,129.0,125.0,-4.16998291015625,4.16998291015625
19,94,94,119.38095,128.0,125.0,-5.619049072265625,5.619049072265625
19,95,95,120.626656,127.0,125.0,-4.373344421386719,4.373344421386719
19,96,96,116.35532,126.0,125.0,-8.644676208496094,8.644676208496094
19,97,97,116.04704,125.0,125.0,-8.952957153320312,8.952957153320312
19,98,98,119.399826,124.0,124.0,-4.6001739501953125,4.6001739501953125
19,99,99,116.05017,123.0,123.0,-6.9498291015625,6.9498291015625
19,100,100,116.03693,122.0,122.0,-5.96307373046875,5.96307373046875
19,101,101,118.50215,121.0,121.0,-2.4978485107421875,2.4978485107421875
19,102,102,121.687065,120.0,120.0,1.6870651245117188,1.6870651245117188
19,103,103,121.249825,119.0,119.0,2.2498245239257812,2.2498245239257812
19,104,104,119.0314,118.0,118.0,1.031402587890625,1.031402587890625
19,105,105,120.75214,117.0,117.0,3.75213623046875,3.75213623046875
19,106,106,111.793236,116.0,116.0,-4.206764221191406,4.206764221191406
19,107,107,107.41222,115.0,115.0,-7.5877838134765625,7.5877838134765625
19,108,108,105.083,114.0,114.0,-8.916999816894531,8.916999816894531
19,109,109,109.05889,113.0,113.0,-3.9411087036132812,3.9411087036132812
19,110,110,111.35373,112.0,112.0,-0.646270751953125,0.646270751953125
19,111,111,105.67284,111.0,111.0,-5.3271636962890625,5.3271636962890625
19,112,112,116.99193,110.0,110.0,6.9919281005859375,6.9919281005859375
19,113,113,114.72185,109.0,109.0,5.7218475341796875,5.7218475341796875
19,114,114,115.30813,108.0,108.0,7.308128356933594,7.308128356933594
19,115,115,103.29692,107.0,107.0,-3.7030792236328125,3.7030792236328125
19,116,116,87.334274,106.0,106.0,-18.665725708007812,18.665725708007812
19,117,117,81.46358,105.0,105.0,-23.536422729492188,23.536422729492188
19,118,118,84.377365,104.0,104.0,-19.622634887695312,19.622634887695312
19,119,119,90.42325,103.0,103.0,-12.576751708984375,12.576751708984375
19,120,120,98.99564,102.0,102.0,-3.0043563842773438,3.0043563842773438
19,121,121,103.31113,101.0,101.0,2.311126708984375,2.311126708984375
19,122,122,109.22341,100.0,100.0,9.223411560058594,9.223411560058594
19,123,123,115.74979,99.0,99.0,16.749786376953125,16.749786376953125
19,124,124,115.090546,98.0,98.0,17.090545654296875,17.090545654296875
19,125,125,110.25803,97.0,97.0,13.258033752441406,13.258033752441406
19,126,126,112.34926,96.0,96.0,16.349258422851562,16.349258422851562
19,127,127,113.71535,95.0,95.0,18.715347290039062,18.715347290039062
19,128,128,110.87569,94.0,94.0,16.875686645507812,16.875686645507812
19,129,129,102.98818,93.0,93.0,9.988182067871094,9.988182067871094
19,130,130,104.88355,92.0,92.0,12.883552551269531,12.883552551269531
19,131,131,107.375656,91.0,91.0,16.375656127929688,16.375656127929688
19,132,132,107.47554,90.0,90.0,17.475540161132812,17.475540161132812
19,133,133,106.89722,89.0,89.0,17.897216796875,17.897216796875
19,134,134,102.131935,88.0,88.0,14.131935119628906,14.131935119628906
19,135,135,98.682556,87.0,87.0,11.68255615234375,11.68255615234375
20,1,1,116.1898,199.0,125.0,-8.810203552246094,8.810203552246094
20,2,2,116.42031,198.0,125.0,-8.579689025878906,8.579689025878906
20,3,3,117.88892,197.0,125.0,-7.111076354980469,7.111076354980469
20,4,4,119.31207,196.0,125.0,-5.68792724609375,5.68792724609375
20,5,5,118.80777,195.0,125.0,-6.192230224609375,6.192230224609375
20,6,6,118.62452,194.0,125.0,-6.375480651855469,6.375480651855469
20,7,7,121.43834,193.0,125.0,-3.5616607666015625,3.5616607666015625
20,8,8,120.403435,192.0,125.0,-4.596565246582031,4.596565246582031
20,9,9,120.3089,191.0,125.0,-4.69110107421875,4.69110107421875
20,10,10,121.12593,190.0,125.0,-3.8740692138671875,3.8740692138671875
20,11,11,120.81331,189.0,125.0,-4.1866912841796875,4.1866912841796875
20,12,12,119.77293,188.0,125.0,-5.227073669433594,5.227073669433594
20,13,13,120.78117,187.0,125.0,-4.2188262939453125,4.2188262939453125
20,14,14,122.23501,186.0,125.0,-2.7649917602539062,2.7649917602539062
20,15,15,121.72505,185.0,125.0,-3.2749481201171875,3.2749481201171875
20,16,16,122.531555,184.0,125.0,-2.46844482421875,2.46844482421875
20,17,17,121.67987,183.0,125.0,-3.32012939453125,3.32012939453125
20,18,18,121.76014,182.0,125.0,-3.2398605346679688,3.2398605346679688
20,19,19,120.64275,181.0,125.0,-4.357246398925781,4.357246398925781
20,20,20,120.42981,180.0,125.0,-4.5701904296875,4.5701904296875
20,21,21,121.03877,179.0,125.0,-3.9612274169921875,3.9612274169921875
20,22,22,120.242966,178.0,125.0,-4.7570343017578125,4.7570343017578125
20,23,23,119.625404,177.0,125.0,-5.374595642089844,5.374595642089844
20,24,24,119.42946,176.0,125.0,-5.5705413818359375,5.5705413818359375
20,25,25,119.045074,175.0,125.0,-5.954925537109375,5.954925537109375
20,26,26,120.31072,174.0,125.0,-4.689277648925781,4.689277648925781
20,27,27,117.025375,173.0,125.0,-7.9746246337890625,7.9746246337890625
20,28,28,115.98751,172.0,125.0,-9.012489318847656,9.012489318847656
20,29,29,116.2128,171.0,125.0,-8.787200927734375,8.787200927734375
20,30,30,118.298935,170.0,125.0,-6.7010650634765625,6.7010650634765625
20,31,31,119.9494,169.0,125.0,-5.05059814453125,5.05059814453125
20,32,32,115.538025,168.0,125.0,-9.46197509765625,9.46197509765625
20,33,33,114.155975,167.0,125.0,-10.844024658203125,10.844024658203125
20,34,34,115.69149,166.0,125.0,-9.308509826660156,9.308509826660156
20,35,35,115.44908,165.0,125.0,-9.550918579101562,9.550918579101562
20,36,36,118.61702,164.0,125.0,-6.3829803466796875,6.3829803466796875
20,37,37,121.78571,163.0,125.0,-3.2142868041992188,3.2142868041992188
20,38,38,120.654526,162.0,125.0,-4.3454742431640625,4.3454742431640625
20,39,39,118.632034,161.0,125.0,-6.3679656982421875,6.3679656982421875
20,40,40,120.17682,160.0,125.0,-4.82318115234375,4.82318115234375
20,41,41,120.87221,159.0,125.0,-4.1277923583984375,4.1277923583984375
20,42,42,120.06501,158.0,125.0,-4.934989929199219,4.934989929199219
20,43,43,120.64473,157.0,125.0,-4.3552703857421875,4.3552703857421875
20,44,44,118.81741,156.0,125.0,-6.182586669921875,6.182586669921875
20,45,45,120.70055,155.0,125.0,-4.2994537353515625,4.2994537353515625
20,46,46,120.76982,154.0,125.0,-4.2301788330078125,4.2301788330078125
20,47,47,116.68931,153.0,125.0,-8.310691833496094,8.310691833496094
20,48,48,114.94723,152.0,125.0,-10.052772521972656,10.052772521972656
20,49,49,115.5439,151.0,125.0,-9.456100463867188,9.456100463867188
20,50,50,115.609924,150.0,125.0,-9.39007568359375,9.39007568359375
20,51,51,116.55356,149.0,125.0,-8.446441650390625,8.446441650390625
20,52,52,117.991974,148.0,125.0,-7.008026123046875,7.008026123046875
20,53,53,117.00763,147.0,125.0,-7.99237060546875,7.99237060546875
20,54,54,114.99198,146.0,125.0,-10.008018493652344,10.008018493652344
20,55,55,116.98488,145.0,125.0,-8.015121459960938,8.015121459960938
20,56,56,118.82771,144.0,125.0,-6.1722869873046875,6.1722869873046875
20,57,57,120.09454,143.0,125.0,-4.90545654296875,4.90545654296875
20,58,58,119.43912,142.0,125.0,-5.560882568359375,5.560882568359375
20,59,59,118.46928,141.0,125.0,-6.530723571777344,6.530723571777344
20,60,60,119.830795,140.0,125.0,-5.1692047119140625,5.1692047119140625
20,61,61,121.48427,139.0,125.0,-3.5157318115234375,3.5157318115234375
20,62,62,116.1582,138.0,125.0,-8.841796875,8.841796875
20,63,63,110.721954,137.0,125.0,-14.278045654296875,14.278045654296875
20,64,64,109.41039,136.0,125.0,-15.589607238769531,15.589607238769531
20,65,65,112.7798,135.0,125.0,-12.220199584960938,12.220199584960938
20,66,66,114.719696,134.0,125.0,-10.280303955078125,10.280303955078125
20,67,67,116.793945,133.0,125.0,-8.2060546875,8.2060546875
20,68,68,112.7292,132.0,125.0,-12.270797729492188,12.270797729492188
20,69,69,114.29086,131.0,125.0,-10.709136962890625,10.709136962890625
20,70,70,118.52077,130.0,125.0,-6.4792327880859375,6.4792327880859375
20,71,71,121.94733,129.0,125.0,-3.05267333984375,3.05267333984375
20,72,72,119.12683,128.0,125.0,-5.8731689453125,5.8731689453125
20,73,73,115.03766,127.0,125.0,-9.96234130859375,9.96234130859375
20,74,74,113.83151,126.0,125.0,-11.168487548828125,11.168487548828125
20,75,75,118.6595,125.0,125.0,-6.3404998779296875,6.3404998779296875
20,76,76,119.8802,124.0,124.0,-4.1197967529296875,4.1197967529296875
20,77,77,119.058075,123.0,123.0,-3.941925048828125,3.941925048828125
20,78,78,114.27138,122.0,122.0,-7.7286224365234375,7.7286224365234375
20,79,79,118.18877,121.0,121.0,-2.8112335205078125,2.8112335205078125
20,80,80,106.40546,120.0,120.0,-13.59454345703125,13.59454345703125
20,81,81,90.55119,119.0,119.0,-28.448806762695312,28.448806762695312
20,82,82,100.222946,118.0,118.0,-17.777053833007812,17.777053833007812
20,83,83,106.66347,117.0,117.0,-10.336532592773438,10.336532592773438
20,84,84,106.03288,116.0,116.0,-9.967117309570312,9.967117309570312
20,85,85,108.65534,115.0,115.0,-6.344657897949219,6.344657897949219
20,86,86,113.127716,114.0,114.0,-0.872283935546875,0.872283935546875
20,87,87,115.88869,113.0,113.0,2.8886871337890625,2.8886871337890625
20,88,88,120.42207,112.0,112.0,8.422073364257812,8.422073364257812
20,89,89,118.1371,111.0,111.0,7.1371002197265625,7.1371002197265625
20,90,90,117.48622,110.0,110.0,7.4862213134765625,7.4862213134765625
20,91,91,120.046585,109.0,109.0,11.046585083007812,11.046585083007812
20,92,92,113.17139,108.0,108.0,5.17138671875,5.17138671875
20,93,93,110.3898,107.0,107.0,3.389801025390625,3.389801025390625
20,94,94,107.22197,106.0,106.0,1.2219696044921875,1.2219696044921875
20,95,95,109.30355,105.0,105.0,4.303550720214844,4.303550720214844
20,96,96,114.14627,104.0,104.0,10.146270751953125,10.146270751953125
20,97,97,110.74237,103.0,103.0,7.74237060546875,7.74237060546875
20,98,98,109.19174,102.0,102.0,7.191741943359375,7.191741943359375
20,99,99,111.151,101.0,101.0,10.1510009765625,10.1510009765625
20,100,100,117.79825,100.0,100.0,17.798248291015625,17.798248291015625
20,101,101,121.484665,99.0,99.0,22.484664916992188,22.484664916992188
20,102,102,111.62392,98.0,98.0,13.623916625976562,13.623916625976562
20,103,103,114.08536,97.0,97.0,17.085357666015625,17.085357666015625
20,104,104,110.881546,96.0,96.0,14.881546020507812,14.881546020507812
20,105,105,109.034775,95.0,95.0,14.034774780273438,14.034774780273438
20,106,106,110.0932,94.0,94.0,16.09320068359375,16.09320068359375
20,107,107,103.16986,93.0,93.0,10.16986083984375,10.16986083984375
20,108,108,93.78351,92.0,92.0,1.78350830078125,1.78350830078125
20,109,109,107.052315,91.0,91.0,16.05231475830078,16.05231475830078
20,110,110,94.9689,90.0,90.0,4.968902587890625,4.968902587890625
20,111,111,85.90912,89.0,89.0,-3.09088134765625,3.09088134765625
20,112,112,82.22106,88.0,88.0,-5.778938293457031,5.778938293457031
20,113,113,86.650406,87.0,87.0,-0.3495941162109375,0.3495941162109375
20,114,114,77.0132,86.0,86.0,-8.986801147460938,8.986801147460938
20,115,115,78.82964,85.0,85.0,-6.170356750488281,6.170356750488281
20,116,116,83.120575,84.0,84.0,-0.879425048828125,0.879425048828125
20,117,117,81.859665,83.0,83.0,-1.1403350830078125,1.1403350830078125
20,118,118,99.72844,82.0,82.0,17.728439331054688,17.728439331054688
20,119,119,103.24309,81.0,81.0,22.243087768554688,22.243087768554688
20,120,120,106.04317,80.0,80.0,26.043167114257812,26.043167114257812
20,121,121,113.9744,79.0,79.0,34.974403381347656,34.974403381347656
20,122,122,107.64313,78.0,78.0,29.64312744140625,29.64312744140625
20,123,123,112.43173,77.0,77.0,35.431732177734375,35.431732177734375
20,124,124,105.46094,76.0,76.0,29.4609375,29.4609375
20,125,125,108.32194,75.0,75.0,33.321937561035156,33.321937561035156
20,126,126,86.73366,74.0,74.0,12.733657836914062,12.733657836914062
20,127,127,73.81096,73.0,73.0,0.8109588623046875,0.8109588623046875
20,128,128,69.56528,72.0,72.0,-2.434722900390625,2.434722900390625
20,129,129,64.79648,71.0,71.0,-6.203521728515625,6.203521728515625
20,130,130,61.426514,70.0,70.0,-8.573486328125,8.573486328125
20,131,131,61.45287,69.0,69.0,-7.547130584716797,7.547130584716797
20,132,132,56.513306,68.0,68.0,-11.4866943359375,11.4866943359375
20,133,133,62.78786,67.0,67.0,-4.212139129638672,4.212139129638672
20,134,134,65.968956,66.0,66.0,-0.03104400634765625,0.03104400634765625
20,135,135,58.902287,65.0,65.0,-6.097713470458984,6.097713470458984
20,136,136,58.271736,64.0,64.0,-5.728263854980469,5.728263854980469
20,137,137,57.089233,63.0,63.0,-5.9107666015625,5.9107666015625
20,138,138,56.88608,62.0,62.0,-5.113918304443359,5.113918304443359
20,139,139,60.710228,61.0,61.0,-0.28977203369140625,0.28977203369140625
20,140,140,66.23211,60.0,60.0,6.232109069824219,6.232109069824219
20,141,141,74.369354,59.0,59.0,15.369354248046875,15.369354248046875
20,142,142,64.29401,58.0,58.0,6.29400634765625,6.29400634765625
20,143,143,69.52935,57.0,57.0,12.529350280761719,12.529350280761719
20,144,144,63.52845,56.0,56.0,7.528450012207031,7.528450012207031
20,145,145,60.028347,55.0,55.0,5.028347015380859,5.028347015380859
20,146,146,69.55009,54.0,54.0,15.550086975097656,15.550086975097656
20,147,147,54.30486,53.0,53.0,1.3048591613769531,1.3048591613769531
20,148,148,53.187828,52.0,52.0,1.1878280639648438,1.1878280639648438
20,149,149,55.89552,51.0,51.0,4.895519256591797,4.895519256591797
20,150,150,53.746128,50.0,50.0,3.7461280822753906,3.7461280822753906
20,151,151,58.234715,49.0,49.0,9.23471450805664,9.23471450805664
20,152,152,57.598286,48.0,48.0,9.598285675048828,9.598285675048828
20,153,153,56.52365,47.0,47.0,9.523651123046875,9.523651123046875
20,154,154,55.68952,46.0,46.0,9.689521789550781,9.689521789550781
20,155,155,55.389324,45.0,45.0,10.389324188232422,10.389324188232422
20,156,156,39.899036,44.0,44.0,-4.100963592529297,4.100963592529297
20,157,157,39.443348,43.0,43.0,-3.556652069091797,3.556652069091797
20,158,158,37.662357,42.0,42.0,-4.337642669677734,4.337642669677734
20,159,159,38.82343,41.0,41.0,-2.1765708923339844,2.1765708923339844
20,160,160,30.686058,40.0,40.0,-9.313941955566406,9.313941955566406
20,161,161,28.90771,39.0,39.0,-10.092290878295898,10.092290878295898
20,162,162,28.394688,38.0,38.0,-9.60531234741211,9.60531234741211
20,163,163,29.153568,37.0,37.0,-7.846431732177734,7.846431732177734
20,164,164,30.680387,36.0,36.0,-5.319612503051758,5.319612503051758
20,165,165,33.59597,35.0,35.0,-1.4040298461914062,1.4040298461914062
20,166,166,33.880238,34.0,34.0,-0.11976242065429688,0.11976242065429688
20,167,167,35.003723,33.0,33.0,2.00372314453125,2.00372314453125
20,168,168,32.07881,32.0,32.0,0.0788116455078125,0.0788116455078125
20,169,169,30.319603,31.0,31.0,-0.6803970336914062,0.6803970336914062
20,170,170,28.645657,30.0,30.0,-1.3543434143066406,1.3543434143066406
20,171,171,29.245785,29.0,29.0,0.24578475952148438,0.24578475952148438
20,172,172,28.650047,28.0,28.0,0.6500473022460938,0.6500473022460938
20,173,173,27.642673,27.0,27.0,0.6426734924316406,0.6426734924316406
20,174,174,29.17664,26.0,26.0,3.1766395568847656,3.1766395568847656
20,175,175,28.150862,25.0,25.0,3.1508617401123047,3.1508617401123047
20,176,176,31.627178,24.0,24.0,7.627178192138672,7.627178192138672
20,177,177,29.915806,23.0,23.0,6.915805816650391,6.915805816650391
20,178,178,29.40226,22.0,22.0,7.402259826660156,7.402259826660156
20,179,179,27.311287,21.0,21.0,6.311286926269531,6.311286926269531
20,180,180,24.77478,20.0,20.0,4.7747802734375,4.7747802734375
20,181,181,23.05309,19.0,19.0,4.053089141845703,4.053089141845703
20,182,182,21.07277,18.0,18.0,3.0727691650390625,3.0727691650390625
20,183,183,18.363708,17.0,17.0,1.36370849609375,1.36370849609375
20,184,184,17.964184,16.0,16.0,1.9641838073730469,1.9641838073730469
21,1,1,123.88259,204.0,125.0,-1.1174087524414062,1.1174087524414062
21,2,2,124.08771,203.0,125.0,-0.91229248046875,0.91229248046875
21,3,3,123.98979,202.0,125.0,-1.0102081298828125,1.0102081298828125
21,4,4,123.84365,201.0,125.0,-1.1563491821289062,1.1563491821289062
21,5,5,123.23288,200.0,125.0,-1.767120361328125,1.767120361328125
21,6,6,122.97204,199.0,125.0,-2.0279617309570312,2.0279617309570312
21,7,7,123.57852,198.0,125.0,-1.421478271484375,1.421478271484375
21,8,8,122.7184,197.0,125.0,-2.2816009521484375,2.2816009521484375
21,9,9,123.657776,196.0,125.0,-1.34222412109375,1.34222412109375
21,10,10,123.695076,195.0,125.0,-1.3049240112304688,1.3049240112304688
21,11,11,123.63017,194.0,125.0,-1.3698272705078125,1.3698272705078125
21,12,12,123.61455,193.0,125.0,-1.3854522705078125,1.3854522705078125
21,13,13,123.62985,192.0,125.0,-1.370147705078125,1.370147705078125
21,14,14,123.80273,191.0,125.0,-1.1972732543945312,1.1972732543945312
21,15,15,123.61988,190.0,125.0,-1.3801193237304688,1.3801193237304688
21,16,16,123.69882,189.0,125.0,-1.301177978515625,1.301177978515625
21,17,17,123.51692,188.0,125.0,-1.4830780029296875,1.4830780029296875
21,18,18,123.386505,187.0,125.0,-1.613494873046875,1.613494873046875
21,19,19,123.57631,186.0,125.0,-1.4236907958984375,1.4236907958984375
21,20,20,123.17779,185.0,125.0,-1.8222122192382812,1.8222122192382812
21,21,21,122.76614,184.0,125.0,-2.233856201171875,2.233856201171875
21,22,22,122.76961,183.0,125.0,-2.2303924560546875,2.2303924560546875
21,23,23,122.82939,182.0,125.0,-2.1706085205078125,2.1706085205078125
21,24,24,122.43595,181.0,125.0,-2.5640487670898438,2.5640487670898438
21,25,25,123.107216,180.0,125.0,-1.8927841186523438,1.8927841186523438
21,26,26,123.617004,179.0,125.0,-1.38299560546875,1.38299560546875
21,27,27,123.25331,178.0,125.0,-1.7466888427734375,1.7466888427734375
21,28,28,123.22644,177.0,125.0,-1.7735595703125,1.7735595703125
21,29,29,123.40075,176.0,125.0,-1.5992507934570312,1.5992507934570312
21,30,30,123.05529,175.0,125.0,-1.9447097778320312,1.9447097778320312
21,31,31,123.394684,174.0,125.0,-1.605316162109375,1.605316162109375
21,32,32,122.5942,173.0,125.0,-2.4057998657226562,2.4057998657226562
21,33,33,122.57898,172.0,125.0,-2.4210205078125,2.4210205078125
21,34,34,123.0806,171.0,125.0,-1.919403076171875,1.919403076171875
21,35,35,123.10189,170.0,125.0,-1.8981094360351562,1.8981094360351562
21,36,36,123.316086,169.0,125.0,-1.6839141845703125,1.6839141845703125
21,37,37,124.13139,168.0,125.0,-0.8686065673828125,0.8686065673828125
21,38,38,123.5334,167.0,125.0,-1.4665985107421875,1.4665985107421875
21,39,39,123.91921,166.0,125.0,-1.0807876586914062,1.0807876586914062
21,40,40,123.8654,165.0,125.0,-1.1345977783203125,1.1345977783203125
21,41,41,122.59863,164.0,125.0,-2.4013671875,2.4013671875
21,42,42,123.28456,163.0,125.0,-1.7154388427734375,1.7154388427734375
21,43,43,122.12258,162.0,125.0,-2.8774185180664062,2.8774185180664062
21,44,44,122.710266,161.0,125.0,-2.28973388671875,2.28973388671875
21,45,45,122.585144,160.0,125.0,-2.41485595703125,2.41485595703125
21,46,46,121.72113,159.0,125.0,-3.27886962890625,3.27886962890625
21,47,47,122.50215,158.0,125.0,-2.4978485107421875,2.4978485107421875
21,48,48,123.07736,157.0,125.0,-1.922637939453125,1.922637939453125
21,49,49,122.530685,156.0,125.0,-2.4693145751953125,2.4693145751953125
21,50,50,123.371254,155.0,125.0,-1.6287460327148438,1.6287460327148438
21,51,51,123.19666,154.0,125.0,-1.8033370971679688,1.8033370971679688
21,52,52,122.85201,153.0,125.0,-2.1479873657226562,2.1479873657226562
21,53,53,123.06453,152.0,125.0,-1.9354705810546875,1.9354705810546875
21,54,54,122.782074,151.0,125.0,-2.217926025390625,2.217926025390625
21,55,55,123.454285,150.0,125.0,-1.54571533203125,1.54571533203125
21,56,56,123.52089,149.0,125.0,-1.4791107177734375,1.4791107177734375
21,57,57,123.37811,148.0,125.0,-1.62188720703125,1.62188720703125
21,58,58,123.83043,147.0,125.0,-1.1695709228515625,1.1695709228515625
21,59,59,123.59456,146.0,125.0,-1.4054412841796875,1.4054412841796875
21,60,60,123.15252,145.0,125.0,-1.8474807739257812,1.8474807739257812
21,61,61,123.22141,144.0,125.0,-1.7785873413085938,1.7785873413085938
21,62,62,121.96149,143.0,125.0,-3.03851318359375,3.03851318359375
21,63,63,122.57154,142.0,125.0,-2.4284591674804688,2.4284591674804688
21,64,64,121.850555,141.0,125.0,-3.149444580078125,3.149444580078125
21,65,65,122.82555,140.0,125.0,-2.1744537353515625,2.1744537353515625
21,66,66,123.18956,139.0,125.0,-1.8104400634765625,1.8104400634765625
21,67,67,122.93899,138.0,125.0,-2.0610122680664062,2.0610122680664062
21,68,68,123.04326,137.0,125.0,-1.9567413330078125,1.9567413330078125
21,69,69,123.263275,136.0,125.0,-1.736724853515625,1.736724853515625
21,70,70,123.82779,135.0,125.0,-1.172210693359375,1.172210693359375
21,71,71,123.604996,134.0,125.0,-1.3950042724609375,1.3950042724609375
21,72,72,123.68856,133.0,125.0,-1.3114395141601562,1.3114395141601562
21,73,73,123.78252,132.0,125.0,-1.2174835205078125,1.2174835205078125
21,74,74,123.53746,131.0,125.0,-1.4625396728515625,1.4625396728515625
21,75,75,123.73306,130.0,125.0,-1.266937255859375,1.266937255859375
21,76,76,123.13667,129.0,125.0,-1.8633270263671875,1.8633270263671875
21,77,77,123.025986,128.0,125.0,-1.9740142822265625,1.9740142822265625
21,78,78,123.42949,127.0,125.0,-1.5705108642578125,1.5705108642578125
21,79,79,123.56181,126.0,125.0,-1.4381866455078125,1.4381866455078125
21,80,80,123.047035,125.0,125.0,-1.9529647827148438,1.9529647827148438
21,81,81,123.41702,124.0,124.0,-0.582977294921875,0.582977294921875
21,82,82,122.96252,123.0,123.0,-0.03748321533203125,0.03748321533203125
21,83,83,122.67881,122.0,122.0,0.6788101196289062,0.6788101196289062
21,84,84,121.18355,121.0,121.0,0.1835479736328125,0.1835479736328125
21,85,85,122.29792,120.0,120.0,2.2979202270507812,2.2979202270507812
21,86,86,123.28759,119.0,119.0,4.287590026855469,4.287590026855469
21,87,87,122.76152,118.0,118.0,4.7615203857421875,4.7615203857421875
21,88,88,122.57638,117.0,117.0,5.576377868652344,5.576377868652344
21,89,89,122.95369,116.0,116.0,6.9536895751953125,6.9536895751953125
21,90,90,123.0053,115.0,115.0,8.005302429199219,8.005302429199219
21,91,91,122.85541,114.0,114.0,8.85540771484375,8.85540771484375
21,92,92,121.652306,113.0,113.0,8.652305603027344,8.652305603027344
21,93,93,121.870926,112.0,112.0,9.870925903320312,9.870925903320312
21,94,94,119.70923,111.0,111.0,8.709228515625,8.709228515625
21,95,95,120.32628,110.0,110.0,10.326278686523438,10.326278686523438
21,96,96,119.98324,109.0,109.0,10.983238220214844,10.983238220214844
21,97,97,119.952446,108.0,108.0,11.952445983886719,11.952445983886719
21,98,98,120.729774,107.0,107.0,13.729774475097656,13.729774475097656
21,99,99,121.85299,106.0,106.0,15.852989196777344,15.852989196777344
21,100,100,121.1305,105.0,105.0,16.13050079345703,16.13050079345703
21,101,101,119.85967,104.0,104.0,15.859672546386719,15.859672546386719
21,102,102,120.09569,103.0,103.0,17.095687866210938,17.095687866210938
21,103,103,121.81297,102.0,102.0,19.812973022460938,19.812973022460938
21,104,104,121.09831,101.0,101.0,20.098312377929688,20.098312377929688
21,105,105,122.59628,100.0,100.0,22.596282958984375,22.596282958984375
21,106,106,121.90923,99.0,99.0,22.90923309326172,22.90923309326172
21,107,107,118.941925,98.0,98.0,20.941925048828125,20.941925048828125
21,108,108,119.98398,97.0,97.0,22.983978271484375,22.983978271484375
21,109,109,118.92431,96.0,96.0,22.92430877685547,22.92430877685547
21,110,110,117.23993,95.0,95.0,22.23992919921875,22.23992919921875
21,111,111,118.36405,94.0,94.0,24.364051818847656,24.364051818847656
21,112,112,114.75514,93.0,93.0,21.755142211914062,21.755142211914062
21,113,113,115.59451,92.0,92.0,23.594512939453125,23.594512939453125
21,114,114,111.763855,91.0,91.0,20.76385498046875,20.76385498046875
21,115,115,116.151886,90.0,90.0,26.151885986328125,26.151885986328125
21,116,116,114.235344,89.0,89.0,25.23534393310547,25.23534393310547
21,117,117,115.92961,88.0,88.0,27.929611206054688,27.929611206054688
21,118,118,113.549675,87.0,87.0,26.54967498779297,26.54967498779297
21,119,119,115.28606,86.0,86.0,29.286056518554688,29.286056518554688
21,120,120,116.56733,85.0,85.0,31.56732940673828,31.56732940673828
21,121,121,118.23224,84.0,84.0,34.23223876953125,34.23223876953125
21,122,122,108.99461,83.0,83.0,25.994613647460938,25.994613647460938
21,123,123,108.31938,82.0,82.0,26.319381713867188,26.319381713867188
21,124,124,101.85125,81.0,81.0,20.85124969482422,20.85124969482422
21,125,125,97.43082,80.0,80.0,17.430816650390625,17.430816650390625
21,126,126,98.91346,79.0,79.0,19.91345977783203,19.91345977783203
21,127,127,96.35159,78.0,78.0,18.351593017578125,18.351593017578125
21,128,128,97.19015,77.0,77.0,20.190147399902344,20.190147399902344
21,129,129,103.372116,76.0,76.0,27.372116088867188,27.372116088867188
21,130,130,108.498566,75.0,75.0,33.498565673828125,33.498565673828125
21,131,131,105.1533,74.0,74.0,31.153297424316406,31.153297424316406
21,132,132,93.09721,73.0,73.0,20.097213745117188,20.097213745117188
21,133,133,100.67023,72.0,72.0,28.67022705078125,28.67022705078125
21,134,134,103.564285,71.0,71.0,32.56428527832031,32.56428527832031
21,135,135,106.463356,70.0,70.0,36.463356018066406,36.463356018066406
21,136,136,108.962234,69.0,69.0,39.96223449707031,39.96223449707031
21,137,137,108.80374,68.0,68.0,40.803741455078125,40.803741455078125
21,138,138,113.62501,67.0,67.0,46.62500762939453,46.62500762939453
21,139,139,108.74718,66.0,66.0,42.74717712402344,42.74717712402344
21,140,140,105.37759,65.0,65.0,40.377586364746094,40.377586364746094
21,141,141,107.32529,64.0,64.0,43.325286865234375,43.325286865234375
21,142,142,97.81527,63.0,63.0,34.815269470214844,34.815269470214844
21,143,143,94.34659,62.0,62.0,32.346588134765625,32.346588134765625
21,144,144,82.74013,61.0,61.0,21.740127563476562,21.740127563476562
21,145,145,86.945114,60.0,60.0,26.945114135742188,26.945114135742188
21,146,146,85.07545,59.0,59.0,26.07544708251953,26.07544708251953
21,147,147,79.693146,58.0,58.0,21.693145751953125,21.693145751953125
21,148,148,74.05229,57.0,57.0,17.052291870117188,17.052291870117188
22,1,1,124.91574,149.0,125.0,-0.084259033203125,0.084259033203125
22,2,2,125.0,148.0,125.0,0.0,0.0
22,3,3,125.0,147.0,125.0,0.0,0.0
22,4,4,125.0,146.0,125.0,0.0,0.0
22,5,5,125.0,145.0,125.0,0.0,0.0
22,6,6,125.0,144.0,125.0,0.0,0.0
22,7,7,125.0,143.0,125.0,0.0,0.0
22,8,8,125.0,142.0,125.0,0.0,0.0
22,9,9,125.0,141.0,125.0,0.0,0.0
22,10,10,125.0,140.0,125.0,0.0,0.0
22,11,11,125.0,139.0,125.0,0.0,0.0
22,12,12,125.0,138.0,125.0,0.0,0.0
22,13,13,125.0,137.0,125.0,0.0,0.0
22,14,14,125.0,136.0,125.0,0.0,0.0
22,15,15,124.90074,135.0,125.0,-0.0992584228515625,0.0992584228515625
22,16,16,125.0,134.0,125.0,0.0,0.0
22,17,17,125.0,133.0,125.0,0.0,0.0
22,18,18,125.0,132.0,125.0,0.0,0.0
22,19,19,125.0,131.0,125.0,0.0,0.0
22,20,20,125.0,130.0,125.0,0.0,0.0
22,21,21,125.0,129.0,125.0,0.0,0.0
22,22,22,125.0,128.0,125.0,0.0,0.0
22,23,23,123.78404,127.0,125.0,-1.2159576416015625,1.2159576416015625
22,24,24,123.695435,126.0,125.0,-1.3045654296875,1.3045654296875
22,25,25,113.24261,125.0,125.0,-11.757392883300781,11.757392883300781
22,26,26,113.82604,124.0,124.0,-10.173957824707031,10.173957824707031
22,27,27,113.91394,123.0,123.0,-9.0860595703125,9.0860595703125
22,28,28,114.04338,122.0,122.0,-7.9566192626953125,7.9566192626953125
22,29,29,114.1156,121.0,121.0,-6.8843994140625,6.8843994140625
22,30,30,114.17771,120.0,120.0,-5.822288513183594,5.822288513183594
22,31,31,114.21514,119.0,119.0,-4.784858703613281,4.784858703613281
22,32,32,114.20093,118.0,118.0,-3.799072265625,3.799072265625
22,33,33,110.50558,117.0,117.0,-6.494422912597656,6.494422912597656
22,34,34,111.72235,116.0,116.0,-4.27764892578125,4.27764892578125
22,35,35,111.00818,115.0,115.0,-3.9918212890625,3.9918212890625
22,36,36,110.66021,114.0,114.0,-3.3397903442382812,3.3397903442382812
22,37,37,112.55157,113.0,113.0,-0.44843292236328125,0.44843292236328125
22,38,38,112.00746,112.0,112.0,0.0074615478515625,0.0074615478515625
22,39,39,112.48758,111.0,111.0,1.487579345703125,1.487579345703125
23,1,1,124.33608,242.0,125.0,-0.6639175415039062,0.6639175415039062
23,2,2,124.12105,241.0,125.0,-0.8789520263671875,0.8789520263671875
23,3,3,124.22499,240.0,125.0,-0.7750091552734375,0.7750091552734375
23,4,4,124.18137,239.0,125.0,-0.8186264038085938,0.8186264038085938
23,5,5,124.15229,238.0,125.0,-0.8477096557617188,0.8477096557617188
23,6,6,124.162964,237.0,125.0,-0.8370361328125,0.8370361328125
23,7,7,124.01498,236.0,125.0,-0.9850234985351562,0.9850234985351562
23,8,8,124.06139,235.0,125.0,-0.9386062622070312,0.9386062622070312
23,9,9,124.01022,234.0,125.0,-0.989776611328125,0.989776611328125
23,10,10,124.15142,233.0,125.0,-0.8485794067382812,0.8485794067382812
23,11,11,124.132935,232.0,125.0,-0.8670654296875,0.8670654296875
23,12,12,124.26596,231.0,125.0,-0.734039306640625,0.734039306640625
23,13,13,124.18178,230.0,125.0,-0.8182220458984375,0.8182220458984375
23,14,14,124.036545,229.0,125.0,-0.9634552001953125,0.9634552001953125
23,15,15,124.10652,228.0,125.0,-0.8934783935546875,0.8934783935546875
23,16,16,124.12036,227.0,125.0,-0.879638671875,0.879638671875
23,17,17,123.686676,226.0,125.0,-1.313323974609375,1.313323974609375
23,18,18,123.869,225.0,125.0,-1.1309967041015625,1.1309967041015625
23,19,19,124.15067,224.0,125.0,-0.8493270874023438,0.8493270874023438
23,20,20,124.09972,223.0,125.0,-0.9002838134765625,0.9002838134765625
23,21,21,123.79389,222.0,125.0,-1.2061080932617188,1.2061080932617188
23,22,22,123.95523,221.0,125.0,-1.044769287109375,1.044769287109375
23,23,23,123.9556,220.0,125.0,-1.044403076171875,1.044403076171875
23,24,24,124.12369,219.0,125.0,-0.876312255859375,0.876312255859375
23,25,25,124.17567,218.0,125.0,-0.8243331909179688,0.8243331909179688
23,26,26,124.01562,217.0,125.0,-0.9843826293945312,0.9843826293945312
23,27,27,123.74409,216.0,125.0,-1.2559127807617188,1.2559127807617188
23,28,28,123.70801,215.0,125.0,-1.2919921875,1.2919921875
23,29,29,123.11127,214.0,125.0,-1.88873291015625,1.88873291015625
23,30,30,123.61253,213.0,125.0,-1.3874664306640625,1.3874664306640625
23,31,31,122.87883,212.0,125.0,-2.1211700439453125,2.1211700439453125
23,32,32,123.76936,211.0,125.0,-1.2306365966796875,1.2306365966796875
23,33,33,123.8446,210.0,125.0,-1.1554031372070312,1.1554031372070312
23,34,34,124.025475,209.0,125.0,-0.9745254516601562,0.9745254516601562
23,35,35,124.02436,208.0,125.0,-0.9756393432617188,0.9756393432617188
23,36,36,123.87132,207.0,125.0,-1.1286773681640625,1.1286773681640625
23,37,37,123.88791,206.0,125.0,-1.112091064453125,1.112091064453125
23,38,38,124.19393,205.0,125.0,-0.8060684204101562,0.8060684204101562
23,39,39,124.29479,204.0,125.0,-0.7052078247070312,0.7052078247070312
23,40,40,124.17131,203.0,125.0,-0.8286895751953125,0.8286895751953125
23,41,41,124.04873,202.0,125.0,-0.9512710571289062,0.9512710571289062
23,42,42,124.06108,201.0,125.0,-0.9389190673828125,0.9389190673828125
23,43,43,122.99281,200.0,125.0,-2.0071868896484375,2.0071868896484375
23,44,44,123.7726,199.0,125.0,-1.2274017333984375,1.2274017333984375
23,45,45,124.13582,198.0,125.0,-0.8641815185546875,0.8641815185546875
23,46,46,124.27612,197.0,125.0,-0.723876953125,0.723876953125
23,47,47,124.03706,196.0,125.0,-0.9629364013671875,0.9629364013671875
23,48,48,124.08957,195.0,125.0,-0.910430908203125,0.910430908203125
23,49,49,124.02135,194.0,125.0,-0.9786529541015625,0.9786529541015625
23,50,50,123.54957,193.0,125.0,-1.4504318237304688,1.4504318237304688
23,51,51,123.96863,192.0,125.0,-1.0313720703125,1.0313720703125
23,52,52,124.09658,191.0,125.0,-0.9034194946289062,0.9034194946289062
23,53,53,123.918785,190.0,125.0,-1.0812149047851562,1.0812149047851562
23,54,54,123.13907,189.0,125.0,-1.860931396484375,1.860931396484375
23,55,55,123.29592,188.0,125.0,-1.7040786743164062,1.7040786743164062
23,56,56,123.79981,187.0,125.0,-1.2001876831054688,1.2001876831054688
23,57,57,124.34028,186.0,125.0,-0.6597213745117188,0.6597213745117188
23,58,58,124.367386,185.0,125.0,-0.6326141357421875,0.6326141357421875
23,59,59,123.64484,184.0,125.0,-1.35516357421875,1.35516357421875
23,60,60,123.45526,183.0,125.0,-1.54473876953125,1.54473876953125
23,61,61,123.38001,182.0,125.0,-1.6199874877929688,1.6199874877929688
23,62,62,123.04736,181.0,125.0,-1.95263671875,1.95263671875
23,63,63,122.707596,180.0,125.0,-2.2924041748046875,2.2924041748046875
23,64,64,123.45024,179.0,125.0,-1.5497589111328125,1.5497589111328125
23,65,65,124.04086,178.0,125.0,-0.959136962890625,0.959136962890625
23,66,66,123.67949,177.0,125.0,-1.3205108642578125,1.3205108642578125
23,67,67,123.74365,176.0,125.0,-1.25634765625,1.25634765625
23,68,68,123.34044,175.0,125.0,-1.6595611572265625,1.6595611572265625
23,69,69,123.64508,174.0,125.0,-1.35491943359375,1.35491943359375
23,70,70,124.03761,173.0,125.0,-0.9623870849609375,0.9623870849609375
23,71,71,123.84477,172.0,125.0,-1.1552276611328125,1.1552276611328125
23,72,72,123.7943,171.0,125.0,-1.2057037353515625,1.2057037353515625
23,73,73,123.29158,170.0,125.0,-1.7084197998046875,1.7084197998046875
23,74,74,123.46875,169.0,125.0,-1.53125,1.53125
23,75,75,123.30867,168.0,125.0,-1.6913299560546875,1.6913299560546875
23,76,76,123.72957,167.0,125.0,-1.2704315185546875,1.2704315185546875
23,77,77,123.397354,166.0,125.0,-1.6026458740234375,1.6026458740234375
23,78,78,123.42759,165.0,125.0,-1.5724105834960938,1.5724105834960938
23,79,79,123.74957,164.0,125.0,-1.25042724609375,1.25042724609375
23,80,80,123.33833,163.0,125.0,-1.6616668701171875,1.6616668701171875
23,81,81,123.373474,162.0,125.0,-1.62652587890625,1.62652587890625
23,82,82,123.73754,161.0,125.0,-1.2624588012695312,1.2624588012695312
23,83,83,123.16295,160.0,125.0,-1.8370513916015625,1.8370513916015625
23,84,84,123.05528,159.0,125.0,-1.9447174072265625,1.9447174072265625
23,85,85,123.42287,158.0,125.0,-1.5771331787109375,1.5771331787109375
23,86,86,123.38547,157.0,125.0,-1.614532470703125,1.614532470703125
23,87,87,123.358505,156.0,125.0,-1.6414947509765625,1.6414947509765625
23,88,88,123.201035,155.0,125.0,-1.7989654541015625,1.7989654541015625
23,89,89,123.77916,154.0,125.0,-1.2208404541015625,1.2208404541015625
23,90,90,123.646286,153.0,125.0,-1.3537139892578125,1.3537139892578125
23,91,91,123.79962,152.0,125.0,-1.20037841796875,1.20037841796875
23,92,92,123.179855,151.0,125.0,-1.8201446533203125,1.8201446533203125
23,93,93,123.28589,150.0,125.0,-1.714111328125,1.714111328125
23,94,94,122.77449,149.0,125.0,-2.2255096435546875,2.2255096435546875
23,95,95,122.85871,148.0,125.0,-2.1412887573242188,2.1412887573242188
23,96,96,122.97276,147.0,125.0,-2.0272369384765625,2.0272369384765625
23,97,97,123.36886,146.0,125.0,-1.6311416625976562,1.6311416625976562
23,98,98,123.24133,145.0,125.0,-1.7586669921875,1.7586669921875
23,99,99,123.025734,144.0,125.0,-1.9742660522460938,1.9742660522460938
23,100,100,123.22429,143.0,125.0,-1.7757110595703125,1.7757110595703125
23,101,101,123.949394,142.0,125.0,-1.0506057739257812,1.0506057739257812
23,102,102,122.527985,141.0,125.0,-2.472015380859375,2.472015380859375
23,103,103,122.86216,140.0,125.0,-2.1378402709960938,2.1378402709960938
23,104,104,122.80649,139.0,125.0,-2.193511962890625,2.193511962890625
23,105,105,122.67431,138.0,125.0,-2.3256912231445312,2.3256912231445312
23,106,106,120.47714,137.0,125.0,-4.522857666015625,4.522857666015625
23,107,107,120.520355,136.0,125.0,-4.479644775390625,4.479644775390625
23,108,108,121.166695,135.0,125.0,-3.8333053588867188,3.8333053588867188
23,109,109,121.37485,134.0,125.0,-3.625152587890625,3.625152587890625
23,110,110,121.335976,133.0,125.0,-3.6640243530273438,3.6640243530273438
23,111,111,121.58971,132.0,125.0,-3.4102935791015625,3.4102935791015625
23,112,112,122.03966,131.0,125.0,-2.9603424072265625,2.9603424072265625
23,113,113,122.08078,130.0,125.0,-2.919219970703125,2.919219970703125
23,114,114,121.918015,129.0,125.0,-3.0819854736328125,3.0819854736328125
23,115,115,121.91145,128.0,125.0,-3.0885467529296875,3.0885467529296875
23,116,116,121.83148,127.0,125.0,-3.16851806640625,3.16851806640625
23,117,117,122.469696,126.0,125.0,-2.530303955078125,2.530303955078125
23,118,118,122.5159,125.0,125.0,-2.484100341796875,2.484100341796875
23,119,119,122.52662,124.0,124.0,-1.4733810424804688,1.4733810424804688
23,120,120,122.21376,123.0,123.0,-0.7862396240234375,0.7862396240234375
23,121,121,122.95448,122.0,122.0,0.9544830322265625,0.9544830322265625
23,122,122,122.9913,121.0,121.0,1.991302490234375,1.991302490234375
23,123,123,122.97012,120.0,120.0,2.970123291015625,2.970123291015625
23,124,124,122.55354,119.0,119.0,3.5535430908203125,3.5535430908203125
23,125,125,119.152115,118.0,118.0,1.1521148681640625,1.1521148681640625
23,126,126,120.30763,117.0,117.0,3.3076324462890625,3.3076324462890625
23,127,127,118.61554,116.0,116.0,2.61553955078125,2.61553955078125
23,128,128,120.637474,115.0,115.0,5.637474060058594,5.637474060058594
23,129,129,121.98331,114.0,114.0,7.983306884765625,7.983306884765625
23,130,130,121.254105,113.0,113.0,8.254104614257812,8.254104614257812
24,1,1,123.75876,205.0,125.0,-1.241241455078125,1.241241455078125
24,2,2,123.572296,204.0,125.0,-1.427703857421875,1.427703857421875
24,3,3,123.55684,203.0,125.0,-1.4431610107421875,1.4431610107421875
24,4,4,123.67013,202.0,125.0,-1.3298721313476562,1.3298721313476562
24,5,5,123.432755,201.0,125.0,-1.5672454833984375,1.5672454833984375
24,6,6,123.443504,200.0,125.0,-1.5564956665039062,1.5564956665039062
24,7,7,123.813034,199.0,125.0,-1.1869659423828125,1.1869659423828125
24,8,8,123.77074,198.0,125.0,-1.2292633056640625,1.2292633056640625
24,9,9,123.449234,197.0,125.0,-1.5507659912109375,1.5507659912109375
24,10,10,123.06146,196.0,125.0,-1.93853759765625,1.93853759765625
24,11,11,123.45978,195.0,125.0,-1.54022216796875,1.54022216796875
24,12,12,123.49734,194.0,125.0,-1.5026626586914062,1.5026626586914062
24,13,13,123.18572,193.0,125.0,-1.8142776489257812,1.8142776489257812
24,14,14,122.98077,192.0,125.0,-2.0192337036132812,2.0192337036132812
24,15,15,123.48857,191.0,125.0,-1.5114288330078125,1.5114288330078125
24,16,16,123.16412,190.0,125.0,-1.83587646484375,1.83587646484375
24,17,17,123.1378,189.0,125.0,-1.8621978759765625,1.8621978759765625
24,18,18,122.92308,188.0,125.0,-2.0769195556640625,2.0769195556640625
24,19,19,123.22936,187.0,125.0,-1.7706375122070312,1.7706375122070312
24,20,20,122.834816,186.0,125.0,-2.1651840209960938,2.1651840209960938
24,21,21,122.872856,185.0,125.0,-2.1271438598632812,2.1271438598632812
24,22,22,123.03259,184.0,125.0,-1.9674072265625,1.9674072265625
24,23,23,122.91279,183.0,125.0,-2.0872116088867188,2.0872116088867188
24,24,24,123.05213,182.0,125.0,-1.9478683471679688,1.9478683471679688
24,25,25,122.12488,181.0,125.0,-2.8751220703125,2.8751220703125
24,26,26,122.06241,180.0,125.0,-2.937591552734375,2.937591552734375
24,27,27,122.458275,179.0,125.0,-2.5417251586914062,2.5417251586914062
24,28,28,123.16124,178.0,125.0,-1.8387603759765625,1.8387603759765625
24,29,29,123.053535,177.0,125.0,-1.9464645385742188,1.9464645385742188
24,30,30,121.904945,176.0,125.0,-3.0950546264648438,3.0950546264648438
24,31,31,122.550766,175.0,125.0,-2.4492340087890625,2.4492340087890625
24,32,32,122.11241,174.0,125.0,-2.8875885009765625,2.8875885009765625
24,33,33,122.35342,173.0,125.0,-2.6465835571289062,2.6465835571289062
24,34,34,120.96028,172.0,125.0,-4.0397186279296875,4.0397186279296875
24,35,35,122.046394,171.0,125.0,-2.9536056518554688,2.9536056518554688
24,36,36,122.729126,170.0,125.0,-2.2708740234375,2.2708740234375
24,37,37,123.16965,169.0,125.0,-1.830352783203125,1.830352783203125
24,38,38,122.697235,168.0,125.0,-2.302764892578125,2.302764892578125
24,39,39,122.9527,167.0,125.0,-2.04730224609375,2.04730224609375
24,40,40,123.04404,166.0,125.0,-1.955963134765625,1.955963134765625
24,41,41,123.22429,165.0,125.0,-1.7757110595703125,1.7757110595703125
24,42,42,123.304054,164.0,125.0,-1.6959457397460938,1.6959457397460938
24,43,43,122.588196,163.0,125.0,-2.41180419921875,2.41180419921875
24,44,44,123.538666,162.0,125.0,-1.461334228515625,1.461334228515625
24,45,45,123.4054,161.0,125.0,-1.5945968627929688,1.5945968627929688
24,46,46,122.903564,160.0,125.0,-2.096435546875,2.096435546875
24,47,47,122.927124,159.0,125.0,-2.0728759765625,2.0728759765625
24,48,48,123.15216,158.0,125.0,-1.84783935546875,1.84783935546875
24,49,49,123.2085,157.0,125.0,-1.7914962768554688,1.7914962768554688
24,50,50,120.93093,156.0,125.0,-4.069068908691406,4.069068908691406
24,51,51,121.85647,155.0,125.0,-3.1435317993164062,3.1435317993164062
24,52,52,121.10921,154.0,125.0,-3.8907928466796875,3.8907928466796875
24,53,53,122.05861,153.0,125.0,-2.9413909912109375,2.9413909912109375
24,54,54,123.06831,152.0,125.0,-1.9316864013671875,1.9316864013671875
24,55,55,122.67207,151.0,125.0,-2.3279266357421875,2.3279266357421875
24,56,56,122.0314,150.0,125.0,-2.968597412109375,2.968597412109375
24,57,57,122.610275,149.0,125.0,-2.3897247314453125,2.3897247314453125
24,58,58,122.18669,148.0,125.0,-2.8133087158203125,2.8133087158203125
24,59,59,123.2726,147.0,125.0,-1.7274017333984375,1.7274017333984375
24,60,60,122.78918,146.0,125.0,-2.2108230590820312,2.2108230590820312
24,61,61,123.04748,145.0,125.0,-1.9525222778320312,1.9525222778320312
24,62,62,122.6889,144.0,125.0,-2.31109619140625,2.31109619140625
24,63,63,122.585464,143.0,125.0,-2.4145355224609375,2.4145355224609375
24,64,64,122.1561,142.0,125.0,-2.843902587890625,2.843902587890625
24,65,65,122.44424,141.0,125.0,-2.5557632446289062,2.5557632446289062
24,66,66,122.93558,140.0,125.0,-2.064422607421875,2.064422607421875
24,67,67,123.002975,139.0,125.0,-1.9970245361328125,1.9970245361328125
24,68,68,122.55676,138.0,125.0,-2.4432373046875,2.4432373046875
24,69,69,121.8653,137.0,125.0,-3.1346969604492188,3.1346969604492188
24,70,70,121.001274,136.0,125.0,-3.9987258911132812,3.9987258911132812
24,71,71,120.611404,135.0,125.0,-4.3885955810546875,4.3885955810546875
24,72,72,121.60514,134.0,125.0,-3.3948593139648438,3.3948593139648438
24,73,73,121.50193,133.0,125.0,-3.4980697631835938,3.4980697631835938
24,74,74,120.747665,132.0,125.0,-4.2523345947265625,4.2523345947265625
24,75,75,120.27484,131.0,125.0,-4.72515869140625,4.72515869140625
24,76,76,121.85228,130.0,125.0,-3.1477203369140625,3.1477203369140625
24,77,77,122.298904,129.0,125.0,-2.7010955810546875,2.7010955810546875
24,78,78,122.46599,128.0,125.0,-2.5340118408203125,2.5340118408203125
24,79,79,122.28548,127.0,125.0,-2.7145233154296875,2.7145233154296875
24,80,80,120.963196,126.0,125.0,-4.03680419921875,4.03680419921875
24,81,81,120.02002,125.0,125.0,-4.97998046875,4.97998046875
24,82,82,119.53738,124.0,124.0,-4.462623596191406,4.462623596191406
24,83,83,121.702835,123.0,123.0,-1.2971649169921875,1.2971649169921875
24,84,84,121.245636,122.0,122.0,-0.754364013671875,0.754364013671875
24,85,85,119.8941,121.0,121.0,-1.1059036254882812,1.1059036254882812
24,86,86,118.39398,120.0,120.0,-1.60601806640625,1.60601806640625
24,87,87,118.89603,119.0,119.0,-0.103973388671875,0.103973388671875
24,88,88,118.4628,118.0,118.0,0.462799072265625,0.462799072265625
24,89,89,117.08775,117.0,117.0,0.0877532958984375,0.0877532958984375
24,90,90,118.40448,116.0,116.0,2.40447998046875,2.40447998046875
24,91,91,119.31894,115.0,115.0,4.318939208984375,4.318939208984375
24,92,92,118.82091,114.0,114.0,4.8209075927734375,4.8209075927734375
24,93,93,119.43894,113.0,113.0,6.438941955566406,6.438941955566406
24,94,94,118.58966,112.0,112.0,6.58966064453125,6.58966064453125
24,95,95,120.017746,111.0,111.0,9.017745971679688,9.017745971679688
24,96,96,120.84021,110.0,110.0,10.8402099609375,10.8402099609375
24,97,97,121.29198,109.0,109.0,12.291976928710938,12.291976928710938
24,98,98,119.67084,108.0,108.0,11.67083740234375,11.67083740234375
24,99,99,118.75892,107.0,107.0,11.758918762207031,11.758918762207031
24,100,100,116.59481,106.0,106.0,10.594810485839844,10.594810485839844
24,101,101,117.79991,105.0,105.0,12.799911499023438,12.799911499023438
24,102,102,118.94134,104.0,104.0,14.941337585449219,14.941337585449219
24,103,103,119.166176,103.0,103.0,16.166175842285156,16.166175842285156
24,104,104,117.04591,102.0,102.0,15.045913696289062,15.045913696289062
24,105,105,115.95299,101.0,101.0,14.952987670898438,14.952987670898438
24,106,106,118.06979,100.0,100.0,18.069793701171875,18.069793701171875
24,107,107,118.168,99.0,99.0,19.167999267578125,19.167999267578125
24,108,108,117.06651,98.0,98.0,19.066513061523438,19.066513061523438
24,109,109,114.41084,97.0,97.0,17.410842895507812,17.410842895507812
24,110,110,112.59531,96.0,96.0,16.595306396484375,16.595306396484375
24,111,111,115.98111,95.0,95.0,20.981109619140625,20.981109619140625
24,112,112,113.76418,94.0,94.0,19.764183044433594,19.764183044433594
24,113,113,115.35158,93.0,93.0,22.351577758789062,22.351577758789062
24,114,114,115.44919,92.0,92.0,23.449188232421875,23.449188232421875
24,115,115,105.494064,91.0,91.0,14.494064331054688,14.494064331054688
24,116,116,104.32628,90.0,90.0,14.326278686523438,14.326278686523438
24,117,117,101.951065,89.0,89.0,12.951065063476562,12.951065063476562
24,118,118,102.72534,88.0,88.0,14.725341796875,14.725341796875
24,119,119,103.26278,87.0,87.0,16.262779235839844,16.262779235839844
24,120,120,99.35991,86.0,86.0,13.359909057617188,13.359909057617188
24,121,121,103.98381,85.0,85.0,18.983810424804688,18.983810424804688
24,122,122,103.88295,84.0,84.0,19.882949829101562,19.882949829101562
24,123,123,103.45543,83.0,83.0,20.455429077148438,20.455429077148438
24,124,124,97.14302,82.0,82.0,15.143020629882812,15.143020629882812
24,125,125,100.62146,81.0,81.0,19.6214599609375,19.6214599609375
24,126,126,99.49106,80.0,80.0,19.491058349609375,19.491058349609375
24,127,127,99.51958,79.0,79.0,20.519577026367188,20.519577026367188
24,128,128,101.97799,78.0,78.0,23.977989196777344,23.977989196777344
24,129,129,101.20305,77.0,77.0,24.203048706054688,24.203048706054688
24,130,130,89.585365,76.0,76.0,13.585365295410156,13.585365295410156
24,131,131,84.97447,75.0,75.0,9.974472045898438,9.974472045898438
24,132,132,92.61659,74.0,74.0,18.616592407226562,18.616592407226562
24,133,133,86.24989,73.0,73.0,13.249893188476562,13.249893188476562
24,134,134,86.1496,72.0,72.0,14.14959716796875,14.14959716796875
24,135,135,84.09105,71.0,71.0,13.091049194335938,13.091049194335938
24,136,136,82.29045,70.0,70.0,12.290451049804688,12.290451049804688
24,137,137,84.53822,69.0,69.0,15.538223266601562,15.538223266601562
24,138,138,86.97169,68.0,68.0,18.97168731689453,18.97168731689453
24,139,139,79.372925,67.0,67.0,12.3729248046875,12.3729248046875
24,140,140,78.0043,66.0,66.0,12.004302978515625,12.004302978515625
24,141,141,81.70697,65.0,65.0,16.70697021484375,16.70697021484375
24,142,142,77.87639,64.0,64.0,13.876388549804688,13.876388549804688
24,143,143,79.9393,63.0,63.0,16.939300537109375,16.939300537109375
24,144,144,75.52728,62.0,62.0,13.52728271484375,13.52728271484375
24,145,145,72.81447,61.0,61.0,11.814468383789062,11.814468383789062
24,146,146,65.368195,60.0,60.0,5.368194580078125,5.368194580078125
24,147,147,67.75172,59.0,59.0,8.751716613769531,8.751716613769531
24,148,148,68.86003,58.0,58.0,10.860031127929688,10.860031127929688
24,149,149,65.43158,57.0,57.0,8.43157958984375,8.43157958984375
24,150,150,66.43778,56.0,56.0,10.437782287597656,10.437782287597656
24,151,151,63.5613,55.0,55.0,8.561298370361328,8.561298370361328
24,152,152,62.849934,54.0,54.0,8.849933624267578,8.849933624267578
24,153,153,65.88205,53.0,53.0,12.882049560546875,12.882049560546875
24,154,154,62.69673,52.0,52.0,10.696731567382812,10.696731567382812
24,155,155,62.958096,51.0,51.0,11.95809555053711,11.95809555053711
24,156,156,64.604065,50.0,50.0,14.60406494140625,14.60406494140625
24,157,157,62.853638,49.0,49.0,13.8536376953125,13.8536376953125
24,158,158,61.700146,48.0,48.0,13.700145721435547,13.700145721435547
24,159,159,61.175526,47.0,47.0,14.175525665283203,14.175525665283203
24,160,160,57.989597,46.0,46.0,11.98959732055664,11.98959732055664
24,161,161,57.568836,45.0,45.0,12.568836212158203,12.568836212158203
24,162,162,56.24676,44.0,44.0,12.246761322021484,12.246761322021484
24,163,163,55.972652,43.0,43.0,12.972652435302734,12.972652435302734
24,164,164,56.061802,42.0,42.0,14.06180191040039,14.06180191040039
24,165,165,56.850418,41.0,41.0,15.850418090820312,15.850418090820312
24,166,166,56.398033,40.0,40.0,16.398033142089844,16.398033142089844
24,167,167,54.830223,39.0,39.0,15.830223083496094,15.830223083496094
24,168,168,53.60596,38.0,38.0,15.605960845947266,15.605960845947266
24,169,169,50.802517,37.0,37.0,13.80251693725586,13.80251693725586
24,170,170,45.880955,36.0,36.0,9.88095474243164,9.88095474243164
24,171,171,41.121273,35.0,35.0,6.121273040771484,6.121273040771484
24,172,172,36.079357,34.0,34.0,2.079357147216797,2.079357147216797
24,173,173,42.006214,33.0,33.0,9.006214141845703,9.006214141845703
24,174,174,40.89071,32.0,32.0,8.890708923339844,8.890708923339844
24,175,175,38.152542,31.0,31.0,7.1525421142578125,7.1525421142578125
24,176,176,37.387093,30.0,30.0,7.387092590332031,7.387092590332031
24,177,177,35.428486,29.0,29.0,6.428485870361328,6.428485870361328
24,178,178,33.65738,28.0,28.0,5.657379150390625,5.657379150390625
24,179,179,32.932457,27.0,27.0,5.932456970214844,5.932456970214844
24,180,180,31.405012,26.0,26.0,5.405012130737305,5.405012130737305
24,181,181,30.450546,25.0,25.0,5.4505462646484375,5.4505462646484375
24,182,182,29.658491,24.0,24.0,5.658491134643555,5.658491134643555
24,183,183,28.620197,23.0,23.0,5.620197296142578,5.620197296142578
24,184,184,26.997194,22.0,22.0,4.997194290161133,4.997194290161133
24,185,185,25.096529,21.0,21.0,4.096529006958008,4.096529006958008
24,186,186,24.347788,20.0,20.0,4.347787857055664,4.347787857055664
25,1,1,118.27359,192.0,125.0,-6.726409912109375,6.726409912109375
25,2,2,120.298836,191.0,125.0,-4.701164245605469,4.701164245605469
25,3,3,120.88704,190.0,125.0,-4.1129608154296875,4.1129608154296875
25,4,4,121.62524,189.0,125.0,-3.3747634887695312,3.3747634887695312
25,5,5,122.14717,188.0,125.0,-2.8528289794921875,2.8528289794921875
25,6,6,123.22816,187.0,125.0,-1.7718429565429688,1.7718429565429688
25,7,7,122.871544,186.0,125.0,-2.1284561157226562,2.1284561157226562
25,8,8,121.42773,185.0,125.0,-3.5722732543945312,3.5722732543945312
25,9,9,121.84364,184.0,125.0,-3.1563568115234375,3.1563568115234375
25,10,10,118.79815,183.0,125.0,-6.201850891113281,6.201850891113281
25,11,11,120.061905,182.0,125.0,-4.9380950927734375,4.9380950927734375
25,12,12,117.79432,181.0,125.0,-7.205680847167969,7.205680847167969
25,13,13,120.12839,180.0,125.0,-4.871612548828125,4.871612548828125
25,14,14,120.38143,179.0,125.0,-4.618568420410156,4.618568420410156
25,15,15,121.021835,178.0,125.0,-3.9781646728515625,3.9781646728515625
25,16,16,122.8492,177.0,125.0,-2.1508026123046875,2.1508026123046875
25,17,17,123.57251,176.0,125.0,-1.427490234375,1.427490234375
25,18,18,120.0515,175.0,125.0,-4.9485015869140625,4.9485015869140625
25,19,19,119.24442,174.0,125.0,-5.755577087402344,5.755577087402344
25,20,20,121.16057,173.0,125.0,-3.8394317626953125,3.8394317626953125
25,21,21,121.90341,172.0,125.0,-3.096588134765625,3.096588134765625
25,22,22,122.2787,171.0,125.0,-2.7212982177734375,2.7212982177734375
25,23,23,123.30252,170.0,125.0,-1.697479248046875,1.697479248046875
25,24,24,122.40014,169.0,125.0,-2.5998611450195312,2.5998611450195312
25,25,25,120.88335,168.0,125.0,-4.1166534423828125,4.1166534423828125
25,26,26,121.397675,167.0,125.0,-3.602325439453125,3.602325439453125
25,27,27,122.71324,166.0,125.0,-2.2867584228515625,2.2867584228515625
25,28,28,122.34012,165.0,125.0,-2.659881591796875,2.659881591796875
25,29,29,123.78407,164.0,125.0,-1.2159271240234375,1.2159271240234375
25,30,30,123.77937,163.0,125.0,-1.2206268310546875,1.2206268310546875
25,31,31,122.53031,162.0,125.0,-2.4696884155273438,2.4696884155273438
25,32,32,122.0036,161.0,125.0,-2.99639892578125,2.99639892578125
25,33,33,122.73158,160.0,125.0,-2.2684173583984375,2.2684173583984375
25,34,34,122.61376,159.0,125.0,-2.3862380981445312,2.3862380981445312
25,35,35,123.47054,158.0,125.0,-1.5294570922851562,1.5294570922851562
25,36,36,123.73648,157.0,125.0,-1.263519287109375,1.263519287109375
25,37,37,123.094635,156.0,125.0,-1.905364990234375,1.905364990234375
25,38,38,122.57272,155.0,125.0,-2.427276611328125,2.427276611328125
25,39,39,119.504395,154.0,125.0,-5.49560546875,5.49560546875
25,40,40,117.36597,153.0,125.0,-7.634033203125,7.634033203125
25,41,41,112.75307,152.0,125.0,-12.246932983398438,12.246932983398438
25,42,42,107.02557,151.0,125.0,-17.97442626953125,17.97442626953125
25,43,43,115.23715,150.0,125.0,-9.762847900390625,9.762847900390625
25,44,44,113.07828,149.0,125.0,-11.921722412109375,11.921722412109375
25,45,45,106.440895,148.0,125.0,-18.559104919433594,18.559104919433594
25,46,46,112.74057,147.0,125.0,-12.259429931640625,12.259429931640625
25,47,47,114.58763,146.0,125.0,-10.412368774414062,10.412368774414062
25,48,48,104.258224,145.0,125.0,-20.741775512695312,20.741775512695312
26,1,1,122.934265,194.0,125.0,-2.06573486328125,2.06573486328125
26,2,2,122.91014,193.0,125.0,-2.0898590087890625,2.0898590087890625
26,3,3,122.81097,192.0,125.0,-2.1890335083007812,2.1890335083007812
26,4,4,122.84606,191.0,125.0,-2.1539382934570312,2.1539382934570312
26,5,5,122.225494,190.0,125.0,-2.774505615234375,2.774505615234375
26,6,6,121.518135,189.0,125.0,-3.4818649291992188,3.4818649291992188
26,7,7,121.21782,188.0,125.0,-3.7821807861328125,3.7821807861328125
26,8,8,121.31368,187.0,125.0,-3.6863174438476562,3.6863174438476562
26,9,9,120.80809,186.0,125.0,-4.1919097900390625,4.1919097900390625
26,10,10,120.99487,185.0,125.0,-4.005126953125,4.005126953125
26,11,11,121.55072,184.0,125.0,-3.44927978515625,3.44927978515625
26,12,12,120.794525,183.0,125.0,-4.205474853515625,4.205474853515625
26,13,13,119.77742,182.0,125.0,-5.2225799560546875,5.2225799560546875
26,14,14,117.3607,181.0,125.0,-7.6392974853515625,7.6392974853515625
26,15,15,116.80238,180.0,125.0,-8.197616577148438,8.197616577148438
26,16,16,115.5798,179.0,125.0,-9.420196533203125,9.420196533203125
26,17,17,116.43986,178.0,125.0,-8.560142517089844,8.560142517089844
26,18,18,116.85794,177.0,125.0,-8.142059326171875,8.142059326171875
26,19,19,115.81191,176.0,125.0,-9.188087463378906,9.188087463378906
26,20,20,115.34535,175.0,125.0,-9.654647827148438,9.654647827148438
26,21,21,116.350784,174.0,125.0,-8.649215698242188,8.649215698242188
26,22,22,118.450226,173.0,125.0,-6.549774169921875,6.549774169921875
26,23,23,119.68869,172.0,125.0,-5.311309814453125,5.311309814453125
26,24,24,119.72928,171.0,125.0,-5.270721435546875,5.270721435546875
26,25,25,120.64034,170.0,125.0,-4.359657287597656,4.359657287597656
26,26,26,116.033066,169.0,125.0,-8.966934204101562,8.966934204101562
26,27,27,116.53834,168.0,125.0,-8.461662292480469,8.461662292480469
26,28,28,118.53207,167.0,125.0,-6.467933654785156,6.467933654785156
26,29,29,119.73774,166.0,125.0,-5.262260437011719,5.262260437011719
26,30,30,120.39464,165.0,125.0,-4.6053619384765625,4.6053619384765625
26,31,31,121.32767,164.0,125.0,-3.672332763671875,3.672332763671875
26,32,32,121.51077,163.0,125.0,-3.489227294921875,3.489227294921875
26,33,33,121.072044,162.0,125.0,-3.9279556274414062,3.9279556274414062
26,34,34,119.57988,161.0,125.0,-5.4201202392578125,5.4201202392578125
26,35,35,119.17747,160.0,125.0,-5.822532653808594,5.822532653808594
26,36,36,119.81763,159.0,125.0,-5.182373046875,5.182373046875
26,37,37,118.34842,158.0,125.0,-6.651580810546875,6.651580810546875
26,38,38,120.72463,157.0,125.0,-4.275367736816406,4.275367736816406
26,39,39,119.85144,156.0,125.0,-5.1485595703125,5.1485595703125
26,40,40,115.88186,155.0,125.0,-9.118141174316406,9.118141174316406
26,41,41,117.56407,154.0,125.0,-7.4359283447265625,7.4359283447265625
26,42,42,118.7511,153.0,125.0,-6.2489013671875,6.2489013671875
26,43,43,120.46371,152.0,125.0,-4.536293029785156,4.536293029785156
26,44,44,120.27948,151.0,125.0,-4.72052001953125,4.72052001953125
26,45,45,117.01022,150.0,125.0,-7.989776611328125,7.989776611328125
26,46,46,119.1495,149.0,125.0,-5.850502014160156,5.850502014160156
26,47,47,119.43707,148.0,125.0,-5.56292724609375,5.56292724609375
26,48,48,121.31883,147.0,125.0,-3.6811676025390625,3.6811676025390625
26,49,49,121.185326,146.0,125.0,-3.8146743774414062,3.8146743774414062
26,50,50,118.92392,145.0,125.0,-6.076080322265625,6.076080322265625
26,51,51,120.809204,144.0,125.0,-4.1907958984375,4.1907958984375
26,52,52,122.234116,143.0,125.0,-2.7658843994140625,2.7658843994140625
26,53,53,121.04229,142.0,125.0,-3.9577102661132812,3.9577102661132812
26,54,54,121.60988,141.0,125.0,-3.3901214599609375,3.3901214599609375
26,55,55,122.66544,140.0,125.0,-2.3345565795898438,2.3345565795898438
26,56,56,122.163216,139.0,125.0,-2.8367843627929688,2.8367843627929688
26,57,57,120.7177,138.0,125.0,-4.2823028564453125,4.2823028564453125
26,58,58,118.944405,137.0,125.0,-6.055595397949219,6.055595397949219
26,59,59,119.19245,136.0,125.0,-5.807548522949219,5.807548522949219
26,60,60,119.621994,135.0,125.0,-5.3780059814453125,5.3780059814453125
26,61,61,119.35963,134.0,125.0,-5.640373229980469,5.640373229980469
26,62,62,120.95668,133.0,125.0,-4.0433197021484375,4.0433197021484375
26,63,63,120.67192,132.0,125.0,-4.3280792236328125,4.3280792236328125
26,64,64,118.83275,131.0,125.0,-6.1672515869140625,6.1672515869140625
26,65,65,119.44763,130.0,125.0,-5.5523681640625,5.5523681640625
26,66,66,117.68625,129.0,125.0,-7.313751220703125,7.313751220703125
26,67,67,115.90681,128.0,125.0,-9.093193054199219,9.093193054199219
26,68,68,119.77803,127.0,125.0,-5.2219696044921875,5.2219696044921875
26,69,69,120.93267,126.0,125.0,-4.067329406738281,4.067329406738281
26,70,70,120.34807,125.0,125.0,-4.6519317626953125,4.6519317626953125
26,71,71,115.87929,124.0,124.0,-8.120712280273438,8.120712280273438
26,72,72,117.59928,123.0,123.0,-5.400718688964844,5.400718688964844
26,73,73,117.82632,122.0,122.0,-4.173683166503906,4.173683166503906
26,74,74,116.95035,121.0,121.0,-4.049652099609375,4.049652099609375
26,75,75,116.10339,120.0,120.0,-3.8966064453125,3.8966064453125
26,76,76,115.997444,119.0,119.0,-3.0025558471679688,3.0025558471679688
27,1,1,124.32121,205.0,125.0,-0.6787872314453125,0.6787872314453125
27,2,2,124.18498,204.0,125.0,-0.8150177001953125,0.8150177001953125
27,3,3,124.087296,203.0,125.0,-0.9127044677734375,0.9127044677734375
27,4,4,123.6612,202.0,125.0,-1.3387985229492188,1.3387985229492188
27,5,5,123.13333,201.0,125.0,-1.866668701171875,1.866668701171875
27,6,6,122.98756,200.0,125.0,-2.0124435424804688,2.0124435424804688
27,7,7,123.306046,199.0,125.0,-1.6939544677734375,1.6939544677734375
27,8,8,123.71547,198.0,125.0,-1.2845306396484375,1.2845306396484375
27,9,9,123.64244,197.0,125.0,-1.3575592041015625,1.3575592041015625
27,10,10,123.655754,196.0,125.0,-1.3442459106445312,1.3442459106445312
27,11,11,123.54703,195.0,125.0,-1.452972412109375,1.452972412109375
27,12,12,123.23711,194.0,125.0,-1.7628936767578125,1.7628936767578125
27,13,13,123.243355,193.0,125.0,-1.7566452026367188,1.7566452026367188
27,14,14,123.7489,192.0,125.0,-1.2510986328125,1.2510986328125
27,15,15,123.94683,191.0,125.0,-1.0531692504882812,1.0531692504882812
27,16,16,123.953354,190.0,125.0,-1.0466461181640625,1.0466461181640625
27,17,17,123.6996,189.0,125.0,-1.3003997802734375,1.3003997802734375
27,18,18,123.7949,188.0,125.0,-1.2051010131835938,1.2051010131835938
27,19,19,123.961075,187.0,125.0,-1.0389251708984375,1.0389251708984375
27,20,20,123.70933,186.0,125.0,-1.2906723022460938,1.2906723022460938
27,21,21,123.88573,185.0,125.0,-1.1142730712890625,1.1142730712890625
27,22,22,124.08296,184.0,125.0,-0.9170379638671875,0.9170379638671875
27,23,23,123.53639,183.0,125.0,-1.4636077880859375,1.4636077880859375
27,24,24,123.67534,182.0,125.0,-1.3246612548828125,1.3246612548828125
27,25,25,123.880875,181.0,125.0,-1.1191253662109375,1.1191253662109375
27,26,26,123.971924,180.0,125.0,-1.028076171875,1.028076171875
27,27,27,123.82641,179.0,125.0,-1.1735916137695312,1.1735916137695312
27,28,28,123.42981,178.0,125.0,-1.5701904296875,1.5701904296875
27,29,29,123.42137,177.0,125.0,-1.5786285400390625,1.5786285400390625
27,30,30,123.69441,176.0,125.0,-1.3055877685546875,1.3055877685546875
27,31,31,124.07473,175.0,125.0,-0.9252700805664062,0.9252700805664062
27,32,32,124.03926,174.0,125.0,-0.9607391357421875,0.9607391357421875
27,33,33,124.5907,173.0,125.0,-0.4093017578125,0.4093017578125
27,34,34,123.92546,172.0,125.0,-1.0745391845703125,1.0745391845703125
27,35,35,123.85176,171.0,125.0,-1.1482391357421875,1.1482391357421875
27,36,36,123.96913,170.0,125.0,-1.0308685302734375,1.0308685302734375
27,37,37,123.574234,169.0,125.0,-1.4257659912109375,1.4257659912109375
27,38,38,123.52813,168.0,125.0,-1.4718704223632812,1.4718704223632812
27,39,39,124.03288,167.0,125.0,-0.9671173095703125,0.9671173095703125
27,40,40,123.69834,166.0,125.0,-1.3016586303710938,1.3016586303710938
27,41,41,124.12095,165.0,125.0,-0.8790512084960938,0.8790512084960938
27,42,42,123.76625,164.0,125.0,-1.2337493896484375,1.2337493896484375
27,43,43,123.89969,163.0,125.0,-1.100311279296875,1.100311279296875
27,44,44,123.99046,162.0,125.0,-1.0095367431640625,1.0095367431640625
27,45,45,123.86915,161.0,125.0,-1.1308517456054688,1.1308517456054688
27,46,46,123.13833,160.0,125.0,-1.8616714477539062,1.8616714477539062
27,47,47,123.733475,159.0,125.0,-1.2665252685546875,1.2665252685546875
27,48,48,123.84895,158.0,125.0,-1.1510467529296875,1.1510467529296875
27,49,49,123.82541,157.0,125.0,-1.174591064453125,1.174591064453125
27,50,50,123.64935,156.0,125.0,-1.35064697265625,1.35064697265625
27,51,51,123.48755,155.0,125.0,-1.512451171875,1.512451171875
27,52,52,123.9525,154.0,125.0,-1.0475006103515625,1.0475006103515625
27,53,53,123.144615,153.0,125.0,-1.8553848266601562,1.8553848266601562
27,54,54,122.81876,152.0,125.0,-2.1812362670898438,2.1812362670898438
27,55,55,123.183395,151.0,125.0,-1.8166046142578125,1.8166046142578125
27,56,56,123.78932,150.0,125.0,-1.2106781005859375,1.2106781005859375
27,57,57,124.04725,149.0,125.0,-0.9527511596679688,0.9527511596679688
27,58,58,123.83296,148.0,125.0,-1.1670379638671875,1.1670379638671875
27,59,59,123.67476,147.0,125.0,-1.3252410888671875,1.3252410888671875
27,60,60,123.78677,146.0,125.0,-1.213226318359375,1.213226318359375
27,61,61,124.00776,145.0,125.0,-0.9922409057617188,0.9922409057617188
27,62,62,124.336426,144.0,125.0,-0.66357421875,0.66357421875
27,63,63,124.29067,143.0,125.0,-0.7093276977539062,0.7093276977539062
27,64,64,123.48329,142.0,125.0,-1.5167083740234375,1.5167083740234375
27,65,65,123.44835,141.0,125.0,-1.5516510009765625,1.5516510009765625
27,66,66,123.62277,140.0,125.0,-1.377227783203125,1.377227783203125
27,67,67,123.01344,139.0,125.0,-1.9865570068359375,1.9865570068359375
27,68,68,122.632034,138.0,125.0,-2.3679656982421875,2.3679656982421875
27,69,69,121.63704,137.0,125.0,-3.3629608154296875,3.3629608154296875
27,70,70,121.10051,136.0,125.0,-3.8994903564453125,3.8994903564453125
27,71,71,120.01936,135.0,125.0,-4.9806365966796875,4.9806365966796875
27,72,72,121.068726,134.0,125.0,-3.9312744140625,3.9312744140625
27,73,73,122.522156,133.0,125.0,-2.47784423828125,2.47784423828125
27,74,74,122.86743,132.0,125.0,-2.132568359375,2.132568359375
27,75,75,120.97169,131.0,125.0,-4.028312683105469,4.028312683105469
27,76,76,120.66053,130.0,125.0,-4.339469909667969,4.339469909667969
27,77,77,118.39942,129.0,125.0,-6.600578308105469,6.600578308105469
27,78,78,119.98287,128.0,125.0,-5.017127990722656,5.017127990722656
27,79,79,120.66451,127.0,125.0,-4.335487365722656,4.335487365722656
27,80,80,121.295135,126.0,125.0,-3.704864501953125,3.704864501953125
27,81,81,121.12326,125.0,125.0,-3.876739501953125,3.876739501953125
27,82,82,118.417305,124.0,124.0,-5.582695007324219,5.582695007324219
27,83,83,118.755356,123.0,123.0,-4.2446441650390625,4.2446441650390625
27,84,84,118.53583,122.0,122.0,-3.46417236328125,3.46417236328125
27,85,85,118.71602,121.0,121.0,-2.2839813232421875,2.2839813232421875
27,86,86,115.89995,120.0,120.0,-4.1000518798828125,4.1000518798828125
27,87,87,119.12065,119.0,119.0,0.1206512451171875,0.1206512451171875
27,88,88,120.9427,118.0,118.0,2.9427032470703125,2.9427032470703125
27,89,89,121.21068,117.0,117.0,4.2106781005859375,4.2106781005859375
27,90,90,120.832436,116.0,116.0,4.832435607910156,4.832435607910156
27,91,91,121.10977,115.0,115.0,6.109771728515625,6.109771728515625
27,92,92,121.634094,114.0,114.0,7.63409423828125,7.63409423828125
27,93,93,120.2008,113.0,113.0,7.200798034667969,7.200798034667969
27,94,94,118.32364,112.0,112.0,6.323638916015625,6.323638916015625
27,95,95,121.227585,111.0,111.0,10.227584838867188,10.227584838867188
27,96,96,121.97358,110.0,110.0,11.973579406738281,11.973579406738281
27,97,97,122.29091,109.0,109.0,13.290908813476562,13.290908813476562
27,98,98,120.80367,108.0,108.0,12.803672790527344,12.803672790527344
27,99,99,115.7229,107.0,107.0,8.722900390625,8.722900390625
27,100,100,117.340256,106.0,106.0,11.340255737304688,11.340255737304688
27,101,101,118.448364,105.0,105.0,13.4483642578125,13.4483642578125
27,102,102,120.45332,104.0,104.0,16.453323364257812,16.453323364257812
27,103,103,122.15938,103.0,103.0,19.159378051757812,19.159378051757812
27,104,104,122.7887,102.0,102.0,20.7886962890625,20.7886962890625
27,105,105,120.90629,101.0,101.0,19.906288146972656,19.906288146972656
27,106,106,119.8275,100.0,100.0,19.827499389648438,19.827499389648438
27,107,107,115.26653,99.0,99.0,16.26653289794922,16.26653289794922
27,108,108,116.90991,98.0,98.0,18.909912109375,18.909912109375
27,109,109,116.25964,97.0,97.0,19.2596435546875,19.2596435546875
27,110,110,120.27245,96.0,96.0,24.27245330810547,24.27245330810547
27,111,111,121.13494,95.0,95.0,26.13494110107422,26.13494110107422
27,112,112,114.40004,94.0,94.0,20.400039672851562,20.400039672851562
27,113,113,115.722946,93.0,93.0,22.722946166992188,22.722946166992188
27,114,114,118.10559,92.0,92.0,26.1055908203125,26.1055908203125
27,115,115,100.184784,91.0,91.0,9.184783935546875,9.184783935546875
27,116,116,95.527565,90.0,90.0,5.527565002441406,5.527565002441406
27,117,117,90.325455,89.0,89.0,1.3254547119140625,1.3254547119140625
27,118,118,96.827484,88.0,88.0,8.827484130859375,8.827484130859375
27,119,119,100.609695,87.0,87.0,13.609695434570312,13.609695434570312
27,120,120,99.84517,86.0,86.0,13.845169067382812,13.845169067382812
27,121,121,94.323494,85.0,85.0,9.323493957519531,9.323493957519531
27,122,122,103.62638,84.0,84.0,19.626380920410156,19.626380920410156
27,123,123,104.08316,83.0,83.0,21.083160400390625,21.083160400390625
27,124,124,76.24053,82.0,82.0,-5.759468078613281,5.759468078613281
27,125,125,76.07604,81.0,81.0,-4.923957824707031,4.923957824707031
27,126,126,72.23307,80.0,80.0,-7.766929626464844,7.766929626464844
27,127,127,64.7464,79.0,79.0,-14.25360107421875,14.25360107421875
27,128,128,63.910175,78.0,78.0,-14.089824676513672,14.089824676513672
27,129,129,62.17773,77.0,77.0,-14.822269439697266,14.822269439697266
27,130,130,64.217,76.0,76.0,-11.782997131347656,11.782997131347656
27,131,131,64.68442,75.0,75.0,-10.315582275390625,10.315582275390625
27,132,132,62.696224,74.0,74.0,-11.303775787353516,11.303775787353516
27,133,133,61.24573,73.0,73.0,-11.754268646240234,11.754268646240234
27,134,134,61.207024,72.0,72.0,-10.792976379394531,10.792976379394531
27,135,135,60.398285,71.0,71.0,-10.601715087890625,10.601715087890625
27,136,136,59.753235,70.0,70.0,-10.24676513671875,10.24676513671875
27,137,137,61.0675,69.0,69.0,-7.932498931884766,7.932498931884766
27,138,138,65.70289,68.0,68.0,-2.2971115112304688,2.2971115112304688
27,139,139,71.05648,67.0,67.0,4.056480407714844,4.056480407714844
27,140,140,73.82756,66.0,66.0,7.8275604248046875,7.8275604248046875
28,1,1,124.61027,254.0,125.0,-0.38973236083984375,0.38973236083984375
28,2,2,125.0,253.0,125.0,0.0,0.0
28,3,3,125.0,252.0,125.0,0.0,0.0
28,4,4,125.0,251.0,125.0,0.0,0.0
28,5,5,125.0,250.0,125.0,0.0,0.0
28,6,6,125.0,249.0,125.0,0.0,0.0
28,7,7,125.0,248.0,125.0,0.0,0.0
28,8,8,125.0,247.0,125.0,0.0,0.0
28,9,9,125.0,246.0,125.0,0.0,0.0
28,10,10,125.0,245.0,125.0,0.0,0.0
28,11,11,125.0,244.0,125.0,0.0,0.0
28,12,12,125.0,243.0,125.0,0.0,0.0
28,13,13,125.0,242.0,125.0,0.0,0.0
28,14,14,125.0,241.0,125.0,0.0,0.0
28,15,15,125.0,240.0,125.0,0.0,0.0
28,16,16,125.0,239.0,125.0,0.0,0.0
28,17,17,125.0,238.0,125.0,0.0,0.0
28,18,18,124.56348,237.0,125.0,-0.4365234375,0.4365234375
28,19,19,124.91289,236.0,125.0,-0.0871124267578125,0.0871124267578125
28,20,20,120.01417,235.0,125.0,-4.985832214355469,4.985832214355469
28,21,21,120.63452,234.0,125.0,-4.365478515625,4.365478515625
28,22,22,115.43677,233.0,125.0,-9.563232421875,9.563232421875
28,23,23,111.46743,232.0,125.0,-13.532569885253906,13.532569885253906
28,24,24,111.37276,231.0,125.0,-13.627243041992188,13.627243041992188
28,25,25,116.193245,230.0,125.0,-8.806755065917969,8.806755065917969
28,26,26,119.6797,229.0,125.0,-5.3202972412109375,5.3202972412109375
28,27,27,121.00842,228.0,125.0,-3.9915771484375,3.9915771484375
28,28,28,117.30061,227.0,125.0,-7.6993865966796875,7.6993865966796875
28,29,29,120.786415,226.0,125.0,-4.213584899902344,4.213584899902344
28,30,30,122.453606,225.0,125.0,-2.5463943481445312,2.5463943481445312
28,31,31,123.33208,224.0,125.0,-1.6679229736328125,1.6679229736328125
28,32,32,123.70912,223.0,125.0,-1.2908782958984375,1.2908782958984375
28,33,33,123.55705,222.0,125.0,-1.4429473876953125,1.4429473876953125
28,34,34,122.94759,221.0,125.0,-2.0524063110351562,2.0524063110351562
28,35,35,121.25091,220.0,125.0,-3.7490921020507812,3.7490921020507812
28,36,36,118.98781,219.0,125.0,-6.0121917724609375,6.0121917724609375
28,37,37,120.206726,218.0,125.0,-4.79327392578125,4.79327392578125
28,38,38,112.57582,217.0,125.0,-12.424179077148438,12.424179077148438
28,39,39,113.11236,216.0,125.0,-11.887641906738281,11.887641906738281
28,40,40,113.36603,215.0,125.0,-11.63397216796875,11.63397216796875
28,41,41,113.688385,214.0,125.0,-11.311614990234375,11.311614990234375
28,42,42,113.778885,213.0,125.0,-11.221115112304688,11.221115112304688
28,43,43,113.875824,212.0,125.0,-11.124176025390625,11.124176025390625
28,44,44,113.80238,211.0,125.0,-11.197616577148438,11.197616577148438
28,45,45,113.88721,210.0,125.0,-11.11279296875,11.11279296875
28,46,46,114.03345,209.0,125.0,-10.966552734375,10.966552734375
28,47,47,114.13309,208.0,125.0,-10.866912841796875,10.866912841796875
28,48,48,114.03337,207.0,125.0,-10.966629028320312,10.966629028320312
28,49,49,114.127754,206.0,125.0,-10.872245788574219,10.872245788574219
28,50,50,68.99203,205.0,125.0,-56.007972717285156,56.007972717285156
28,51,51,54.639908,204.0,125.0,-70.36009216308594,70.36009216308594
28,52,52,122.25528,203.0,125.0,-2.744720458984375,2.744720458984375
28,53,53,119.59695,202.0,125.0,-5.403053283691406,5.403053283691406
28,54,54,120.0101,201.0,125.0,-4.989898681640625,4.989898681640625
28,55,55,119.61989,200.0,125.0,-5.3801116943359375,5.3801116943359375
28,56,56,109.56017,199.0,125.0,-15.439826965332031,15.439826965332031
28,57,57,111.9338,198.0,125.0,-13.066200256347656,13.066200256347656
28,58,58,83.527466,197.0,125.0,-41.4725341796875,41.4725341796875
28,59,59,113.28331,196.0,125.0,-11.716690063476562,11.716690063476562
28,60,60,113.61292,195.0,125.0,-11.387077331542969,11.387077331542969
28,61,61,113.491394,194.0,125.0,-11.50860595703125,11.50860595703125
28,62,62,113.96374,193.0,125.0,-11.036262512207031,11.036262512207031
28,63,63,113.67821,192.0,125.0,-11.321792602539062,11.321792602539062
28,64,64,113.32114,191.0,125.0,-11.678863525390625,11.678863525390625
28,65,65,113.59146,190.0,125.0,-11.408538818359375,11.408538818359375
28,66,66,113.473404,189.0,125.0,-11.526596069335938,11.526596069335938
28,67,67,113.74599,188.0,125.0,-11.254013061523438,11.254013061523438
28,68,68,113.62868,187.0,125.0,-11.371322631835938,11.371322631835938
28,69,69,113.20436,186.0,125.0,-11.795639038085938,11.795639038085938
28,70,70,113.21416,185.0,125.0,-11.785842895507812,11.785842895507812
28,71,71,113.09407,184.0,125.0,-11.905929565429688,11.905929565429688
28,72,72,113.72246,183.0,125.0,-11.277542114257812,11.277542114257812
28,73,73,113.83216,182.0,125.0,-11.167839050292969,11.167839050292969
28,74,74,113.63748,181.0,125.0,-11.362518310546875,11.362518310546875
28,75,75,114.00284,180.0,125.0,-10.997161865234375,10.997161865234375
28,76,76,114.151024,179.0,125.0,-10.848976135253906,10.848976135253906
28,77,77,114.196,178.0,125.0,-10.804000854492188,10.804000854492188
28,78,78,114.25611,177.0,125.0,-10.743888854980469,10.743888854980469
28,79,79,114.219246,176.0,125.0,-10.780754089355469,10.780754089355469
28,80,80,114.19525,175.0,125.0,-10.80474853515625,10.80474853515625
28,81,81,114.16458,174.0,125.0,-10.835418701171875,10.835418701171875
28,82,82,113.980705,173.0,125.0,-11.019294738769531,11.019294738769531
28,83,83,113.787056,172.0,125.0,-11.212944030761719,11.212944030761719
28,84,84,113.99434,171.0,125.0,-11.005661010742188,11.005661010742188
28,85,85,113.988,170.0,125.0,-11.012001037597656,11.012001037597656
28,86,86,113.91919,169.0,125.0,-11.080810546875,11.080810546875
28,87,87,113.77313,168.0,125.0,-11.22686767578125,11.22686767578125
28,88,88,113.61588,167.0,125.0,-11.384117126464844,11.384117126464844
28,89,89,113.78373,166.0,125.0,-11.216270446777344,11.216270446777344
28,90,90,113.98844,165.0,125.0,-11.011558532714844,11.011558532714844
28,91,91,114.00673,164.0,125.0,-10.993270874023438,10.993270874023438
28,92,92,114.08015,163.0,125.0,-10.919853210449219,10.919853210449219
28,93,93,113.73147,162.0,125.0,-11.268531799316406,11.268531799316406
28,94,94,114.072296,161.0,125.0,-10.927703857421875,10.927703857421875
28,95,95,113.97804,160.0,125.0,-11.021957397460938,11.021957397460938
28,96,96,112.95465,159.0,125.0,-12.04534912109375,12.04534912109375
28,97,97,112.75963,158.0,125.0,-12.240371704101562,12.240371704101562
28,98,98,113.933975,157.0,125.0,-11.066024780273438,11.066024780273438
28,99,99,113.863106,156.0,125.0,-11.136894226074219,11.136894226074219
28,100,100,113.46405,155.0,125.0,-11.53594970703125,11.53594970703125
28,101,101,113.80901,154.0,125.0,-11.190986633300781,11.190986633300781
28,102,102,113.56733,153.0,125.0,-11.432670593261719,11.432670593261719
28,103,103,113.66204,152.0,125.0,-11.337959289550781,11.337959289550781
28,104,104,112.174164,151.0,125.0,-12.825836181640625,12.825836181640625
28,105,105,113.497795,150.0,125.0,-11.502204895019531,11.502204895019531
28,106,106,113.4146,149.0,125.0,-11.585403442382812,11.585403442382812
28,107,107,112.222336,148.0,125.0,-12.777664184570312,12.777664184570312
28,108,108,111.99231,147.0,125.0,-13.0076904296875,13.0076904296875
28,109,109,111.689186,146.0,125.0,-13.310813903808594,13.310813903808594
28,110,110,111.17159,145.0,125.0,-13.828407287597656,13.828407287597656
28,111,111,112.740364,144.0,125.0,-12.259635925292969,12.259635925292969
28,112,112,112.5298,143.0,125.0,-12.470199584960938,12.470199584960938
28,113,113,111.90165,142.0,125.0,-13.098350524902344,13.098350524902344
28,114,114,112.352554,141.0,125.0,-12.647445678710938,12.647445678710938
28,115,115,113.01348,140.0,125.0,-11.986518859863281,11.986518859863281
28,116,116,113.54731,139.0,125.0,-11.452690124511719,11.452690124511719
28,117,117,113.38995,138.0,125.0,-11.61004638671875,11.61004638671875
28,118,118,113.606384,137.0,125.0,-11.39361572265625,11.39361572265625
28,119,119,113.81602,136.0,125.0,-11.183982849121094,11.183982849121094
28,120,120,113.98712,135.0,125.0,-11.01287841796875,11.01287841796875
28,121,121,114.04318,134.0,125.0,-10.956817626953125,10.956817626953125
28,122,122,114.11949,133.0,125.0,-10.880508422851562,10.880508422851562
28,123,123,114.14102,132.0,125.0,-10.858978271484375,10.858978271484375
28,124,124,114.13954,131.0,125.0,-10.860458374023438,10.860458374023438
28,125,125,113.47615,130.0,125.0,-11.523849487304688,11.523849487304688
28,126,126,110.0054,129.0,125.0,-14.994598388671875,14.994598388671875
28,127,127,110.40971,128.0,125.0,-14.590286254882812,14.590286254882812
28,128,128,111.97366,127.0,125.0,-13.026336669921875,13.026336669921875
28,129,129,112.89984,126.0,125.0,-12.10015869140625,12.10015869140625
28,130,130,111.54139,125.0,125.0,-13.458610534667969,13.458610534667969
28,131,131,112.486046,124.0,124.0,-11.513954162597656,11.513954162597656
28,132,132,113.02654,123.0,123.0,-9.973457336425781,9.973457336425781
28,133,133,113.27758,122.0,122.0,-8.722419738769531,8.722419738769531
28,134,134,113.74121,121.0,121.0,-7.2587890625,7.2587890625
28,135,135,114.026436,120.0,120.0,-5.973564147949219,5.973564147949219
28,136,136,113.25567,119.0,119.0,-5.744331359863281,5.744331359863281
28,137,137,113.85241,118.0,118.0,-4.147590637207031,4.147590637207031
28,138,138,113.72414,117.0,117.0,-3.2758636474609375,3.2758636474609375
28,139,139,113.75467,116.0,116.0,-2.245330810546875,2.245330810546875
28,140,140,113.0039,115.0,115.0,-1.9961013793945312,1.9961013793945312
28,141,141,112.69135,114.0,114.0,-1.3086471557617188,1.3086471557617188
28,142,142,112.95299,113.0,113.0,-0.0470123291015625,0.0470123291015625
28,143,143,112.73462,112.0,112.0,0.734619140625,0.734619140625
28,144,144,113.25343,111.0,111.0,2.2534332275390625,2.2534332275390625
28,145,145,113.19774,110.0,110.0,3.1977386474609375,3.1977386474609375
28,146,146,113.08234,109.0,109.0,4.08233642578125,4.08233642578125
28,147,147,113.6457,108.0,108.0,5.645698547363281,5.645698547363281
28,148,148,113.48752,107.0,107.0,6.487518310546875,6.487518310546875
28,149,149,112.78777,106.0,106.0,6.787773132324219,6.787773132324219
28,150,150,113.327415,105.0,105.0,8.327415466308594,8.327415466308594
28,151,151,113.24657,104.0,104.0,9.246566772460938,9.246566772460938
28,152,152,112.22184,103.0,103.0,9.221839904785156,9.221839904785156
28,153,153,113.74841,102.0,102.0,11.7484130859375,11.7484130859375
28,154,154,113.74147,101.0,101.0,12.741470336914062,12.741470336914062
28,155,155,112.09787,100.0,100.0,12.097869873046875,12.097869873046875
28,156,156,111.33919,99.0,99.0,12.339187622070312,12.339187622070312
28,157,157,111.77053,98.0,98.0,13.770530700683594,13.770530700683594
28,158,158,112.13615,97.0,97.0,15.136146545410156,15.136146545410156
29,1,1,124.18885,260.0,125.0,-0.8111495971679688,0.8111495971679688
29,2,2,124.23419,259.0,125.0,-0.76580810546875,0.76580810546875
29,3,3,124.36078,258.0,125.0,-0.63922119140625,0.63922119140625
29,4,4,123.47505,257.0,125.0,-1.5249481201171875,1.5249481201171875
29,5,5,123.366135,256.0,125.0,-1.6338653564453125,1.6338653564453125
29,6,6,123.196335,255.0,125.0,-1.8036651611328125,1.8036651611328125
29,7,7,122.53827,254.0,125.0,-2.46173095703125,2.46173095703125
29,8,8,123.22033,253.0,125.0,-1.7796707153320312,1.7796707153320312
29,9,9,123.461395,252.0,125.0,-1.538604736328125,1.538604736328125
29,10,10,123.410904,251.0,125.0,-1.5890960693359375,1.5890960693359375
29,11,11,122.514404,250.0,125.0,-2.485595703125,2.485595703125
29,12,12,122.37322,249.0,125.0,-2.6267776489257812,2.6267776489257812
29,13,13,118.53298,248.0,125.0,-6.467018127441406,6.467018127441406
29,14,14,116.454056,247.0,125.0,-8.545944213867188,8.545944213867188
29,15,15,115.59132,246.0,125.0,-9.408683776855469,9.408683776855469
29,16,16,119.445015,245.0,125.0,-5.554985046386719,5.554985046386719
29,17,17,119.55398,244.0,125.0,-5.446022033691406,5.446022033691406
29,18,18,118.1765,243.0,125.0,-6.8235015869140625,6.8235015869140625
29,19,19,120.79318,242.0,125.0,-4.206817626953125,4.206817626953125
29,20,20,121.41098,241.0,125.0,-3.589019775390625,3.589019775390625
29,21,21,121.42723,240.0,125.0,-3.5727691650390625,3.5727691650390625
29,22,22,120.86162,239.0,125.0,-4.1383819580078125,4.1383819580078125
29,23,23,121.76703,238.0,125.0,-3.23297119140625,3.23297119140625
29,24,24,121.865555,237.0,125.0,-3.1344451904296875,3.1344451904296875
29,25,25,120.32214,236.0,125.0,-4.6778564453125,4.6778564453125
29,26,26,121.40634,235.0,125.0,-3.593658447265625,3.593658447265625
29,27,27,119.62491,234.0,125.0,-5.375091552734375,5.375091552734375
29,28,28,118.943756,233.0,125.0,-6.056243896484375,6.056243896484375
29,29,29,119.89766,232.0,125.0,-5.1023406982421875,5.1023406982421875
29,30,30,119.62364,231.0,125.0,-5.3763580322265625,5.3763580322265625
29,31,31,120.8731,230.0,125.0,-4.126899719238281,4.126899719238281
29,32,32,121.5357,229.0,125.0,-3.4643020629882812,3.4643020629882812
29,33,33,121.19804,228.0,125.0,-3.8019638061523438,3.8019638061523438
29,34,34,121.840614,227.0,125.0,-3.1593856811523438,3.1593856811523438
29,35,35,121.96024,226.0,125.0,-3.0397567749023438,3.0397567749023438
29,36,36,122.20871,225.0,125.0,-2.791290283203125,2.791290283203125
29,37,37,121.75024,224.0,125.0,-3.2497634887695312,3.2497634887695312
29,38,38,122.463776,223.0,125.0,-2.536224365234375,2.536224365234375
29,39,39,123.00328,222.0,125.0,-1.9967193603515625,1.9967193603515625
29,40,40,122.99874,221.0,125.0,-2.0012588500976562,2.0012588500976562
29,41,41,120.19365,220.0,125.0,-4.8063507080078125,4.8063507080078125
29,42,42,121.17026,219.0,125.0,-3.829742431640625,3.829742431640625
29,43,43,120.83424,218.0,125.0,-4.1657562255859375,4.1657562255859375
29,44,44,120.236916,217.0,125.0,-4.763084411621094,4.763084411621094
29,45,45,121.111275,216.0,125.0,-3.8887252807617188,3.8887252807617188
29,46,46,122.564224,215.0,125.0,-2.4357757568359375,2.4357757568359375
29,47,47,121.70419,214.0,125.0,-3.295806884765625,3.295806884765625
29,48,48,119.647675,213.0,125.0,-5.352325439453125,5.352325439453125
29,49,49,119.122696,212.0,125.0,-5.8773040771484375,5.8773040771484375
29,50,50,117.73018,211.0,125.0,-7.2698211669921875,7.2698211669921875
29,51,51,116.386635,210.0,125.0,-8.613365173339844,8.613365173339844
29,52,52,115.869965,209.0,125.0,-9.130035400390625,9.130035400390625
29,53,53,117.47285,208.0,125.0,-7.527153015136719,7.527153015136719
29,54,54,119.01344,207.0,125.0,-5.9865570068359375,5.9865570068359375
29,55,55,116.31965,206.0,125.0,-8.680351257324219,8.680351257324219
29,56,56,119.47641,205.0,125.0,-5.523590087890625,5.523590087890625
29,57,57,117.74358,204.0,125.0,-7.256416320800781,7.256416320800781
29,58,58,116.406906,203.0,125.0,-8.593093872070312,8.593093872070312
29,59,59,116.41476,202.0,125.0,-8.585243225097656,8.585243225097656
29,60,60,115.59599,201.0,125.0,-9.404006958007812,9.404006958007812
29,61,61,118.22183,200.0,125.0,-6.778167724609375,6.778167724609375
29,62,62,119.4186,199.0,125.0,-5.581398010253906,5.581398010253906
29,63,63,120.20932,198.0,125.0,-4.790679931640625,4.790679931640625
29,64,64,120.814575,197.0,125.0,-4.1854248046875,4.1854248046875
29,65,65,120.82168,196.0,125.0,-4.178321838378906,4.178321838378906
29,66,66,119.15492,195.0,125.0,-5.8450775146484375,5.8450775146484375
29,67,67,121.00119,194.0,125.0,-3.998809814453125,3.998809814453125
29,68,68,121.63097,193.0,125.0,-3.3690338134765625,3.3690338134765625
29,69,69,120.39646,192.0,125.0,-4.603538513183594,4.603538513183594
29,70,70,120.145256,191.0,125.0,-4.854743957519531,4.854743957519531
29,71,71,118.72583,190.0,125.0,-6.274169921875,6.274169921875
29,72,72,119.64592,189.0,125.0,-5.3540802001953125,5.3540802001953125
29,73,73,122.21235,188.0,125.0,-2.7876510620117188,2.7876510620117188
29,74,74,120.79497,187.0,125.0,-4.2050323486328125,4.2050323486328125
29,75,75,121.88571,186.0,125.0,-3.114288330078125,3.114288330078125
29,76,76,121.23386,185.0,125.0,-3.766143798828125,3.766143798828125
29,77,77,122.49155,184.0,125.0,-2.508453369140625,2.508453369140625
29,78,78,119.52965,183.0,125.0,-5.4703521728515625,5.4703521728515625
29,79,79,118.47198,182.0,125.0,-6.528022766113281,6.528022766113281
29,80,80,111.751205,181.0,125.0,-13.248794555664062,13.248794555664062
29,81,81,108.84323,180.0,125.0,-16.156768798828125,16.156768798828125
29,82,82,112.622055,179.0,125.0,-12.377944946289062,12.377944946289062
29,83,83,116.08528,178.0,125.0,-8.914718627929688,8.914718627929688
29,84,84,116.81178,177.0,125.0,-8.188217163085938,8.188217163085938
29,85,85,109.52322,176.0,125.0,-15.476783752441406,15.476783752441406
29,86,86,114.80093,175.0,125.0,-10.199073791503906,10.199073791503906
29,87,87,111.45456,174.0,125.0,-13.545440673828125,13.545440673828125
29,88,88,110.903305,173.0,125.0,-14.096694946289062,14.096694946289062
29,89,89,112.6904,172.0,125.0,-12.309600830078125,12.309600830078125
29,90,90,113.02512,171.0,125.0,-11.974876403808594,11.974876403808594
29,91,91,109.72998,170.0,125.0,-15.27001953125,15.27001953125
29,92,92,109.1624,169.0,125.0,-15.837600708007812,15.837600708007812
29,93,93,108.7917,168.0,125.0,-16.208297729492188,16.208297729492188
29,94,94,108.22913,167.0,125.0,-16.77086639404297,16.77086639404297
29,95,95,111.29821,166.0,125.0,-13.701789855957031,13.701789855957031
29,96,96,108.486206,165.0,125.0,-16.5137939453125,16.5137939453125
29,97,97,113.26317,164.0,125.0,-11.736831665039062,11.736831665039062
29,98,98,116.70981,163.0,125.0,-8.290191650390625,8.290191650390625
29,99,99,118.2528,162.0,125.0,-6.747200012207031,6.747200012207031
29,100,100,117.969086,161.0,125.0,-7.030914306640625,7.030914306640625
29,101,101,115.318825,160.0,125.0,-9.681175231933594,9.681175231933594
29,102,102,115.38129,159.0,125.0,-9.61871337890625,9.61871337890625
29,103,103,120.26004,158.0,125.0,-4.739959716796875,4.739959716796875
29,104,104,122.13758,157.0,125.0,-2.8624191284179688,2.8624191284179688
29,105,105,123.18497,156.0,125.0,-1.815032958984375,1.815032958984375
29,106,106,121.77846,155.0,125.0,-3.2215423583984375,3.2215423583984375
29,107,107,124.78163,154.0,125.0,-0.2183685302734375,0.2183685302734375
29,108,108,124.02721,153.0,125.0,-0.9727935791015625,0.9727935791015625
29,109,109,123.062164,152.0,125.0,-1.937835693359375,1.937835693359375
29,110,110,122.594986,151.0,125.0,-2.4050140380859375,2.4050140380859375
29,111,111,121.60016,150.0,125.0,-3.39984130859375,3.39984130859375
29,112,112,122.10902,149.0,125.0,-2.8909835815429688,2.8909835815429688
29,113,113,123.257126,148.0,125.0,-1.7428741455078125,1.7428741455078125
29,114,114,122.71478,147.0,125.0,-2.28521728515625,2.28521728515625
29,115,115,117.4602,146.0,125.0,-7.539802551269531,7.539802551269531
29,116,116,119.647095,145.0,125.0,-5.3529052734375,5.3529052734375
29,117,117,119.86488,144.0,125.0,-5.1351165771484375,5.1351165771484375
29,118,118,120.15583,143.0,125.0,-4.844169616699219,4.844169616699219
29,119,119,119.15323,142.0,125.0,-5.846771240234375,5.846771240234375
29,120,120,120.41147,141.0,125.0,-4.588531494140625,4.588531494140625
29,121,121,119.40003,140.0,125.0,-5.599967956542969,5.599967956542969
29,122,122,118.96038,139.0,125.0,-6.039619445800781,6.039619445800781
29,123,123,117.61284,138.0,125.0,-7.3871612548828125,7.3871612548828125
29,124,124,118.367386,137.0,125.0,-6.6326141357421875,6.6326141357421875
29,125,125,117.98213,136.0,125.0,-7.0178680419921875,7.0178680419921875
29,126,126,116.39876,135.0,125.0,-8.601242065429688,8.601242065429688
29,127,127,110.56662,134.0,125.0,-14.433380126953125,14.433380126953125
29,128,128,108.15155,133.0,125.0,-16.84844970703125,16.84844970703125
29,129,129,111.53699,132.0,125.0,-13.4630126953125,13.4630126953125
29,130,130,103.25746,131.0,125.0,-21.742538452148438,21.742538452148438
29,131,131,96.030106,130.0,125.0,-28.969894409179688,28.969894409179688
29,132,132,99.47733,129.0,125.0,-25.522666931152344,25.522666931152344
29,133,133,90.51495,128.0,125.0,-34.48504638671875,34.48504638671875
29,134,134,98.80934,127.0,125.0,-26.190658569335938,26.190658569335938
29,135,135,99.9573,126.0,125.0,-25.042701721191406,25.042701721191406
29,136,136,90.14589,125.0,125.0,-34.85411071777344,34.85411071777344
29,137,137,99.756744,124.0,124.0,-24.243255615234375,24.243255615234375
29,138,138,107.43425,123.0,123.0,-15.565750122070312,15.565750122070312
29,139,139,106.93977,122.0,122.0,-15.060226440429688,15.060226440429688
29,140,140,106.14679,121.0,121.0,-14.85321044921875,14.85321044921875
29,141,141,111.379234,120.0,120.0,-8.620765686035156,8.620765686035156
29,142,142,105.11857,119.0,119.0,-13.881431579589844,13.881431579589844
29,143,143,111.38832,118.0,118.0,-6.6116790771484375,6.6116790771484375
29,144,144,108.55621,117.0,117.0,-8.44378662109375,8.44378662109375
29,145,145,102.2202,116.0,116.0,-13.779800415039062,13.779800415039062
29,146,146,103.49439,115.0,115.0,-11.505607604980469,11.505607604980469
29,147,147,103.15681,114.0,114.0,-10.843193054199219,10.843193054199219
29,148,148,104.21544,113.0,113.0,-8.784561157226562,8.784561157226562
29,149,149,103.11804,112.0,112.0,-8.8819580078125,8.8819580078125
29,150,150,107.833984,111.0,111.0,-3.166015625,3.166015625
29,151,151,108.571785,110.0,110.0,-1.4282150268554688,1.4282150268554688
29,152,152,101.987114,109.0,109.0,-7.012886047363281,7.012886047363281
29,153,153,107.33781,108.0,108.0,-0.6621932983398438,0.6621932983398438
29,154,154,102.0437,107.0,107.0,-4.956298828125,4.956298828125
29,155,155,103.21988,106.0,106.0,-2.780120849609375,2.780120849609375
29,156,156,101.912025,105.0,105.0,-3.0879745483398438,3.0879745483398438
29,157,157,108.05794,104.0,104.0,4.0579376220703125,4.0579376220703125
29,158,158,109.574066,103.0,103.0,6.574066162109375,6.574066162109375
29,159,159,112.19937,102.0,102.0,10.199371337890625,10.199371337890625
29,160,160,110.68181,101.0,101.0,9.681808471679688,9.681808471679688
29,161,161,106.59403,100.0,100.0,6.594032287597656,6.594032287597656
29,162,162,102.76514,99.0,99.0,3.76513671875,3.76513671875
29,163,163,101.14781,98.0,98.0,3.1478118896484375,3.1478118896484375
29,164,164,94.13705,97.0,97.0,-2.8629531860351562,2.8629531860351562
29,165,165,95.91319,96.0,96.0,-0.0868072509765625,0.0868072509765625
29,166,166,92.154915,95.0,95.0,-2.8450851440429688,2.8450851440429688
29,167,167,94.14017,94.0,94.0,0.140167236328125,0.140167236328125
29,168,168,89.17198,93.0,93.0,-3.8280181884765625,3.8280181884765625
29,169,169,90.09601,92.0,92.0,-1.90399169921875,1.90399169921875
29,170,170,94.66169,91.0,91.0,3.6616897583007812,3.6616897583007812
29,171,171,98.11391,90.0,90.0,8.113906860351562,8.113906860351562
30,1,1,113.496346,257.0,125.0,-11.503654479980469,11.503654479980469
30,2,2,113.65815,256.0,125.0,-11.341850280761719,11.341850280761719
30,3,3,113.59474,255.0,125.0,-11.405258178710938,11.405258178710938
30,4,4,113.52604,254.0,125.0,-11.473960876464844,11.473960876464844
30,5,5,113.61533,253.0,125.0,-11.384666442871094,11.384666442871094
30,6,6,113.56187,252.0,125.0,-11.438133239746094,11.438133239746094
30,7,7,113.69632,251.0,125.0,-11.303680419921875,11.303680419921875
30,8,8,113.59477,250.0,125.0,-11.405227661132812,11.405227661132812
30,9,9,113.72723,249.0,125.0,-11.272773742675781,11.272773742675781
30,10,10,113.7787,248.0,125.0,-11.221298217773438,11.221298217773438
30,11,11,113.867065,247.0,125.0,-11.1329345703125,11.1329345703125
30,12,12,113.949554,246.0,125.0,-11.050445556640625,11.050445556640625
30,13,13,114.05139,245.0,125.0,-10.9486083984375,10.9486083984375
30,14,14,114.0239,244.0,125.0,-10.976097106933594,10.976097106933594
30,15,15,113.88455,243.0,125.0,-11.115447998046875,11.115447998046875
30,16,16,113.68561,242.0,125.0,-11.31439208984375,11.31439208984375
30,17,17,113.23369,241.0,125.0,-11.766311645507812,11.766311645507812
30,18,18,113.60652,240.0,125.0,-11.393478393554688,11.393478393554688
30,19,19,113.503296,239.0,125.0,-11.4967041015625,11.4967041015625
30,20,20,113.81035,238.0,125.0,-11.189651489257812,11.189651489257812
30,21,21,113.78489,237.0,125.0,-11.215110778808594,11.215110778808594
30,22,22,113.93706,236.0,125.0,-11.062942504882812,11.062942504882812
30,23,23,113.986374,235.0,125.0,-11.013626098632812,11.013626098632812
30,24,24,114.03357,234.0,125.0,-10.9664306640625,10.9664306640625
30,25,25,114.05443,233.0,125.0,-10.945571899414062,10.945571899414062
30,26,26,114.03418,232.0,125.0,-10.9658203125,10.9658203125
30,27,27,114.09456,231.0,125.0,-10.905441284179688,10.905441284179688
30,28,28,114.08922,230.0,125.0,-10.910781860351562,10.910781860351562
30,29,29,114.10225,229.0,125.0,-10.897750854492188,10.897750854492188
30,30,30,114.05672,228.0,125.0,-10.943283081054688,10.943283081054688
30,31,31,114.03382,227.0,125.0,-10.966178894042969,10.966178894042969
30,32,32,114.08192,226.0,125.0,-10.918083190917969,10.918083190917969
30,33,33,114.11986,225.0,125.0,-10.880142211914062,10.880142211914062
30,34,34,113.96397,224.0,125.0,-11.036033630371094,11.036033630371094
30,35,35,114.08365,223.0,125.0,-10.916351318359375,10.916351318359375
30,36,36,114.06007,222.0,125.0,-10.939933776855469,10.939933776855469
30,37,37,114.10319,221.0,125.0,-10.896812438964844,10.896812438964844
30,38,38,114.09081,220.0,125.0,-10.909187316894531,10.909187316894531
30,39,39,113.87114,219.0,125.0,-11.128860473632812,11.128860473632812
30,40,40,113.87004,218.0,125.0,-11.129959106445312,11.129959106445312
30,41,41,114.07421,217.0,125.0,-10.925788879394531,10.925788879394531
30,42,42,114.13216,216.0,125.0,-10.867843627929688,10.867843627929688
30,43,43,114.220314,215.0,125.0,-10.779685974121094,10.779685974121094
30,44,44,114.19406,214.0,125.0,-10.805938720703125,10.805938720703125
30,45,45,113.49619,213.0,125.0,-11.503807067871094,11.503807067871094
30,46,46,111.99641,212.0,125.0,-13.003593444824219,13.003593444824219
30,47,47,114.11495,211.0,125.0,-10.885047912597656,10.885047912597656
30,48,48,114.19599,210.0,125.0,-10.804008483886719,10.804008483886719
30,49,49,114.02576,209.0,125.0,-10.9742431640625,10.9742431640625
30,50,50,114.035065,208.0,125.0,-10.964935302734375,10.964935302734375
30,51,51,113.31267,207.0,125.0,-11.687332153320312,11.687332153320312
30,52,52,113.129776,206.0,125.0,-11.870223999023438,11.870223999023438
30,53,53,113.36032,205.0,125.0,-11.639678955078125,11.639678955078125
30,54,54,113.7209,204.0,125.0,-11.279098510742188,11.279098510742188
30,55,55,113.786606,203.0,125.0,-11.213394165039062,11.213394165039062
30,56,56,113.80369,202.0,125.0,-11.196311950683594,11.196311950683594
30,57,57,113.46772,201.0,125.0,-11.532279968261719,11.532279968261719
30,58,58,113.52643,200.0,125.0,-11.47357177734375,11.47357177734375
30,59,59,114.05109,199.0,125.0,-10.94891357421875,10.94891357421875
30,60,60,113.457344,198.0,125.0,-11.542655944824219,11.542655944824219
30,61,61,109.83617,197.0,125.0,-15.163833618164062,15.163833618164062
30,62,62,109.61999,196.0,125.0,-15.380012512207031,15.380012512207031
30,63,63,111.89418,195.0,125.0,-13.105819702148438,13.105819702148438
30,64,64,111.299095,194.0,125.0,-13.700904846191406,13.700904846191406
30,65,65,112.451454,193.0,125.0,-12.548545837402344,12.548545837402344
30,66,66,113.034256,192.0,125.0,-11.965744018554688,11.965744018554688
30,67,67,112.64653,191.0,125.0,-12.353469848632812,12.353469848632812
30,68,68,113.68278,190.0,125.0,-11.317222595214844,11.317222595214844
30,69,69,113.73165,189.0,125.0,-11.268348693847656,11.268348693847656
30,70,70,113.86089,188.0,125.0,-11.139106750488281,11.139106750488281
30,71,71,114.10855,187.0,125.0,-10.891448974609375,10.891448974609375
30,72,72,114.24544,186.0,125.0,-10.754562377929688,10.754562377929688
30,73,73,114.31892,185.0,125.0,-10.681083679199219,10.681083679199219
30,74,74,114.307396,184.0,125.0,-10.692604064941406,10.692604064941406
30,75,75,114.18094,183.0,125.0,-10.819061279296875,10.819061279296875
30,76,76,114.08623,182.0,125.0,-10.913772583007812,10.913772583007812
30,77,77,114.13475,181.0,125.0,-10.865249633789062,10.865249633789062
30,78,78,114.20405,180.0,125.0,-10.795951843261719,10.795951843261719
30,79,79,114.27711,179.0,125.0,-10.722892761230469,10.722892761230469
30,80,80,114.3057,178.0,125.0,-10.694297790527344,10.694297790527344
30,81,81,113.95997,177.0,125.0,-11.040031433105469,11.040031433105469
30,82,82,113.72351,176.0,125.0,-11.2764892578125,11.2764892578125
30,83,83,113.954834,175.0,125.0,-11.045166015625,11.045166015625
30,84,84,113.660355,174.0,125.0,-11.339645385742188,11.339645385742188
30,85,85,113.75587,173.0,125.0,-11.244132995605469,11.244132995605469
30,86,86,113.792496,172.0,125.0,-11.207504272460938,11.207504272460938
30,87,87,113.582016,171.0,125.0,-11.417984008789062,11.417984008789062
30,88,88,113.957954,170.0,125.0,-11.042045593261719,11.042045593261719
30,89,89,114.16806,169.0,125.0,-10.831939697265625,10.831939697265625
30,90,90,114.19822,168.0,125.0,-10.801780700683594,10.801780700683594
30,91,91,113.881874,167.0,125.0,-11.118125915527344,11.118125915527344
30,92,92,113.92114,166.0,125.0,-11.078857421875,11.078857421875
30,93,93,113.69775,165.0,125.0,-11.302253723144531,11.302253723144531
30,94,94,113.606285,164.0,125.0,-11.393714904785156,11.393714904785156
30,95,95,113.8093,163.0,125.0,-11.190696716308594,11.190696716308594
30,96,96,113.59917,162.0,125.0,-11.400833129882812,11.400833129882812
30,97,97,113.53316,161.0,125.0,-11.466842651367188,11.466842651367188
30,98,98,113.6923,160.0,125.0,-11.307701110839844,11.307701110839844
30,99,99,113.10711,159.0,125.0,-11.892890930175781,11.892890930175781
30,100,100,113.2311,158.0,125.0,-11.768898010253906,11.768898010253906
30,101,101,112.83458,157.0,125.0,-12.165420532226562,12.165420532226562
30,102,102,113.518585,156.0,125.0,-11.481414794921875,11.481414794921875
30,103,103,113.88742,155.0,125.0,-11.112579345703125,11.112579345703125
30,104,104,114.064545,154.0,125.0,-10.935455322265625,10.935455322265625
30,105,105,113.9601,153.0,125.0,-11.039901733398438,11.039901733398438
30,106,106,113.695694,152.0,125.0,-11.304306030273438,11.304306030273438
30,107,107,113.65375,151.0,125.0,-11.34625244140625,11.34625244140625
30,108,108,113.47598,150.0,125.0,-11.524017333984375,11.524017333984375
30,109,109,113.75728,149.0,125.0,-11.242721557617188,11.242721557617188
30,110,110,113.566765,148.0,125.0,-11.433235168457031,11.433235168457031
30,111,111,111.395485,147.0,125.0,-13.604515075683594,13.604515075683594
30,112,112,94.74994,146.0,125.0,-30.25006103515625,30.25006103515625
30,113,113,107.37541,145.0,125.0,-17.624588012695312,17.624588012695312
30,114,114,106.63932,144.0,125.0,-18.360679626464844,18.360679626464844
30,115,115,98.71134,143.0,125.0,-26.288658142089844,26.288658142089844
30,116,116,87.74895,142.0,125.0,-37.25105285644531,37.25105285644531
30,117,117,57.193695,141.0,125.0,-67.80630493164062,67.80630493164062
30,118,118,70.95308,140.0,125.0,-54.04692077636719,54.04692077636719
30,119,119,75.52034,139.0,125.0,-49.47966003417969,49.47966003417969
30,120,120,77.86646,138.0,125.0,-47.13353729248047,47.13353729248047
30,121,121,63.955555,137.0,125.0,-61.0444450378418,61.0444450378418
30,122,122,71.3096,136.0,125.0,-53.690399169921875,53.690399169921875
30,123,123,72.64125,135.0,125.0,-52.35874938964844,52.35874938964844
30,124,124,71.178185,134.0,125.0,-53.821815490722656,53.821815490722656
30,125,125,81.81406,133.0,125.0,-43.185943603515625,43.185943603515625
30,126,126,89.94229,132.0,125.0,-35.057708740234375,35.057708740234375
30,127,127,82.32557,131.0,125.0,-42.67443084716797,42.67443084716797
30,128,128,73.934906,130.0,125.0,-51.065093994140625,51.065093994140625
30,129,129,84.03681,129.0,125.0,-40.96318817138672,40.96318817138672
30,130,130,95.11838,128.0,125.0,-29.881622314453125,29.881622314453125
30,131,131,85.51099,127.0,125.0,-39.489013671875,39.489013671875
30,132,132,89.42962,126.0,125.0,-35.57038116455078,35.57038116455078
30,133,133,99.03972,125.0,125.0,-25.960281372070312,25.960281372070312
30,134,134,98.66682,124.0,124.0,-25.33318328857422,25.33318328857422
30,135,135,104.21128,123.0,123.0,-18.788719177246094,18.788719177246094
30,136,136,106.633965,122.0,122.0,-15.366035461425781,15.366035461425781
30,137,137,107.8665,121.0,121.0,-13.133499145507812,13.133499145507812
30,138,138,101.92193,120.0,120.0,-18.07807159423828,18.07807159423828
30,139,139,107.78018,119.0,119.0,-11.219818115234375,11.219818115234375
30,140,140,108.79775,118.0,118.0,-9.202247619628906,9.202247619628906
30,141,141,108.34128,117.0,117.0,-8.658721923828125,8.658721923828125
30,142,142,99.74832,116.0,116.0,-16.251678466796875,16.251678466796875
30,143,143,101.93265,115.0,115.0,-13.067352294921875,13.067352294921875
31,1,1,117.88755,203.0,125.0,-7.112449645996094,7.112449645996094
31,2,2,119.04544,202.0,125.0,-5.954559326171875,5.954559326171875
31,3,3,117.94511,201.0,125.0,-7.054893493652344,7.054893493652344
31,4,4,118.2434,200.0,125.0,-6.756599426269531,6.756599426269531
31,5,5,118.82043,199.0,125.0,-6.179573059082031,6.179573059082031
31,6,6,120.7536,198.0,125.0,-4.24639892578125,4.24639892578125
31,7,7,120.89923,197.0,125.0,-4.10076904296875,4.10076904296875
31,8,8,120.96011,196.0,125.0,-4.039886474609375,4.039886474609375
31,9,9,120.60701,195.0,125.0,-4.3929901123046875,4.3929901123046875
31,10,10,120.607834,194.0,125.0,-4.3921661376953125,4.3921661376953125
31,11,11,120.78328,193.0,125.0,-4.2167205810546875,4.2167205810546875
31,12,12,120.29698,192.0,125.0,-4.7030181884765625,4.7030181884765625
31,13,13,118.40321,191.0,125.0,-6.5967864990234375,6.5967864990234375
31,14,14,119.87049,190.0,125.0,-5.129508972167969,5.129508972167969
31,15,15,121.19685,189.0,125.0,-3.8031463623046875,3.8031463623046875
31,16,16,121.25291,188.0,125.0,-3.7470932006835938,3.7470932006835938
31,17,17,121.690544,187.0,125.0,-3.3094558715820312,3.3094558715820312
31,18,18,121.83046,186.0,125.0,-3.1695404052734375,3.1695404052734375
31,19,19,121.25606,185.0,125.0,-3.7439422607421875,3.7439422607421875
31,20,20,121.066925,184.0,125.0,-3.933074951171875,3.933074951171875
31,21,21,120.51874,183.0,125.0,-4.48126220703125,4.48126220703125
31,22,22,118.76248,182.0,125.0,-6.237518310546875,6.237518310546875
31,23,23,119.456406,181.0,125.0,-5.5435943603515625,5.5435943603515625
31,24,24,118.827286,180.0,125.0,-6.1727142333984375,6.1727142333984375
31,25,25,118.6601,179.0,125.0,-6.339897155761719,6.339897155761719
31,26,26,120.837006,178.0,125.0,-4.162994384765625,4.162994384765625
31,27,27,118.099075,177.0,125.0,-6.9009246826171875,6.9009246826171875
31,28,28,117.55647,176.0,125.0,-7.4435272216796875,7.4435272216796875
31,29,29,114.51611,175.0,125.0,-10.48388671875,10.48388671875
31,30,30,118.867935,174.0,125.0,-6.1320648193359375,6.1320648193359375
31,31,31,119.83449,173.0,125.0,-5.1655120849609375,5.1655120849609375
31,32,32,120.20122,172.0,125.0,-4.7987823486328125,4.7987823486328125
31,33,33,117.04202,171.0,125.0,-7.957977294921875,7.957977294921875
31,34,34,118.21048,170.0,125.0,-6.789520263671875,6.789520263671875
31,35,35,117.02103,169.0,125.0,-7.978973388671875,7.978973388671875
31,36,36,119.91797,168.0,125.0,-5.08203125,5.08203125
31,37,37,119.92173,167.0,125.0,-5.078269958496094,5.078269958496094
31,38,38,121.23044,166.0,125.0,-3.769561767578125,3.769561767578125
31,39,39,121.967575,165.0,125.0,-3.0324249267578125,3.0324249267578125
31,40,40,119.84709,164.0,125.0,-5.1529083251953125,5.1529083251953125
31,41,41,119.164955,163.0,125.0,-5.835044860839844,5.835044860839844
31,42,42,118.172775,162.0,125.0,-6.8272247314453125,6.8272247314453125
31,43,43,117.93414,161.0,125.0,-7.06585693359375,7.06585693359375
31,44,44,118.85809,160.0,125.0,-6.14190673828125,6.14190673828125
31,45,45,118.28496,159.0,125.0,-6.7150421142578125,6.7150421142578125
31,46,46,119.146126,158.0,125.0,-5.853874206542969,5.853874206542969
31,47,47,119.723206,157.0,125.0,-5.27679443359375,5.27679443359375
31,48,48,119.209564,156.0,125.0,-5.790435791015625,5.790435791015625
31,49,49,119.7118,155.0,125.0,-5.288200378417969,5.288200378417969
31,50,50,121.80838,154.0,125.0,-3.191619873046875,3.191619873046875
31,51,51,122.69809,153.0,125.0,-2.301910400390625,2.301910400390625
31,52,52,121.43976,152.0,125.0,-3.56024169921875,3.56024169921875
31,53,53,120.57689,151.0,125.0,-4.4231109619140625,4.4231109619140625
31,54,54,118.713486,150.0,125.0,-6.2865142822265625,6.2865142822265625
31,55,55,119.097,149.0,125.0,-5.9029998779296875,5.9029998779296875
31,56,56,121.02629,148.0,125.0,-3.9737091064453125,3.9737091064453125
31,57,57,120.447754,147.0,125.0,-4.55224609375,4.55224609375
31,58,58,120.1807,146.0,125.0,-4.819297790527344,4.819297790527344
31,59,59,113.75284,145.0,125.0,-11.247161865234375,11.247161865234375
31,60,60,115.34027,144.0,125.0,-9.65972900390625,9.65972900390625
31,61,61,109.165375,143.0,125.0,-15.834625244140625,15.834625244140625
31,62,62,113.95677,142.0,125.0,-11.043228149414062,11.043228149414062
31,63,63,111.0847,141.0,125.0,-13.915298461914062,13.915298461914062
31,64,64,107.78412,140.0,125.0,-17.21588134765625,17.21588134765625
31,65,65,101.665665,139.0,125.0,-23.334335327148438,23.334335327148438
31,66,66,108.31303,138.0,125.0,-16.686973571777344,16.686973571777344
31,67,67,111.44835,137.0,125.0,-13.551651000976562,13.551651000976562
31,68,68,113.41224,136.0,125.0,-11.587760925292969,11.587760925292969
31,69,69,116.54287,135.0,125.0,-8.457130432128906,8.457130432128906
31,70,70,103.32919,134.0,125.0,-21.670806884765625,21.670806884765625
31,71,71,106.95982,133.0,125.0,-18.040176391601562,18.040176391601562
31,72,72,106.07785,132.0,125.0,-18.922149658203125,18.922149658203125
31,73,73,105.48151,131.0,125.0,-19.51849365234375,19.51849365234375
31,74,74,110.40007,130.0,125.0,-14.599929809570312,14.599929809570312
31,75,75,111.58784,129.0,125.0,-13.412162780761719,13.412162780761719
31,76,76,114.17963,128.0,125.0,-10.82037353515625,10.82037353515625
31,77,77,115.98254,127.0,125.0,-9.017463684082031,9.017463684082031
31,78,78,116.07652,126.0,125.0,-8.923477172851562,8.923477172851562
31,79,79,115.71881,125.0,125.0,-9.28118896484375,9.28118896484375
31,80,80,118.95533,124.0,124.0,-5.044670104980469,5.044670104980469
31,81,81,121.03184,123.0,123.0,-1.9681625366210938,1.9681625366210938
31,82,82,122.4561,122.0,122.0,0.4561004638671875,0.4561004638671875
31,83,83,121.65608,121.0,121.0,0.6560821533203125,0.6560821533203125
31,84,84,122.49196,120.0,120.0,2.4919586181640625,2.4919586181640625
31,85,85,121.39391,119.0,119.0,2.3939132690429688,2.3939132690429688
31,86,86,122.12375,118.0,118.0,4.123748779296875,4.123748779296875
31,87,87,121.38338,117.0,117.0,4.3833770751953125,4.3833770751953125
31,88,88,121.96293,116.0,116.0,5.962928771972656,5.962928771972656
31,89,89,120.688354,115.0,115.0,5.6883544921875,5.6883544921875
31,90,90,120.787415,114.0,114.0,6.78741455078125,6.78741455078125
31,91,91,111.93286,113.0,113.0,-1.067138671875,1.067138671875
31,92,92,111.22885,112.0,112.0,-0.771148681640625,0.771148681640625
31,93,93,104.0249,111.0,111.0,-6.97509765625,6.97509765625
31,94,94,100.22274,110.0,110.0,-9.777259826660156,9.777259826660156
31,95,95,93.17842,109.0,109.0,-15.821578979492188,15.821578979492188
31,96,96,99.891396,108.0,108.0,-8.108604431152344,8.108604431152344
31,97,97,96.629974,107.0,107.0,-10.370025634765625,10.370025634765625
31,98,98,88.75644,106.0,106.0,-17.243560791015625,17.243560791015625
31,99,99,86.09386,105.0,105.0,-18.906143188476562,18.906143188476562
31,100,100,87.91571,104.0,104.0,-16.08428955078125,16.08428955078125
31,101,101,92.72876,103.0,103.0,-10.271240234375,10.271240234375
31,102,102,73.17114,102.0,102.0,-28.828857421875,28.828857421875
31,103,103,68.97662,101.0,101.0,-32.02337646484375,32.02337646484375
31,104,104,67.429474,100.0,100.0,-32.570526123046875,32.570526123046875
31,105,105,79.15202,99.0,99.0,-19.847976684570312,19.847976684570312
31,106,106,84.2195,98.0,98.0,-13.780502319335938,13.780502319335938
31,107,107,78.01888,97.0,97.0,-18.981117248535156,18.981117248535156
31,108,108,80.453064,96.0,96.0,-15.54693603515625,15.54693603515625
31,109,109,88.1387,95.0,95.0,-6.861297607421875,6.861297607421875
31,110,110,94.85016,94.0,94.0,0.85015869140625,0.85015869140625
31,111,111,104.93418,93.0,93.0,11.934181213378906,11.934181213378906
31,112,112,109.008514,92.0,92.0,17.008514404296875,17.008514404296875
31,113,113,110.566666,91.0,91.0,19.566665649414062,19.566665649414062
31,114,114,117.56683,90.0,90.0,27.56683349609375,27.56683349609375
31,115,115,117.01608,89.0,89.0,28.016082763671875,28.016082763671875
31,116,116,114.52567,88.0,88.0,26.525672912597656,26.525672912597656
31,117,117,107.99395,87.0,87.0,20.99394989013672,20.99394989013672
31,118,118,98.51193,86.0,86.0,12.511932373046875,12.511932373046875
31,119,119,101.14458,85.0,85.0,16.144577026367188,16.144577026367188
31,120,120,105.114784,84.0,84.0,21.114784240722656,21.114784240722656
31,121,121,91.06035,83.0,83.0,8.060348510742188,8.060348510742188
31,122,122,84.377655,82.0,82.0,2.377655029296875,2.377655029296875
31,123,123,73.82396,81.0,81.0,-7.1760406494140625,7.1760406494140625
31,124,124,81.66996,80.0,80.0,1.6699600219726562,1.6699600219726562
31,125,125,81.00206,79.0,79.0,2.0020599365234375,2.0020599365234375
31,126,126,86.448265,78.0,78.0,8.448265075683594,8.448265075683594
31,127,127,80.39514,77.0,77.0,3.3951416015625,3.3951416015625
31,128,128,83.844284,76.0,76.0,7.8442840576171875,7.8442840576171875
31,129,129,89.628265,75.0,75.0,14.628265380859375,14.628265380859375
31,130,130,94.428696,74.0,74.0,20.428695678710938,20.428695678710938
31,131,131,84.48256,73.0,73.0,11.482559204101562,11.482559204101562
31,132,132,71.21969,72.0,72.0,-0.7803115844726562,0.7803115844726562
31,133,133,68.77177,71.0,71.0,-2.2282333374023438,2.2282333374023438
31,134,134,64.58328,70.0,70.0,-5.416717529296875,5.416717529296875
31,135,135,65.424835,69.0,69.0,-3.575164794921875,3.575164794921875
31,136,136,63.602146,68.0,68.0,-4.397853851318359,4.397853851318359
31,137,137,58.597286,67.0,67.0,-8.402713775634766,8.402713775634766
31,138,138,60.046673,66.0,66.0,-5.953327178955078,5.953327178955078
31,139,139,60.441715,65.0,65.0,-4.558284759521484,4.558284759521484
31,140,140,64.703735,64.0,64.0,0.7037353515625,0.7037353515625
31,141,141,74.05414,63.0,63.0,11.05413818359375,11.05413818359375
31,142,142,66.98221,62.0,62.0,4.982208251953125,4.982208251953125
31,143,143,72.488525,61.0,61.0,11.488525390625,11.488525390625
31,144,144,76.31613,60.0,60.0,16.316131591796875,16.316131591796875
31,145,145,73.92479,59.0,59.0,14.924789428710938,14.924789428710938
31,146,146,68.91288,58.0,58.0,10.912879943847656,10.912879943847656
31,147,147,69.24274,57.0,57.0,12.24273681640625,12.24273681640625
31,148,148,56.774464,56.0,56.0,0.7744636535644531,0.7744636535644531
31,149,149,54.34469,55.0,55.0,-0.6553115844726562,0.6553115844726562
31,150,150,43.494965,54.0,54.0,-10.505035400390625,10.505035400390625
31,151,151,52.48939,53.0,53.0,-0.5106086730957031,0.5106086730957031
31,152,152,49.928333,52.0,52.0,-2.071666717529297,2.071666717529297
31,153,153,44.516922,51.0,51.0,-6.4830780029296875,6.4830780029296875
31,154,154,41.975765,50.0,50.0,-8.024234771728516,8.024234771728516
31,155,155,42.97886,49.0,49.0,-6.021141052246094,6.021141052246094
31,156,156,43.335583,48.0,48.0,-4.664417266845703,4.664417266845703
31,157,157,42.33227,47.0,47.0,-4.667728424072266,4.667728424072266
31,158,158,47.409527,46.0,46.0,1.4095268249511719,1.4095268249511719
31,159,159,46.423332,45.0,45.0,1.4233322143554688,1.4233322143554688
31,160,160,44.644337,44.0,44.0,0.6443367004394531,0.6443367004394531
31,161,161,42.377995,43.0,43.0,-0.6220054626464844,0.6220054626464844
31,162,162,39.699444,42.0,42.0,-2.300556182861328,2.300556182861328
31,163,163,35.751034,41.0,41.0,-5.248966217041016,5.248966217041016
31,164,164,36.243908,40.0,40.0,-3.756092071533203,3.756092071533203
31,165,165,34.911957,39.0,39.0,-4.088043212890625,4.088043212890625
31,166,166,36.24067,38.0,38.0,-1.7593307495117188,1.7593307495117188
31,167,167,35.236496,37.0,37.0,-1.7635040283203125,1.7635040283203125
31,168,168,32.756958,36.0,36.0,-3.2430419921875,3.2430419921875
31,169,169,32.16452,35.0,35.0,-2.835479736328125,2.835479736328125
31,170,170,31.847849,34.0,34.0,-2.152151107788086,2.152151107788086
31,171,171,31.58331,33.0,33.0,-1.4166908264160156,1.4166908264160156
31,172,172,31.534,32.0,32.0,-0.4659996032714844,0.4659996032714844
31,173,173,33.205494,31.0,31.0,2.205493927001953,2.205493927001953
31,174,174,32.515167,30.0,30.0,2.515167236328125,2.515167236328125
31,175,175,29.69665,29.0,29.0,0.6966495513916016,0.6966495513916016
31,176,176,26.423777,28.0,28.0,-1.576223373413086,1.576223373413086
31,177,177,26.087181,27.0,27.0,-0.9128189086914062,0.9128189086914062
31,178,178,23.333447,26.0,26.0,-2.666553497314453,2.666553497314453
31,179,179,20.840212,25.0,25.0,-4.159788131713867,4.159788131713867
31,180,180,18.50287,24.0,24.0,-5.497129440307617,5.497129440307617
31,181,181,17.17895,23.0,23.0,-5.821050643920898,5.821050643920898
31,182,182,16.436754,22.0,22.0,-5.56324577331543,5.56324577331543
31,183,183,15.473786,21.0,21.0,-5.526213645935059,5.526213645935059
31,184,184,15.743825,20.0,20.0,-4.2561750411987305,4.2561750411987305
31,185,185,15.726868,19.0,19.0,-3.27313232421875,3.27313232421875
31,186,186,15.915282,18.0,18.0,-2.0847177505493164,2.0847177505493164
31,187,187,14.833986,17.0,17.0,-2.166013717651367,2.166013717651367
31,188,188,15.092654,16.0,16.0,-0.9073457717895508,0.9073457717895508
31,189,189,16.884699,15.0,15.0,1.8846988677978516,1.8846988677978516
31,190,190,19.006863,14.0,14.0,5.006862640380859,5.006862640380859
31,191,191,18.875927,13.0,13.0,5.875926971435547,5.875926971435547
31,192,192,15.554166,12.0,12.0,3.554165840148926,3.554165840148926
31,193,193,13.185801,11.0,11.0,2.185800552368164,2.185800552368164
31,194,194,12.032144,10.0,10.0,2.0321435928344727,2.0321435928344727
31,195,195,11.159828,9.0,9.0,2.1598281860351562,2.1598281860351562
31,196,196,10.016476,8.0,8.0,2.0164756774902344,2.0164756774902344
32,1,1,122.641914,192.0,125.0,-2.3580856323242188,2.3580856323242188
32,2,2,123.4655,191.0,125.0,-1.5345001220703125,1.5345001220703125
32,3,3,123.763596,190.0,125.0,-1.2364044189453125,1.2364044189453125
32,4,4,123.01425,189.0,125.0,-1.985748291015625,1.985748291015625
32,5,5,123.049545,188.0,125.0,-1.9504547119140625,1.9504547119140625
32,6,6,122.549934,187.0,125.0,-2.4500656127929688,2.4500656127929688
32,7,7,122.96082,186.0,125.0,-2.0391769409179688,2.0391769409179688
32,8,8,123.213684,185.0,125.0,-1.78631591796875,1.78631591796875
32,9,9,123.131714,184.0,125.0,-1.8682861328125,1.8682861328125
32,10,10,123.46347,183.0,125.0,-1.536529541015625,1.536529541015625
32,11,11,123.411835,182.0,125.0,-1.588165283203125,1.588165283203125
32,12,12,123.69737,181.0,125.0,-1.3026275634765625,1.3026275634765625
32,13,13,123.57002,180.0,125.0,-1.4299774169921875,1.4299774169921875
32,14,14,123.6611,179.0,125.0,-1.338897705078125,1.338897705078125
32,15,15,123.66226,178.0,125.0,-1.337738037109375,1.337738037109375
32,16,16,123.49448,177.0,125.0,-1.505523681640625,1.505523681640625
32,17,17,123.726555,176.0,125.0,-1.2734451293945312,1.2734451293945312
32,18,18,123.69354,175.0,125.0,-1.30645751953125,1.30645751953125
32,19,19,123.82545,174.0,125.0,-1.1745529174804688,1.1745529174804688
32,20,20,123.68371,173.0,125.0,-1.3162918090820312,1.3162918090820312
32,21,21,123.83334,172.0,125.0,-1.166656494140625,1.166656494140625
32,22,22,123.28467,171.0,125.0,-1.71533203125,1.71533203125
32,23,23,123.078926,170.0,125.0,-1.9210739135742188,1.9210739135742188
32,24,24,122.959816,169.0,125.0,-2.0401840209960938,2.0401840209960938
32,25,25,121.96658,168.0,125.0,-3.033416748046875,3.033416748046875
32,26,26,122.55639,167.0,125.0,-2.4436111450195312,2.4436111450195312
32,27,27,122.239586,166.0,125.0,-2.7604141235351562,2.7604141235351562
32,28,28,122.55875,165.0,125.0,-2.441253662109375,2.441253662109375
32,29,29,122.77466,164.0,125.0,-2.225341796875,2.225341796875
32,30,30,123.14456,163.0,125.0,-1.855438232421875,1.855438232421875
32,31,31,122.90903,162.0,125.0,-2.090972900390625,2.090972900390625
32,32,32,122.34394,161.0,125.0,-2.6560592651367188,2.6560592651367188
32,33,33,122.66518,160.0,125.0,-2.3348236083984375,2.3348236083984375
32,34,34,122.98744,159.0,125.0,-2.0125579833984375,2.0125579833984375
32,35,35,122.99422,158.0,125.0,-2.0057830810546875,2.0057830810546875
32,36,36,122.813416,157.0,125.0,-2.18658447265625,2.18658447265625
32,37,37,122.64322,156.0,125.0,-2.356781005859375,2.356781005859375
32,38,38,122.43747,155.0,125.0,-2.562530517578125,2.562530517578125
32,39,39,122.94975,154.0,125.0,-2.0502471923828125,2.0502471923828125
32,40,40,123.17889,153.0,125.0,-1.8211135864257812,1.8211135864257812
32,41,41,123.512375,152.0,125.0,-1.4876251220703125,1.4876251220703125
32,42,42,123.42464,151.0,125.0,-1.5753631591796875,1.5753631591796875
32,43,43,123.291504,150.0,125.0,-1.70849609375,1.70849609375
32,44,44,123.32843,149.0,125.0,-1.67156982421875,1.67156982421875
32,45,45,123.151115,148.0,125.0,-1.8488845825195312,1.8488845825195312
32,46,46,122.85183,147.0,125.0,-2.1481704711914062,2.1481704711914062
32,47,47,121.44431,146.0,125.0,-3.5556869506835938,3.5556869506835938
32,48,48,122.16564,145.0,125.0,-2.8343582153320312,2.8343582153320312
32,49,49,122.703026,144.0,125.0,-2.2969741821289062,2.2969741821289062
32,50,50,122.68306,143.0,125.0,-2.3169403076171875,2.3169403076171875
32,51,51,123.05071,142.0,125.0,-1.9492874145507812,1.9492874145507812
32,52,52,123.31096,141.0,125.0,-1.6890411376953125,1.6890411376953125
32,53,53,122.69362,140.0,125.0,-2.3063812255859375,2.3063812255859375
32,54,54,122.70451,139.0,125.0,-2.2954864501953125,2.2954864501953125
32,55,55,123.22339,138.0,125.0,-1.776611328125,1.776611328125
32,56,56,122.68239,137.0,125.0,-2.3176116943359375,2.3176116943359375
32,57,57,123.2831,136.0,125.0,-1.7169036865234375,1.7169036865234375
32,58,58,122.99191,135.0,125.0,-2.008087158203125,2.008087158203125
32,59,59,122.287,134.0,125.0,-2.7129974365234375,2.7129974365234375
32,60,60,123.2322,133.0,125.0,-1.7677993774414062,1.7677993774414062
32,61,61,122.937546,132.0,125.0,-2.0624542236328125,2.0624542236328125
32,62,62,123.00304,131.0,125.0,-1.9969635009765625,1.9969635009765625
32,63,63,122.27862,130.0,125.0,-2.7213821411132812,2.7213821411132812
32,64,64,122.146866,129.0,125.0,-2.8531341552734375,2.8531341552734375
32,65,65,123.06445,128.0,125.0,-1.935546875,1.935546875
32,66,66,121.646484,127.0,125.0,-3.353515625,3.353515625
32,67,67,121.79522,126.0,125.0,-3.2047805786132812,3.2047805786132812
32,68,68,121.74447,125.0,125.0,-3.2555313110351562,3.2555313110351562
32,69,69,121.07837,124.0,124.0,-2.921630859375,2.921630859375
32,70,70,119.66451,123.0,123.0,-3.3354873657226562,3.3354873657226562
32,71,71,119.93211,122.0,122.0,-2.0678863525390625,2.0678863525390625
32,72,72,119.67858,121.0,121.0,-1.3214187622070312,1.3214187622070312
32,73,73,120.27493,120.0,120.0,0.274932861328125,0.274932861328125
32,74,74,120.402176,119.0,119.0,1.4021759033203125,1.4021759033203125
32,75,75,120.18474,118.0,118.0,2.1847381591796875,2.1847381591796875
32,76,76,119.83151,117.0,117.0,2.831512451171875,2.831512451171875
32,77,77,120.64729,116.0,116.0,4.6472930908203125,4.6472930908203125
32,78,78,120.63812,115.0,115.0,5.63812255859375,5.63812255859375
32,79,79,120.345116,114.0,114.0,6.345115661621094,6.345115661621094
32,80,80,120.40771,113.0,113.0,7.407707214355469,7.407707214355469
32,81,81,119.06476,112.0,112.0,7.06475830078125,7.06475830078125
32,82,82,118.876076,111.0,111.0,7.876075744628906,7.876075744628906
32,83,83,118.5354,110.0,110.0,8.535400390625,8.535400390625
32,84,84,118.5762,109.0,109.0,9.576202392578125,9.576202392578125
32,85,85,119.69527,108.0,108.0,11.695266723632812,11.695266723632812
32,86,86,119.92602,107.0,107.0,12.926017761230469,12.926017761230469
32,87,87,120.99016,106.0,106.0,14.990158081054688,14.990158081054688
32,88,88,122.00343,105.0,105.0,17.003433227539062,17.003433227539062
32,89,89,121.2409,104.0,104.0,17.24089813232422,17.24089813232422
32,90,90,121.08594,103.0,103.0,18.0859375,18.0859375
32,91,91,118.56677,102.0,102.0,16.5667724609375,16.5667724609375
32,92,92,116.87341,101.0,101.0,15.8734130859375,15.8734130859375
32,93,93,115.14664,100.0,100.0,15.146636962890625,15.146636962890625
32,94,94,115.57178,99.0,99.0,16.57177734375,16.57177734375
32,95,95,113.410385,98.0,98.0,15.410385131835938,15.410385131835938
32,96,96,114.28174,97.0,97.0,17.28173828125,17.28173828125
32,97,97,116.642815,96.0,96.0,20.64281463623047,20.64281463623047
32,98,98,111.80473,95.0,95.0,16.804733276367188,16.804733276367188
32,99,99,112.88169,94.0,94.0,18.881690979003906,18.881690979003906
32,100,100,111.99985,93.0,93.0,18.999847412109375,18.999847412109375
32,101,101,112.45039,92.0,92.0,20.450393676757812,20.450393676757812
32,102,102,109.403206,91.0,91.0,18.40320587158203,18.40320587158203
32,103,103,111.00958,90.0,90.0,21.00958251953125,21.00958251953125
32,104,104,107.07424,89.0,89.0,18.074241638183594,18.074241638183594
32,105,105,107.20327,88.0,88.0,19.203269958496094,19.203269958496094
32,106,106,100.56645,87.0,87.0,13.566452026367188,13.566452026367188
32,107,107,96.374084,86.0,86.0,10.37408447265625,10.37408447265625
32,108,108,102.46993,85.0,85.0,17.469932556152344,17.469932556152344
32,109,109,103.07457,84.0,84.0,19.074569702148438,19.074569702148438
32,110,110,108.91521,83.0,83.0,25.915206909179688,25.915206909179688
32,111,111,103.92801,82.0,82.0,21.928009033203125,21.928009033203125
32,112,112,103.03013,81.0,81.0,22.030128479003906,22.030128479003906
32,113,113,103.64291,80.0,80.0,23.642906188964844,23.642906188964844
32,114,114,106.38973,79.0,79.0,27.389732360839844,27.389732360839844
32,115,115,110.523895,78.0,78.0,32.523895263671875,32.523895263671875
32,116,116,113.46636,77.0,77.0,36.46636199951172,36.46636199951172
32,117,117,113.69058,76.0,76.0,37.690582275390625,37.690582275390625
32,118,118,110.32582,75.0,75.0,35.32582092285156,35.32582092285156
32,119,119,106.24245,74.0,74.0,32.24244689941406,32.24244689941406
32,120,120,95.96147,73.0,73.0,22.961471557617188,22.961471557617188
32,121,121,96.95238,72.0,72.0,24.952377319335938,24.952377319335938
32,122,122,95.20137,71.0,71.0,24.201370239257812,24.201370239257812
32,123,123,86.709595,70.0,70.0,16.7095947265625,16.7095947265625
32,124,124,91.588455,69.0,69.0,22.588455200195312,22.588455200195312
32,125,125,94.83456,68.0,68.0,26.834556579589844,26.834556579589844
32,126,126,94.79846,67.0,67.0,27.7984619140625,27.7984619140625
32,127,127,93.69978,66.0,66.0,27.699783325195312,27.699783325195312
32,128,128,87.45358,65.0,65.0,22.453582763671875,22.453582763671875
32,129,129,73.873665,64.0,64.0,9.873664855957031,9.873664855957031
32,130,130,72.77497,63.0,63.0,9.774971008300781,9.774971008300781
32,131,131,74.860664,62.0,62.0,12.860664367675781,12.860664367675781
32,132,132,67.20976,61.0,61.0,6.2097625732421875,6.2097625732421875
32,133,133,66.751625,60.0,60.0,6.751625061035156,6.751625061035156
32,134,134,67.596664,59.0,59.0,8.596664428710938,8.596664428710938
32,135,135,68.369896,58.0,58.0,10.369895935058594,10.369895935058594
32,136,136,63.267315,57.0,57.0,6.267314910888672,6.267314910888672
32,137,137,62.219715,56.0,56.0,6.219715118408203,6.219715118408203
32,138,138,61.87765,55.0,55.0,6.877651214599609,6.877651214599609
32,139,139,62.16254,54.0,54.0,8.162540435791016,8.162540435791016
32,140,140,64.690926,53.0,53.0,11.690925598144531,11.690925598144531
32,141,141,60.569187,52.0,52.0,8.56918716430664,8.56918716430664
32,142,142,58.58759,51.0,51.0,7.587589263916016,7.587589263916016
32,143,143,58.556957,50.0,50.0,8.556957244873047,8.556957244873047
32,144,144,58.48209,49.0,49.0,9.48208999633789,9.48208999633789
32,145,145,59.368977,48.0,48.0,11.368976593017578,11.368976593017578
33,1,1,112.56181,155.0,125.0,-12.438186645507812,12.438186645507812
33,2,2,112.22887,154.0,125.0,-12.771133422851562,12.771133422851562
33,3,3,112.81862,153.0,125.0,-12.181381225585938,12.181381225585938
33,4,4,113.12992,152.0,125.0,-11.870079040527344,11.870079040527344
33,5,5,113.14191,151.0,125.0,-11.85809326171875,11.85809326171875
33,6,6,112.97249,150.0,125.0,-12.027511596679688,12.027511596679688
33,7,7,113.176926,149.0,125.0,-11.823074340820312,11.823074340820312
33,8,8,113.05034,148.0,125.0,-11.949661254882812,11.949661254882812
33,9,9,113.28983,147.0,125.0,-11.710166931152344,11.710166931152344
33,10,10,113.38289,146.0,125.0,-11.617111206054688,11.617111206054688
33,11,11,113.14328,145.0,125.0,-11.856719970703125,11.856719970703125
33,12,12,113.15063,144.0,125.0,-11.849372863769531,11.849372863769531
33,13,13,113.2619,143.0,125.0,-11.73809814453125,11.73809814453125
33,14,14,113.19192,142.0,125.0,-11.808082580566406,11.808082580566406
33,15,15,113.40362,141.0,125.0,-11.596382141113281,11.596382141113281
33,16,16,113.55686,140.0,125.0,-11.443138122558594,11.443138122558594
33,17,17,113.71095,139.0,125.0,-11.289047241210938,11.289047241210938
33,18,18,113.23475,138.0,125.0,-11.765251159667969,11.765251159667969
33,19,19,112.753075,137.0,125.0,-12.246925354003906,12.246925354003906
33,20,20,113.12722,136.0,125.0,-11.872779846191406,11.872779846191406
33,21,21,112.9901,135.0,125.0,-12.009902954101562,12.009902954101562
33,22,22,112.98755,134.0,125.0,-12.012451171875,12.012451171875
33,23,23,112.05582,133.0,125.0,-12.944183349609375,12.944183349609375
33,24,24,112.7303,132.0,125.0,-12.269699096679688,12.269699096679688
33,25,25,113.10832,131.0,125.0,-11.891677856445312,11.891677856445312
33,26,26,112.88025,130.0,125.0,-12.1197509765625,12.1197509765625
33,27,27,113.08683,129.0,125.0,-11.913169860839844,11.913169860839844
33,28,28,112.90135,128.0,125.0,-12.098648071289062,12.098648071289062
33,29,29,112.822136,127.0,125.0,-12.177864074707031,12.177864074707031
33,30,30,111.95128,126.0,125.0,-13.048721313476562,13.048721313476562
33,31,31,109.50511,125.0,125.0,-15.494888305664062,15.494888305664062
33,32,32,110.17089,124.0,124.0,-13.829109191894531,13.829109191894531
33,33,33,111.136566,123.0,123.0,-11.863433837890625,11.863433837890625
33,34,34,111.59827,122.0,122.0,-10.4017333984375,10.4017333984375
33,35,35,112.759415,121.0,121.0,-8.240585327148438,8.240585327148438
33,36,36,113.36221,120.0,120.0,-6.637786865234375,6.637786865234375
33,37,37,113.22717,119.0,119.0,-5.7728271484375,5.7728271484375
33,38,38,112.35751,118.0,118.0,-5.642486572265625,5.642486572265625
33,39,39,112.61441,117.0,117.0,-4.385589599609375,4.385589599609375
33,40,40,112.894066,116.0,116.0,-3.1059341430664062,3.1059341430664062
33,41,41,111.88868,115.0,115.0,-3.1113204956054688,3.1113204956054688
33,42,42,111.07344,114.0,114.0,-2.9265594482421875,2.9265594482421875
33,43,43,110.633675,113.0,113.0,-2.3663253784179688,2.3663253784179688
33,44,44,111.61709,112.0,112.0,-0.38291168212890625,0.38291168212890625
33,45,45,112.26171,111.0,111.0,1.2617111206054688,1.2617111206054688
33,46,46,112.93964,110.0,110.0,2.93963623046875,2.93963623046875
33,47,47,113.08617,109.0,109.0,4.0861663818359375,4.0861663818359375
33,48,48,112.25778,108.0,108.0,4.257781982421875,4.257781982421875
33,49,49,111.66838,107.0,107.0,4.6683807373046875,4.6683807373046875
33,50,50,111.368965,106.0,106.0,5.368965148925781,5.368965148925781
34,1,1,123.04702,209.0,125.0,-1.9529800415039062,1.9529800415039062
34,2,2,122.75173,208.0,125.0,-2.2482681274414062,2.2482681274414062
34,3,3,123.04795,207.0,125.0,-1.9520492553710938,1.9520492553710938
34,4,4,122.814255,206.0,125.0,-2.1857452392578125,2.1857452392578125
34,5,5,122.7906,205.0,125.0,-2.2093963623046875,2.2093963623046875
34,6,6,123.149,204.0,125.0,-1.8509979248046875,1.8509979248046875
34,7,7,123.16135,203.0,125.0,-1.838653564453125,1.838653564453125
34,8,8,123.07311,202.0,125.0,-1.9268875122070312,1.9268875122070312
34,9,9,123.305786,201.0,125.0,-1.6942138671875,1.6942138671875
34,10,10,123.56967,200.0,125.0,-1.430328369140625,1.430328369140625
34,11,11,123.28793,199.0,125.0,-1.712066650390625,1.712066650390625
34,12,12,123.57343,198.0,125.0,-1.4265670776367188,1.4265670776367188
34,13,13,123.632126,197.0,125.0,-1.3678741455078125,1.3678741455078125
34,14,14,123.689224,196.0,125.0,-1.3107757568359375,1.3107757568359375
34,15,15,123.63667,195.0,125.0,-1.3633270263671875,1.3633270263671875
34,16,16,123.65739,194.0,125.0,-1.3426132202148438,1.3426132202148438
34,17,17,123.3067,193.0,125.0,-1.69329833984375,1.69329833984375
34,18,18,123.229164,192.0,125.0,-1.7708358764648438,1.7708358764648438
34,19,19,123.372826,191.0,125.0,-1.6271743774414062,1.6271743774414062
34,20,20,122.73042,190.0,125.0,-2.2695770263671875,2.2695770263671875
34,21,21,122.936646,189.0,125.0,-2.0633544921875,2.0633544921875
34,22,22,123.30968,188.0,125.0,-1.6903228759765625,1.6903228759765625
34,23,23,123.15102,187.0,125.0,-1.8489837646484375,1.8489837646484375
34,24,24,123.34442,186.0,125.0,-1.65557861328125,1.65557861328125
34,25,25,123.4845,185.0,125.0,-1.5155029296875,1.5155029296875
34,26,26,123.4301,184.0,125.0,-1.5699005126953125,1.5699005126953125
34,27,27,123.38974,183.0,125.0,-1.610260009765625,1.610260009765625
34,28,28,123.50689,182.0,125.0,-1.4931106567382812,1.4931106567382812
34,29,29,123.20353,181.0,125.0,-1.7964706420898438,1.7964706420898438
34,30,30,123.07979,180.0,125.0,-1.9202117919921875,1.9202117919921875
34,31,31,123.18061,179.0,125.0,-1.8193893432617188,1.8193893432617188
34,32,32,123.392654,178.0,125.0,-1.6073455810546875,1.6073455810546875
34,33,33,122.83719,177.0,125.0,-2.162811279296875,2.162811279296875
34,34,34,122.51499,176.0,125.0,-2.4850082397460938,2.4850082397460938
34,35,35,123.12585,175.0,125.0,-1.8741531372070312,1.8741531372070312
34,36,36,123.45718,174.0,125.0,-1.5428237915039062,1.5428237915039062
34,37,37,123.08801,173.0,125.0,-1.9119873046875,1.9119873046875
34,38,38,123.47453,172.0,125.0,-1.5254669189453125,1.5254669189453125
34,39,39,122.95548,171.0,125.0,-2.0445175170898438,2.0445175170898438
34,40,40,121.95477,170.0,125.0,-3.04522705078125,3.04522705078125
34,41,41,122.39764,169.0,125.0,-2.6023635864257812,2.6023635864257812
34,42,42,123.02324,168.0,125.0,-1.9767608642578125,1.9767608642578125
34,43,43,123.04699,167.0,125.0,-1.9530105590820312,1.9530105590820312
34,44,44,123.4906,166.0,125.0,-1.5093994140625,1.5093994140625
34,45,45,123.059265,165.0,125.0,-1.94073486328125,1.94073486328125
34,46,46,122.71573,164.0,125.0,-2.284271240234375,2.284271240234375
34,47,47,122.8851,163.0,125.0,-2.114898681640625,2.114898681640625
34,48,48,122.75935,162.0,125.0,-2.2406463623046875,2.2406463623046875
34,49,49,122.37874,161.0,125.0,-2.6212615966796875,2.6212615966796875
34,50,50,122.2325,160.0,125.0,-2.7675018310546875,2.7675018310546875
34,51,51,122.87752,159.0,125.0,-2.1224822998046875,2.1224822998046875
34,52,52,123.582275,158.0,125.0,-1.417724609375,1.417724609375
34,53,53,122.83945,157.0,125.0,-2.160552978515625,2.160552978515625
34,54,54,122.41715,156.0,125.0,-2.5828475952148438,2.5828475952148438
34,55,55,121.830154,155.0,125.0,-3.1698455810546875,3.1698455810546875
34,56,56,122.76631,154.0,125.0,-2.2336883544921875,2.2336883544921875
34,57,57,122.53553,153.0,125.0,-2.4644699096679688,2.4644699096679688
34,58,58,123.11889,152.0,125.0,-1.8811111450195312,1.8811111450195312
34,59,59,122.38416,151.0,125.0,-2.6158370971679688,2.6158370971679688
34,60,60,122.11414,150.0,125.0,-2.8858566284179688,2.8858566284179688
34,61,61,121.4709,149.0,125.0,-3.5290985107421875,3.5290985107421875
34,62,62,120.603455,148.0,125.0,-4.39654541015625,4.39654541015625
34,63,63,120.83513,147.0,125.0,-4.1648712158203125,4.1648712158203125
34,64,64,120.32562,146.0,125.0,-4.67437744140625,4.67437744140625
34,65,65,120.87353,145.0,125.0,-4.126472473144531,4.126472473144531
34,66,66,121.006,144.0,125.0,-3.9940032958984375,3.9940032958984375
34,67,67,121.27209,143.0,125.0,-3.7279129028320312,3.7279129028320312
34,68,68,122.50661,142.0,125.0,-2.4933929443359375,2.4933929443359375
34,69,69,121.60833,141.0,125.0,-3.3916702270507812,3.3916702270507812
34,70,70,120.99607,140.0,125.0,-4.003929138183594,4.003929138183594
34,71,71,121.584274,139.0,125.0,-3.4157257080078125,3.4157257080078125
34,72,72,121.951126,138.0,125.0,-3.0488739013671875,3.0488739013671875
34,73,73,122.07554,137.0,125.0,-2.9244613647460938,2.9244613647460938
34,74,74,122.89772,136.0,125.0,-2.1022796630859375,2.1022796630859375
34,75,75,123.38477,135.0,125.0,-1.6152267456054688,1.6152267456054688
34,76,76,122.97162,134.0,125.0,-2.02838134765625,2.02838134765625
34,77,77,123.10896,133.0,125.0,-1.8910369873046875,1.8910369873046875
34,78,78,122.6452,132.0,125.0,-2.35479736328125,2.35479736328125
34,79,79,122.44817,131.0,125.0,-2.5518264770507812,2.5518264770507812
34,80,80,121.72079,130.0,125.0,-3.2792129516601562,3.2792129516601562
34,81,81,122.34482,129.0,125.0,-2.655181884765625,2.655181884765625
34,82,82,121.850555,128.0,125.0,-3.149444580078125,3.149444580078125
34,83,83,122.27646,127.0,125.0,-2.723541259765625,2.723541259765625
34,84,84,122.72021,126.0,125.0,-2.2797927856445312,2.2797927856445312
34,85,85,121.379234,125.0,125.0,-3.6207656860351562,3.6207656860351562
34,86,86,122.31199,124.0,124.0,-1.6880111694335938,1.6880111694335938
34,87,87,122.74134,123.0,123.0,-0.25865936279296875,0.25865936279296875
34,88,88,123.33183,122.0,122.0,1.3318328857421875,1.3318328857421875
34,89,89,122.73888,121.0,121.0,1.7388763427734375,1.7388763427734375
34,90,90,122.15906,120.0,120.0,2.1590576171875,2.1590576171875
34,91,91,121.50489,119.0,119.0,2.5048904418945312,2.5048904418945312
34,92,92,122.194305,118.0,118.0,4.194305419921875,4.194305419921875
34,93,93,122.32586,117.0,117.0,5.325859069824219,5.325859069824219
34,94,94,119.15694,116.0,116.0,3.1569366455078125,3.1569366455078125
34,95,95,119.14249,115.0,115.0,4.142486572265625,4.142486572265625
34,96,96,119.653564,114.0,114.0,5.653564453125,5.653564453125
34,97,97,119.810524,113.0,113.0,6.810523986816406,6.810523986816406
34,98,98,117.22037,112.0,112.0,5.220367431640625,5.220367431640625
34,99,99,117.622284,111.0,111.0,6.622283935546875,6.622283935546875
34,100,100,118.09374,110.0,110.0,8.093742370605469,8.093742370605469
34,101,101,115.96373,109.0,109.0,6.9637298583984375,6.9637298583984375
34,102,102,116.04442,108.0,108.0,8.044418334960938,8.044418334960938
34,103,103,118.145935,107.0,107.0,11.14593505859375,11.14593505859375
34,104,104,118.49179,106.0,106.0,12.491790771484375,12.491790771484375
34,105,105,115.084915,105.0,105.0,10.084915161132812,10.084915161132812
34,106,106,115.71421,104.0,104.0,11.714210510253906,11.714210510253906
34,107,107,116.55969,103.0,103.0,13.5596923828125,13.5596923828125
34,108,108,116.824844,102.0,102.0,14.824844360351562,14.824844360351562
34,109,109,116.893616,101.0,101.0,15.89361572265625,15.89361572265625
34,110,110,116.95048,100.0,100.0,16.950477600097656,16.950477600097656
34,111,111,115.83671,99.0,99.0,16.836708068847656,16.836708068847656
34,112,112,114.723206,98.0,98.0,16.72320556640625,16.72320556640625
34,113,113,112.414795,97.0,97.0,15.414794921875,15.414794921875
34,114,114,112.78964,96.0,96.0,16.789642333984375,16.789642333984375
34,115,115,111.203224,95.0,95.0,16.203224182128906,16.203224182128906
34,116,116,107.43831,94.0,94.0,13.438308715820312,13.438308715820312
34,117,117,104.611534,93.0,93.0,11.611534118652344,11.611534118652344
34,118,118,102.49747,92.0,92.0,10.497467041015625,10.497467041015625
34,119,119,106.42335,91.0,91.0,15.423347473144531,15.423347473144531
34,120,120,102.05681,90.0,90.0,12.056808471679688,12.056808471679688
34,121,121,105.59779,89.0,89.0,16.597793579101562,16.597793579101562
34,122,122,105.41373,88.0,88.0,17.413726806640625,17.413726806640625
34,123,123,104.50815,87.0,87.0,17.508148193359375,17.508148193359375
34,124,124,99.969696,86.0,86.0,13.969696044921875,13.969696044921875
34,125,125,102.24101,85.0,85.0,17.241012573242188,17.241012573242188
34,126,126,98.68179,84.0,84.0,14.681793212890625,14.681793212890625
34,127,127,104.25697,83.0,83.0,21.256973266601562,21.256973266601562
34,128,128,92.813705,82.0,82.0,10.813705444335938,10.813705444335938
34,129,129,101.04544,81.0,81.0,20.045440673828125,20.045440673828125
34,130,130,110.598526,80.0,80.0,30.598526000976562,30.598526000976562
34,131,131,97.820984,79.0,79.0,18.82098388671875,18.82098388671875
34,132,132,100.9161,78.0,78.0,22.916099548339844,22.916099548339844
34,133,133,107.77351,77.0,77.0,30.773513793945312,30.773513793945312
34,134,134,99.76228,76.0,76.0,23.762283325195312,23.762283325195312
34,135,135,92.59329,75.0,75.0,17.593292236328125,17.593292236328125
34,136,136,91.08644,74.0,74.0,17.086441040039062,17.086441040039062
34,137,137,95.84948,73.0,73.0,22.84947967529297,22.84947967529297
34,138,138,91.74892,72.0,72.0,19.748916625976562,19.748916625976562
34,139,139,96.346054,71.0,71.0,25.346054077148438,25.346054077148438
34,140,140,103.27493,70.0,70.0,33.274932861328125,33.274932861328125
34,141,141,91.69823,69.0,69.0,22.698226928710938,22.698226928710938
34,142,142,85.6279,68.0,68.0,17.627899169921875,17.627899169921875
34,143,143,80.79483,67.0,67.0,13.794830322265625,13.794830322265625
34,144,144,78.79637,66.0,66.0,12.796371459960938,12.796371459960938
34,145,145,74.357346,65.0,65.0,9.357345581054688,9.357345581054688
34,146,146,67.997406,64.0,64.0,3.997406005859375,3.997406005859375
34,147,147,65.41102,63.0,63.0,2.4110183715820312,2.4110183715820312
34,148,148,67.240875,62.0,62.0,5.240875244140625,5.240875244140625
34,149,149,64.42979,61.0,61.0,3.4297866821289062,3.4297866821289062
34,150,150,59.339806,60.0,60.0,-0.6601943969726562,0.6601943969726562
34,151,151,57.145084,59.0,59.0,-1.8549156188964844,1.8549156188964844
34,152,152,54.962635,58.0,58.0,-3.037364959716797,3.037364959716797
34,153,153,53.137356,57.0,57.0,-3.8626441955566406,3.8626441955566406
34,154,154,49.251614,56.0,56.0,-6.748386383056641,6.748386383056641
34,155,155,48.968327,55.0,55.0,-6.031673431396484,6.031673431396484
34,156,156,56.563175,54.0,54.0,2.5631752014160156,2.5631752014160156
34,157,157,55.42853,53.0,53.0,2.4285316467285156,2.4285316467285156
34,158,158,50.330994,52.0,52.0,-1.66900634765625,1.66900634765625
34,159,159,47.773483,51.0,51.0,-3.2265167236328125,3.2265167236328125
34,160,160,45.349674,50.0,50.0,-4.650325775146484,4.650325775146484
34,161,161,48.482746,49.0,49.0,-0.5172538757324219,0.5172538757324219
34,162,162,45.390354,48.0,48.0,-2.6096458435058594,2.6096458435058594
34,163,163,45.09547,47.0,47.0,-1.9045295715332031,1.9045295715332031
34,164,164,42.564785,46.0,46.0,-3.4352149963378906,3.4352149963378906
34,165,165,39.11085,45.0,45.0,-5.889148712158203,5.889148712158203
34,166,166,37.02324,44.0,44.0,-6.9767608642578125,6.9767608642578125
34,167,167,35.269382,43.0,43.0,-7.730617523193359,7.730617523193359
34,168,168,35.98117,42.0,42.0,-6.018829345703125,6.018829345703125
34,169,169,34.9795,41.0,41.0,-6.020500183105469,6.020500183105469
34,170,170,36.44524,40.0,40.0,-3.554759979248047,3.554759979248047
34,171,171,34.10932,39.0,39.0,-4.890678405761719,4.890678405761719
34,172,172,33.008804,38.0,38.0,-4.9911956787109375,4.9911956787109375
34,173,173,35.44841,37.0,37.0,-1.5515899658203125,1.5515899658203125
34,174,174,36.941845,36.0,36.0,0.9418449401855469,0.9418449401855469
34,175,175,37.3822,35.0,35.0,2.3821983337402344,2.3821983337402344
34,176,176,40.6503,34.0,34.0,6.650299072265625,6.650299072265625
34,177,177,39.175358,33.0,33.0,6.175357818603516,6.175357818603516
34,178,178,42.26738,32.0,32.0,10.267379760742188,10.267379760742188
34,179,179,40.701668,31.0,31.0,9.701667785644531,9.701667785644531
34,180,180,35.63454,30.0,30.0,5.634540557861328,5.634540557861328
34,181,181,33.920643,29.0,29.0,4.920642852783203,4.920642852783203
34,182,182,33.14802,28.0,28.0,5.148021697998047,5.148021697998047
34,183,183,28.805052,27.0,27.0,1.8050518035888672,1.8050518035888672
34,184,184,27.02148,26.0,26.0,1.0214805603027344,1.0214805603027344
34,185,185,24.09647,25.0,25.0,-0.9035301208496094,0.9035301208496094
34,186,186,21.34027,24.0,24.0,-2.659730911254883,2.659730911254883
34,187,187,19.394505,23.0,23.0,-3.6054954528808594,3.6054954528808594
34,188,188,18.509848,22.0,22.0,-3.490152359008789,3.490152359008789
34,189,189,17.396399,21.0,21.0,-3.6036014556884766,3.6036014556884766
34,190,190,16.457176,20.0,20.0,-3.5428237915039062,3.5428237915039062
34,191,191,15.55153,19.0,19.0,-3.448470115661621,3.448470115661621
34,192,192,15.089926,18.0,18.0,-2.910074234008789,2.910074234008789
34,193,193,15.702604,17.0,17.0,-1.2973957061767578,1.2973957061767578
34,194,194,16.01909,16.0,16.0,0.019090652465820312,0.019090652465820312
34,195,195,16.706553,15.0,15.0,1.706552505493164,1.706552505493164
34,196,196,16.779028,14.0,14.0,2.7790279388427734,2.7790279388427734
34,197,197,15.325952,13.0,13.0,2.32595157623291,2.32595157623291
34,198,198,14.603833,12.0,12.0,2.6038331985473633,2.6038331985473633
34,199,199,12.220242,11.0,11.0,1.2202415466308594,1.2202415466308594
34,200,200,11.59832,10.0,10.0,1.5983200073242188,1.5983200073242188
34,201,201,10.154194,9.0,9.0,1.1541938781738281,1.1541938781738281
34,202,202,8.734135,8.0,8.0,0.7341346740722656,0.7341346740722656
34,203,203,7.5061584,7.0,7.0,0.5061583518981934,0.5061583518981934
35,1,1,125.0,208.0,125.0,0.0,0.0
35,2,2,122.25723,207.0,125.0,-2.742767333984375,2.742767333984375
35,3,3,121.40219,206.0,125.0,-3.597808837890625,3.597808837890625
35,4,4,121.9122,205.0,125.0,-3.087799072265625,3.087799072265625
35,5,5,118.99076,204.0,125.0,-6.009239196777344,6.009239196777344
35,6,6,116.97136,203.0,125.0,-8.028640747070312,8.028640747070312
35,7,7,116.62373,202.0,125.0,-8.376266479492188,8.376266479492188
35,8,8,115.56838,201.0,125.0,-9.431617736816406,9.431617736816406
35,9,9,118.722755,200.0,125.0,-6.277244567871094,6.277244567871094
35,10,10,110.83601,199.0,125.0,-14.163986206054688,14.163986206054688
35,11,11,100.22154,198.0,125.0,-24.778457641601562,24.778457641601562
35,12,12,95.98891,197.0,125.0,-29.011093139648438,29.011093139648438
35,13,13,89.21588,196.0,125.0,-35.78411865234375,35.78411865234375
35,14,14,85.11449,195.0,125.0,-39.88551330566406,39.88551330566406
35,15,15,74.99303,194.0,125.0,-50.00697326660156,50.00697326660156
35,16,16,59.791378,193.0,125.0,-65.20862197875977,65.20862197875977
35,17,17,84.45421,192.0,125.0,-40.54579162597656,40.54579162597656
35,18,18,98.61876,191.0,125.0,-26.381240844726562,26.381240844726562
35,19,19,99.30594,190.0,125.0,-25.694061279296875,25.694061279296875
35,20,20,93.007645,189.0,125.0,-31.992355346679688,31.992355346679688
35,21,21,104.447395,188.0,125.0,-20.55260467529297,20.55260467529297
35,22,22,97.42012,187.0,125.0,-27.579879760742188,27.579879760742188
35,23,23,103.84495,186.0,125.0,-21.155052185058594,21.155052185058594
35,24,24,109.04769,185.0,125.0,-15.952308654785156,15.952308654785156
35,25,25,111.490685,184.0,125.0,-13.509315490722656,13.509315490722656
35,26,26,112.98747,183.0,125.0,-12.012527465820312,12.012527465820312
35,27,27,113.415436,182.0,125.0,-11.584564208984375,11.584564208984375
35,28,28,113.87511,181.0,125.0,-11.124893188476562,11.124893188476562
35,29,29,114.048996,180.0,125.0,-10.951004028320312,10.951004028320312
35,30,30,113.8714,179.0,125.0,-11.12860107421875,11.12860107421875
35,31,31,114.06268,178.0,125.0,-10.93731689453125,10.93731689453125
35,32,32,113.72926,177.0,125.0,-11.270736694335938,11.270736694335938
35,33,33,113.709076,176.0,125.0,-11.290924072265625,11.290924072265625
35,34,34,113.66292,175.0,125.0,-11.337081909179688,11.337081909179688
35,35,35,113.382385,174.0,125.0,-11.61761474609375,11.61761474609375
35,36,36,113.45769,173.0,125.0,-11.542312622070312,11.542312622070312
35,37,37,113.722015,172.0,125.0,-11.277984619140625,11.277984619140625
35,38,38,113.783844,171.0,125.0,-11.216156005859375,11.216156005859375
35,39,39,113.5534,170.0,125.0,-11.446601867675781,11.446601867675781
35,40,40,113.57177,169.0,125.0,-11.428230285644531,11.428230285644531
35,41,41,112.96385,168.0,125.0,-12.036148071289062,12.036148071289062
35,42,42,112.84236,167.0,125.0,-12.157638549804688,12.157638549804688
35,43,43,112.59378,166.0,125.0,-12.406219482421875,12.406219482421875
35,44,44,111.79378,165.0,125.0,-13.206222534179688,13.206222534179688
35,45,45,108.98869,164.0,125.0,-16.011306762695312,16.011306762695312
35,46,46,110.91539,163.0,125.0,-14.084609985351562,14.084609985351562
35,47,47,112.089645,162.0,125.0,-12.910354614257812,12.910354614257812
35,48,48,112.71526,161.0,125.0,-12.284736633300781,12.284736633300781
35,49,49,113.22751,160.0,125.0,-11.772491455078125,11.772491455078125
35,50,50,110.517235,159.0,125.0,-14.482765197753906,14.482765197753906
35,51,51,111.84636,158.0,125.0,-13.153640747070312,13.153640747070312
35,52,52,102.6687,157.0,125.0,-22.331298828125,22.331298828125
35,53,53,103.513916,156.0,125.0,-21.486083984375,21.486083984375
35,54,54,105.54557,155.0,125.0,-19.454429626464844,19.454429626464844
35,55,55,106.92961,154.0,125.0,-18.070388793945312,18.070388793945312
35,56,56,108.221565,153.0,125.0,-16.77843475341797,16.77843475341797
35,57,57,108.95359,152.0,125.0,-16.046409606933594,16.046409606933594
35,58,58,111.482,151.0,125.0,-13.517997741699219,13.517997741699219
35,59,59,112.223755,150.0,125.0,-12.7762451171875,12.7762451171875
35,60,60,112.350105,149.0,125.0,-12.649894714355469,12.649894714355469
35,61,61,112.73459,148.0,125.0,-12.265411376953125,12.265411376953125
35,62,62,113.47672,147.0,125.0,-11.523277282714844,11.523277282714844
35,63,63,113.785614,146.0,125.0,-11.214385986328125,11.214385986328125
35,64,64,113.25598,145.0,125.0,-11.7440185546875,11.7440185546875
35,65,65,113.41488,144.0,125.0,-11.585121154785156,11.585121154785156
35,66,66,113.69881,143.0,125.0,-11.301193237304688,11.301193237304688
35,67,67,113.68313,142.0,125.0,-11.316871643066406,11.316871643066406
35,68,68,113.76016,141.0,125.0,-11.239837646484375,11.239837646484375
35,69,69,113.31998,140.0,125.0,-11.680023193359375,11.680023193359375
35,70,70,113.070915,139.0,125.0,-11.929084777832031,11.929084777832031
35,71,71,113.69929,138.0,125.0,-11.300712585449219,11.300712585449219
35,72,72,113.98319,137.0,125.0,-11.016807556152344,11.016807556152344
35,73,73,114.05084,136.0,125.0,-10.94915771484375,10.94915771484375
35,74,74,114.07676,135.0,125.0,-10.923240661621094,10.923240661621094
35,75,75,113.75457,134.0,125.0,-11.245429992675781,11.245429992675781
35,76,76,113.11903,133.0,125.0,-11.880966186523438,11.880966186523438
35,77,77,113.73311,132.0,125.0,-11.266891479492188,11.266891479492188
35,78,78,113.318436,131.0,125.0,-11.681564331054688,11.681564331054688
35,79,79,113.36242,130.0,125.0,-11.637580871582031,11.637580871582031
35,80,80,113.80998,129.0,125.0,-11.190017700195312,11.190017700195312
35,81,81,113.78648,128.0,125.0,-11.213516235351562,11.213516235351562
35,82,82,113.80019,127.0,125.0,-11.199806213378906,11.199806213378906
35,83,83,113.744705,126.0,125.0,-11.255294799804688,11.255294799804688
35,84,84,113.40659,125.0,125.0,-11.593406677246094,11.593406677246094
35,85,85,113.53385,124.0,124.0,-10.466148376464844,10.466148376464844
35,86,86,113.15449,123.0,123.0,-9.845512390136719,9.845512390136719
35,87,87,112.09242,122.0,122.0,-9.907577514648438,9.907577514648438
35,88,88,108.65682,121.0,121.0,-12.343177795410156,12.343177795410156
35,89,89,105.195595,120.0,120.0,-14.804405212402344,14.804405212402344
35,90,90,108.45375,119.0,119.0,-10.546249389648438,10.546249389648438
35,91,91,107.99586,118.0,118.0,-10.004142761230469,10.004142761230469
35,92,92,103.96846,117.0,117.0,-13.031539916992188,13.031539916992188
35,93,93,103.001396,116.0,116.0,-12.998603820800781,12.998603820800781
35,94,94,100.551315,115.0,115.0,-14.448684692382812,14.448684692382812
35,95,95,109.87999,114.0,114.0,-4.1200103759765625,4.1200103759765625
35,96,96,110.46176,113.0,113.0,-2.538238525390625,2.538238525390625
35,97,97,108.5323,112.0,112.0,-3.4676971435546875,3.4676971435546875
35,98,98,110.07716,111.0,111.0,-0.9228363037109375,0.9228363037109375
35,99,99,106.77744,110.0,110.0,-3.2225570678710938,3.2225570678710938
35,100,100,81.51875,109.0,109.0,-27.481246948242188,27.481246948242188
35,101,101,84.119804,108.0,108.0,-23.88019561767578,23.88019561767578
35,102,102,84.95471,107.0,107.0,-22.0452880859375,22.0452880859375
35,103,103,86.33757,106.0,106.0,-19.662429809570312,19.662429809570312
35,104,104,97.64535,105.0,105.0,-7.354652404785156,7.354652404785156
35,105,105,99.276375,104.0,104.0,-4.723625183105469,4.723625183105469
35,106,106,105.09568,103.0,103.0,2.0956802368164062,2.0956802368164062
35,107,107,106.53711,102.0,102.0,4.537109375,4.537109375
35,108,108,108.55805,101.0,101.0,7.558052062988281,7.558052062988281
35,109,109,108.067085,100.0,100.0,8.067085266113281,8.067085266113281
35,110,110,108.74928,99.0,99.0,9.749282836914062,9.749282836914062
35,111,111,109.55273,98.0,98.0,11.552726745605469,11.552726745605469
35,112,112,109.8245,97.0,97.0,12.824501037597656,12.824501037597656
35,113,113,108.90158,96.0,96.0,12.901580810546875,12.901580810546875
35,114,114,100.86183,95.0,95.0,5.8618316650390625,5.8618316650390625
35,115,115,102.679405,94.0,94.0,8.679405212402344,8.679405212402344
35,116,116,101.4814,93.0,93.0,8.481399536132812,8.481399536132812
35,117,117,97.6723,92.0,92.0,5.67230224609375,5.67230224609375
35,118,118,101.051056,91.0,91.0,10.051055908203125,10.051055908203125
35,119,119,105.59924,90.0,90.0,15.5992431640625,15.5992431640625
35,120,120,107.64627,89.0,89.0,18.646270751953125,18.646270751953125
35,121,121,106.3661,88.0,88.0,18.36609649658203,18.36609649658203
35,122,122,103.711174,87.0,87.0,16.71117401123047,16.71117401123047
35,123,123,102.06541,86.0,86.0,16.065406799316406,16.065406799316406
35,124,124,104.16412,85.0,85.0,19.16412353515625,19.16412353515625
35,125,125,108.148125,84.0,84.0,24.14812469482422,24.14812469482422
35,126,126,106.14137,83.0,83.0,23.141372680664062,23.141372680664062
35,127,127,103.86697,82.0,82.0,21.866966247558594,21.866966247558594
35,128,128,99.81546,81.0,81.0,18.815460205078125,18.815460205078125
35,129,129,93.01005,80.0,80.0,13.010047912597656,13.010047912597656
35,130,130,84.96738,79.0,79.0,5.967376708984375,5.967376708984375
35,131,131,70.55921,78.0,78.0,-7.440788269042969,7.440788269042969
35,132,132,62.032566,77.0,77.0,-14.96743392944336,14.96743392944336
35,133,133,57.872078,76.0,76.0,-18.12792205810547,18.12792205810547
35,134,134,59.260166,75.0,75.0,-15.73983383178711,15.73983383178711
35,135,135,53.522945,74.0,74.0,-20.477054595947266,20.477054595947266
35,136,136,53.373425,73.0,73.0,-19.626575469970703,19.626575469970703
35,137,137,53.604366,72.0,72.0,-18.395633697509766,18.395633697509766
35,138,138,69.71164,71.0,71.0,-1.288360595703125,1.288360595703125
35,139,139,73.773895,70.0,70.0,3.773895263671875,3.773895263671875
35,140,140,72.15809,69.0,69.0,3.1580886840820312,3.1580886840820312
35,141,141,72.94827,68.0,68.0,4.948272705078125,4.948272705078125
35,142,142,67.90076,67.0,67.0,0.9007568359375,0.9007568359375
35,143,143,63.16913,66.0,66.0,-2.83087158203125,2.83087158203125
35,144,144,57.314125,65.0,65.0,-7.685874938964844,7.685874938964844
35,145,145,57.888878,64.0,64.0,-6.111122131347656,6.111122131347656
35,146,146,59.72745,63.0,63.0,-3.2725486755371094,3.2725486755371094
35,147,147,56.8834,62.0,62.0,-5.116600036621094,5.116600036621094
35,148,148,42.62055,61.0,61.0,-18.379451751708984,18.379451751708984
35,149,149,40.374302,60.0,60.0,-19.62569808959961,19.62569808959961
35,150,150,43.7693,59.0,59.0,-15.230701446533203,15.230701446533203
35,151,151,42.730335,58.0,58.0,-15.269664764404297,15.269664764404297
35,152,152,43.136116,57.0,57.0,-13.863883972167969,13.863883972167969
35,153,153,45.128113,56.0,56.0,-10.87188720703125,10.87188720703125
35,154,154,43.871426,55.0,55.0,-11.12857437133789,11.12857437133789
35,155,155,50.866337,54.0,54.0,-3.1336631774902344,3.1336631774902344
35,156,156,55.668976,53.0,53.0,2.668975830078125,2.668975830078125
35,157,157,52.85012,52.0,52.0,0.8501205444335938,0.8501205444335938
35,158,158,47.447735,51.0,51.0,-3.552265167236328,3.552265167236328
35,159,159,46.6176,50.0,50.0,-3.3824005126953125,3.3824005126953125
35,160,160,45.65381,49.0,49.0,-3.34619140625,3.34619140625
35,161,161,43.81732,48.0,48.0,-4.18267822265625,4.18267822265625
35,162,162,38.2858,47.0,47.0,-8.71419906616211,8.71419906616211
35,163,163,35.722366,46.0,46.0,-10.277633666992188,10.277633666992188
35,164,164,38.8826,45.0,45.0,-6.117401123046875,6.117401123046875
35,165,165,35.038555,44.0,44.0,-8.961444854736328,8.961444854736328
35,166,166,34.52942,43.0,43.0,-8.4705810546875,8.4705810546875
35,167,167,34.805676,42.0,42.0,-7.194324493408203,7.194324493408203
35,168,168,32.358273,41.0,41.0,-8.641727447509766,8.641727447509766
35,169,169,31.429073,40.0,40.0,-8.570926666259766,8.570926666259766
35,170,170,33.555332,39.0,39.0,-5.444667816162109,5.444667816162109
35,171,171,35.667015,38.0,38.0,-2.3329849243164062,2.3329849243164062
35,172,172,33.13212,37.0,37.0,-3.8678817749023438,3.8678817749023438
35,173,173,31.736647,36.0,36.0,-4.26335334777832,4.26335334777832
35,174,174,32.10575,35.0,35.0,-2.8942489624023438,2.8942489624023438
35,175,175,31.941002,34.0,34.0,-2.0589981079101562,2.0589981079101562
35,176,176,29.790287,33.0,33.0,-3.2097129821777344,3.2097129821777344
35,177,177,23.973244,32.0,32.0,-8.026756286621094,8.026756286621094
35,178,178,24.121899,31.0,31.0,-6.878101348876953,6.878101348876953
35,179,179,26.096024,30.0,30.0,-3.9039764404296875,3.9039764404296875
35,180,180,27.62653,29.0,29.0,-1.3734703063964844,1.3734703063964844
35,181,181,27.61908,28.0,28.0,-0.38092041015625,0.38092041015625
35,182,182,26.822308,27.0,27.0,-0.17769241333007812,0.17769241333007812
35,183,183,25.599176,26.0,26.0,-0.40082359313964844,0.40082359313964844
35,184,184,25.416014,25.0,25.0,0.4160137176513672,0.4160137176513672
35,185,185,25.377914,24.0,24.0,1.3779144287109375,1.3779144287109375
35,186,186,24.607233,23.0,23.0,1.6072330474853516,1.6072330474853516
35,187,187,22.336418,22.0,22.0,0.33641815185546875,0.33641815185546875
35,188,188,22.051153,21.0,21.0,1.0511531829833984,1.0511531829833984
35,189,189,21.547136,20.0,20.0,1.5471363067626953,1.5471363067626953
35,190,190,21.242107,19.0,19.0,2.242107391357422,2.242107391357422
35,191,191,21.628653,18.0,18.0,3.628652572631836,3.628652572631836
35,192,192,22.715645,17.0,17.0,5.715644836425781,5.715644836425781
35,193,193,21.270538,16.0,16.0,5.270538330078125,5.270538330078125
35,194,194,20.974682,15.0,15.0,5.974681854248047,5.974681854248047
35,195,195,20.767786,14.0,14.0,6.767786026000977,6.767786026000977
35,196,196,21.604431,13.0,13.0,8.60443115234375,8.60443115234375
35,197,197,20.09135,12.0,12.0,8.091350555419922,8.091350555419922
35,198,198,14.102489,11.0,11.0,3.102489471435547,3.102489471435547
36,1,1,71.39366,144.0,125.0,-53.60633850097656,53.60633850097656
36,2,2,74.27309,143.0,125.0,-50.72691345214844,50.72691345214844
36,3,3,76.76717,142.0,125.0,-48.232826232910156,48.232826232910156
36,4,4,79.69491,141.0,125.0,-45.305091857910156,45.305091857910156
36,5,5,83.005936,140.0,125.0,-41.99406433105469,41.99406433105469
36,6,6,93.69247,139.0,125.0,-31.307533264160156,31.307533264160156
36,7,7,100.89789,138.0,125.0,-24.10211181640625,24.10211181640625
36,8,8,104.19255,137.0,125.0,-20.807449340820312,20.807449340820312
36,9,9,106.98314,136.0,125.0,-18.016860961914062,18.016860961914062
36,10,10,107.99997,135.0,125.0,-17.000030517578125,17.000030517578125
36,11,11,109.97146,134.0,125.0,-15.028541564941406,15.028541564941406
36,12,12,110.584625,133.0,125.0,-14.415374755859375,14.415374755859375
36,13,13,110.790276,132.0,125.0,-14.209724426269531,14.209724426269531
36,14,14,111.05869,131.0,125.0,-13.941307067871094,13.941307067871094
36,15,15,111.62125,130.0,125.0,-13.378753662109375,13.378753662109375
36,16,16,112.08888,129.0,125.0,-12.911117553710938,12.911117553710938
36,17,17,112.535355,128.0,125.0,-12.464645385742188,12.464645385742188
36,18,18,112.54137,127.0,125.0,-12.458633422851562,12.458633422851562
36,19,19,111.99428,126.0,125.0,-13.005722045898438,13.005722045898438
36,20,20,112.36424,125.0,125.0,-12.635757446289062,12.635757446289062
36,21,21,112.52771,124.0,124.0,-11.4722900390625,11.4722900390625
36,22,22,112.97156,123.0,123.0,-10.0284423828125,10.0284423828125
36,23,23,112.81595,122.0,122.0,-9.184051513671875,9.184051513671875
36,24,24,112.3125,121.0,121.0,-8.6875,8.6875
36,25,25,111.95932,120.0,120.0,-8.040679931640625,8.040679931640625
36,26,26,112.69731,119.0,119.0,-6.3026885986328125,6.3026885986328125
36,27,27,112.78296,118.0,118.0,-5.217041015625,5.217041015625
36,28,28,112.02059,117.0,117.0,-4.979408264160156,4.979408264160156
36,29,29,112.458015,116.0,116.0,-3.5419845581054688,3.5419845581054688
36,30,30,112.71445,115.0,115.0,-2.285552978515625,2.285552978515625
36,31,31,112.623,114.0,114.0,-1.3769989013671875,1.3769989013671875
36,32,32,111.566055,113.0,113.0,-1.4339447021484375,1.4339447021484375
36,33,33,103.05269,112.0,112.0,-8.947311401367188,8.947311401367188
36,34,34,102.17255,111.0,111.0,-8.82745361328125,8.82745361328125
36,35,35,88.28845,110.0,110.0,-21.7115478515625,21.7115478515625
36,36,36,87.82046,109.0,109.0,-21.179542541503906,21.179542541503906
36,37,37,90.176216,108.0,108.0,-17.82378387451172,17.82378387451172
36,38,38,90.39183,107.0,107.0,-16.608169555664062,16.608169555664062
36,39,39,89.70542,106.0,106.0,-16.294578552246094,16.294578552246094
36,40,40,80.07675,105.0,105.0,-24.923248291015625,24.923248291015625
36,41,41,85.54857,104.0,104.0,-18.451431274414062,18.451431274414062
36,42,42,85.59061,103.0,103.0,-17.409393310546875,17.409393310546875
36,43,43,86.3159,102.0,102.0,-15.684097290039062,15.684097290039062
36,44,44,84.13791,101.0,101.0,-16.862091064453125,16.862091064453125
36,45,45,82.16467,100.0,100.0,-17.8353271484375,17.8353271484375
36,46,46,96.50365,99.0,99.0,-2.4963531494140625,2.4963531494140625
36,47,47,106.15812,98.0,98.0,8.158119201660156,8.158119201660156
36,48,48,104.1582,97.0,97.0,7.158203125,7.158203125
36,49,49,88.68039,96.0,96.0,-7.319610595703125,7.319610595703125
36,50,50,95.49894,95.0,95.0,0.49893951416015625,0.49893951416015625
36,51,51,103.65043,94.0,94.0,9.650428771972656,9.650428771972656
36,52,52,103.80105,93.0,93.0,10.801048278808594,10.801048278808594
36,53,53,98.548706,92.0,92.0,6.5487060546875,6.5487060546875
36,54,54,99.48381,91.0,91.0,8.483810424804688,8.483810424804688
36,55,55,95.91176,90.0,90.0,5.9117584228515625,5.9117584228515625
36,56,56,101.091705,89.0,89.0,12.091705322265625,12.091705322265625
36,57,57,104.05909,88.0,88.0,16.05908966064453,16.05908966064453
36,58,58,104.81842,87.0,87.0,17.81842041015625,17.81842041015625
36,59,59,106.47682,86.0,86.0,20.476821899414062,20.476821899414062
36,60,60,107.27417,85.0,85.0,22.274169921875,22.274169921875
36,61,61,102.74237,84.0,84.0,18.74237060546875,18.74237060546875
36,62,62,106.69949,83.0,83.0,23.699493408203125,23.699493408203125
36,63,63,102.70765,82.0,82.0,20.70764923095703,20.70764923095703
36,64,64,102.70248,81.0,81.0,21.702476501464844,21.702476501464844
36,65,65,102.005325,80.0,80.0,22.005325317382812,22.005325317382812
36,66,66,104.6862,79.0,79.0,25.686203002929688,25.686203002929688
36,67,67,105.164986,78.0,78.0,27.16498565673828,27.16498565673828
36,68,68,107.330605,77.0,77.0,30.330604553222656,30.330604553222656
36,69,69,105.10569,76.0,76.0,29.105690002441406,29.105690002441406
36,70,70,105.883354,75.0,75.0,30.88335418701172,30.88335418701172
36,71,71,102.25323,74.0,74.0,28.25322723388672,28.25322723388672
36,72,72,95.272575,73.0,73.0,22.27257537841797,22.27257537841797
36,73,73,97.18378,72.0,72.0,25.18377685546875,25.18377685546875
36,74,74,93.97854,71.0,71.0,22.978538513183594,22.978538513183594
36,75,75,92.99687,70.0,70.0,22.996871948242188,22.996871948242188
36,76,76,94.88645,69.0,69.0,25.886451721191406,25.886451721191406
36,77,77,81.09833,68.0,68.0,13.09832763671875,13.09832763671875
36,78,78,70.00374,67.0,67.0,3.0037384033203125,3.0037384033203125
36,79,79,68.23273,66.0,66.0,2.23272705078125,2.23272705078125
36,80,80,68.62452,65.0,65.0,3.6245193481445312,3.6245193481445312
36,81,81,64.19356,64.0,64.0,0.1935577392578125,0.1935577392578125
36,82,82,58.657867,63.0,63.0,-4.342132568359375,4.342132568359375
36,83,83,58.45268,62.0,62.0,-3.547321319580078,3.547321319580078
36,84,84,56.783527,61.0,61.0,-4.216472625732422,4.216472625732422
36,85,85,47.097897,60.0,60.0,-12.902103424072266,12.902103424072266
36,86,86,47.98086,59.0,59.0,-11.01913833618164,11.01913833618164
36,87,87,46.987,58.0,58.0,-11.01300048828125,11.01300048828125
36,88,88,53.364094,57.0,57.0,-3.635906219482422,3.635906219482422
36,89,89,52.308292,56.0,56.0,-3.6917076110839844,3.6917076110839844
36,90,90,50.724167,55.0,55.0,-4.2758331298828125,4.2758331298828125
36,91,91,46.026493,54.0,54.0,-7.973506927490234,7.973506927490234
36,92,92,47.810345,53.0,53.0,-5.189655303955078,5.189655303955078
36,93,93,48.33893,52.0,52.0,-3.66107177734375,3.66107177734375
36,94,94,46.72899,51.0,51.0,-4.2710113525390625,4.2710113525390625
36,95,95,43.307003,50.0,50.0,-6.692996978759766,6.692996978759766
36,96,96,40.382454,49.0,49.0,-8.617546081542969,8.617546081542969
36,97,97,45.884922,48.0,48.0,-2.1150779724121094,2.1150779724121094
36,98,98,45.4903,47.0,47.0,-1.5097007751464844,1.5097007751464844
36,99,99,48.779644,46.0,46.0,2.779644012451172,2.779644012451172
36,100,100,50.634724,45.0,45.0,5.634723663330078,5.634723663330078
36,101,101,48.057396,44.0,44.0,4.057395935058594,4.057395935058594
36,102,102,49.26161,43.0,43.0,6.261608123779297,6.261608123779297
36,103,103,43.942253,42.0,42.0,1.9422531127929688,1.9422531127929688
36,104,104,42.232635,41.0,41.0,1.232635498046875,1.232635498046875
36,105,105,42.337543,40.0,40.0,2.337543487548828,2.337543487548828
36,106,106,45.219322,39.0,39.0,6.219322204589844,6.219322204589844
36,107,107,44.29904,38.0,38.0,6.299041748046875,6.299041748046875
36,108,108,39.13369,37.0,37.0,2.1336898803710938,2.1336898803710938
36,109,109,39.163162,36.0,36.0,3.1631622314453125,3.1631622314453125
36,110,110,38.87805,35.0,35.0,3.8780517578125,3.8780517578125
36,111,111,36.772358,34.0,34.0,2.772357940673828,2.772357940673828
36,112,112,39.928165,33.0,33.0,6.928165435791016,6.928165435791016
36,113,113,36.59914,32.0,32.0,4.599140167236328,4.599140167236328
36,114,114,32.669483,31.0,31.0,1.6694831848144531,1.6694831848144531
36,115,115,30.455387,30.0,30.0,0.4553871154785156,0.4553871154785156
36,116,116,30.490488,29.0,29.0,1.490488052368164,1.490488052368164
36,117,117,30.397137,28.0,28.0,2.397136688232422,2.397136688232422
36,118,118,33.112896,27.0,27.0,6.112895965576172,6.112895965576172
36,119,119,32.21425,26.0,26.0,6.2142486572265625,6.2142486572265625
36,120,120,31.050985,25.0,25.0,6.050985336303711,6.050985336303711
36,121,121,30.655363,24.0,24.0,6.655363082885742,6.655363082885742
36,122,122,30.255432,23.0,23.0,7.25543212890625,7.25543212890625
36,123,123,30.236446,22.0,22.0,8.236446380615234,8.236446380615234
36,124,124,27.151865,21.0,21.0,6.151865005493164,6.151865005493164
36,125,125,25.939678,20.0,20.0,5.939678192138672,5.939678192138672
36,126,126,24.961918,19.0,19.0,5.961917877197266,5.961917877197266
37,1,1,124.21719,141.0,125.0,-0.782806396484375,0.782806396484375
37,2,2,123.769,140.0,125.0,-1.2310028076171875,1.2310028076171875
37,3,3,124.17137,139.0,125.0,-0.8286285400390625,0.8286285400390625
37,4,4,124.24579,138.0,125.0,-0.75421142578125,0.75421142578125
37,5,5,124.227394,137.0,125.0,-0.7726058959960938,0.7726058959960938
37,6,6,124.23345,136.0,125.0,-0.7665481567382812,0.7665481567382812
37,7,7,124.311035,135.0,125.0,-0.68896484375,0.68896484375
37,8,8,124.224495,134.0,125.0,-0.7755050659179688,0.7755050659179688
37,9,9,123.67987,133.0,125.0,-1.32012939453125,1.32012939453125
37,10,10,123.31435,132.0,125.0,-1.6856536865234375,1.6856536865234375
37,11,11,123.670395,131.0,125.0,-1.3296051025390625,1.3296051025390625
37,12,12,123.92492,130.0,125.0,-1.0750808715820312,1.0750808715820312
37,13,13,124.20177,129.0,125.0,-0.7982330322265625,0.7982330322265625
37,14,14,123.76634,128.0,125.0,-1.2336578369140625,1.2336578369140625
37,15,15,123.71173,127.0,125.0,-1.28826904296875,1.28826904296875
37,16,16,123.94011,126.0,125.0,-1.0598907470703125,1.0598907470703125
37,17,17,123.75502,125.0,125.0,-1.2449798583984375,1.2449798583984375
37,18,18,123.24968,124.0,124.0,-0.7503204345703125,0.7503204345703125
37,19,19,123.51062,123.0,123.0,0.5106201171875,0.5106201171875
37,20,20,123.106384,122.0,122.0,1.10638427734375,1.10638427734375
37,21,21,123.17554,121.0,121.0,2.175537109375,2.175537109375
37,22,22,122.09527,120.0,120.0,2.0952682495117188,2.0952682495117188
37,23,23,121.46122,119.0,119.0,2.4612197875976562,2.4612197875976562
37,24,24,122.350296,118.0,118.0,4.3502960205078125,4.3502960205078125
37,25,25,122.94542,117.0,117.0,5.9454193115234375,5.9454193115234375
37,26,26,123.20284,116.0,116.0,7.202842712402344,7.202842712402344
37,27,27,123.28055,115.0,115.0,8.280548095703125,8.280548095703125
37,28,28,123.268814,114.0,114.0,9.268814086914062,9.268814086914062
37,29,29,123.1461,113.0,113.0,10.146102905273438,10.146102905273438
37,30,30,122.75653,112.0,112.0,10.75653076171875,10.75653076171875
37,31,31,123.04602,111.0,111.0,12.0460205078125,12.0460205078125
37,32,32,122.56343,110.0,110.0,12.563430786132812,12.563430786132812
37,33,33,123.12241,109.0,109.0,14.122413635253906,14.122413635253906
37,34,34,123.158615,108.0,108.0,15.158615112304688,15.158615112304688
37,35,35,122.48622,107.0,107.0,15.486221313476562,15.486221313476562
37,36,36,122.53072,106.0,106.0,16.530723571777344,16.530723571777344
37,37,37,122.704994,105.0,105.0,17.704994201660156,17.704994201660156
37,38,38,123.4642,104.0,104.0,19.464202880859375,19.464202880859375
37,39,39,123.25177,103.0,103.0,20.25177001953125,20.25177001953125
37,40,40,121.69067,102.0,102.0,19.69066619873047,19.69066619873047
37,41,41,122.29269,101.0,101.0,21.292686462402344,21.292686462402344
37,42,42,122.69098,100.0,100.0,22.69097900390625,22.69097900390625
37,43,43,122.547806,99.0,99.0,23.547805786132812,23.547805786132812
37,44,44,122.625656,98.0,98.0,24.625656127929688,24.625656127929688
37,45,45,122.41805,97.0,97.0,25.418052673339844,25.418052673339844
37,46,46,122.785934,96.0,96.0,26.785934448242188,26.785934448242188
37,47,47,123.15648,95.0,95.0,28.156478881835938,28.156478881835938
37,48,48,122.78426,94.0,94.0,28.784263610839844,28.784263610839844
37,49,49,122.86206,93.0,93.0,29.862060546875,29.862060546875
37,50,50,121.99916,92.0,92.0,29.999160766601562,29.999160766601562
37,51,51,123.358475,91.0,91.0,32.35847473144531,32.35847473144531
37,52,52,123.058945,90.0,90.0,33.05894470214844,33.05894470214844
37,53,53,122.304535,89.0,89.0,33.304534912109375,33.304534912109375
37,54,54,121.83847,88.0,88.0,33.838470458984375,33.838470458984375
37,55,55,121.7887,87.0,87.0,34.7886962890625,34.7886962890625
37,56,56,121.183075,86.0,86.0,35.183074951171875,35.183074951171875
37,57,57,122.78549,85.0,85.0,37.785491943359375,37.785491943359375
37,58,58,122.29158,84.0,84.0,38.29158020019531,38.29158020019531
37,59,59,122.24391,83.0,83.0,39.24391174316406,39.24391174316406
37,60,60,119.81919,82.0,82.0,37.819190979003906,37.819190979003906
37,61,61,119.95293,81.0,81.0,38.95292663574219,38.95292663574219
37,62,62,120.41233,80.0,80.0,40.412330627441406,40.412330627441406
37,63,63,120.11604,79.0,79.0,41.11604309082031,41.11604309082031
37,64,64,120.2574,78.0,78.0,42.25740051269531,42.25740051269531
37,65,65,117.85368,77.0,77.0,40.85368347167969,40.85368347167969
37,66,66,118.36371,76.0,76.0,42.36370849609375,42.36370849609375
37,67,67,118.83148,75.0,75.0,43.83148193359375,43.83148193359375
37,68,68,118.72918,74.0,74.0,44.72917938232422,44.72917938232422
37,69,69,117.68183,73.0,73.0,44.68183135986328,44.68183135986328
37,70,70,115.01112,72.0,72.0,43.01112365722656,43.01112365722656
37,71,71,119.39066,71.0,71.0,48.390663146972656,48.390663146972656
37,72,72,120.058014,70.0,70.0,50.058013916015625,50.058013916015625
37,73,73,113.465485,69.0,69.0,44.465484619140625,44.465484619140625
37,74,74,114.75609,68.0,68.0,46.75608825683594,46.75608825683594
37,75,75,112.6826,67.0,67.0,45.68260192871094,45.68260192871094
37,76,76,111.78973,66.0,66.0,45.78972625732422,45.78972625732422
37,77,77,109.94991,65.0,65.0,44.949913024902344,44.949913024902344
37,78,78,105.5625,64.0,64.0,41.5625,41.5625
37,79,79,105.4829,63.0,63.0,42.48290252685547,42.48290252685547
37,80,80,90.69298,62.0,62.0,28.692977905273438,28.692977905273438
37,81,81,96.63025,61.0,61.0,35.6302490234375,35.6302490234375
37,82,82,78.526474,60.0,60.0,18.526473999023438,18.526473999023438
37,83,83,75.314674,59.0,59.0,16.314674377441406,16.314674377441406
37,84,84,66.19292,58.0,58.0,8.192916870117188,8.192916870117188
37,85,85,68.88867,57.0,57.0,11.888671875,11.888671875
37,86,86,65.03248,56.0,56.0,9.032478332519531,9.032478332519531
37,87,87,70.06839,55.0,55.0,15.068389892578125,15.068389892578125
37,88,88,71.59925,54.0,54.0,17.59925079345703,17.59925079345703
37,89,89,64.82085,53.0,53.0,11.820846557617188,11.820846557617188
37,90,90,61.974266,52.0,52.0,9.974266052246094,9.974266052246094
37,91,91,61.682747,51.0,51.0,10.682746887207031,10.682746887207031
37,92,92,60.945522,50.0,50.0,10.94552230834961,10.94552230834961
37,93,93,59.63766,49.0,49.0,10.63766098022461,10.63766098022461
37,94,94,57.691402,48.0,48.0,9.691402435302734,9.691402435302734
37,95,95,57.69853,47.0,47.0,10.698528289794922,10.698528289794922
37,96,96,55.098663,46.0,46.0,9.098663330078125,9.098663330078125
37,97,97,52.492477,45.0,45.0,7.4924774169921875,7.4924774169921875
37,98,98,46.563072,44.0,44.0,2.5630722045898438,2.5630722045898438
37,99,99,58.818665,43.0,43.0,15.81866455078125,15.81866455078125
37,100,100,58.61321,42.0,42.0,16.613208770751953,16.613208770751953
37,101,101,57.733547,41.0,41.0,16.73354721069336,16.73354721069336
37,102,102,53.77766,40.0,40.0,13.777660369873047,13.777660369873047
37,103,103,55.865616,39.0,39.0,16.865615844726562,16.865615844726562
37,104,104,51.772957,38.0,38.0,13.772956848144531,13.772956848144531
37,105,105,48.052414,37.0,37.0,11.052413940429688,11.052413940429688
37,106,106,48.841312,36.0,36.0,12.841312408447266,12.841312408447266
37,107,107,52.424465,35.0,35.0,17.42446517944336,17.42446517944336
37,108,108,44.609177,34.0,34.0,10.609176635742188,10.609176635742188
37,109,109,41.417118,33.0,33.0,8.417118072509766,8.417118072509766
37,110,110,36.98238,32.0,32.0,4.982379913330078,4.982379913330078
37,111,111,41.11731,31.0,31.0,10.1173095703125,10.1173095703125
37,112,112,36.439228,30.0,30.0,6.439228057861328,6.439228057861328
37,113,113,35.01818,29.0,29.0,6.018180847167969,6.018180847167969
37,114,114,32.15195,28.0,28.0,4.151950836181641,4.151950836181641
37,115,115,34.48112,27.0,27.0,7.481121063232422,7.481121063232422
37,116,116,32.06633,26.0,26.0,6.0663299560546875,6.0663299560546875
37,117,117,34.756775,25.0,25.0,9.75677490234375,9.75677490234375
37,118,118,36.181225,24.0,24.0,12.181224822998047,12.181224822998047
37,119,119,34.602222,23.0,23.0,11.602222442626953,11.602222442626953
37,120,120,35.64273,22.0,22.0,13.642730712890625,13.642730712890625
37,121,121,35.693665,21.0,21.0,14.69366455078125,14.69366455078125
38,1,1,113.09078,174.0,125.0,-11.909217834472656,11.909217834472656
38,2,2,113.36316,173.0,125.0,-11.6368408203125,11.6368408203125
38,3,3,113.44848,172.0,125.0,-11.551521301269531,11.551521301269531
38,4,4,113.32611,171.0,125.0,-11.67388916015625,11.67388916015625
38,5,5,113.626114,170.0,125.0,-11.373886108398438,11.373886108398438
38,6,6,113.59906,169.0,125.0,-11.40093994140625,11.40093994140625
38,7,7,113.63396,168.0,125.0,-11.366043090820312,11.366043090820312
38,8,8,113.74504,167.0,125.0,-11.254959106445312,11.254959106445312
38,9,9,113.784584,166.0,125.0,-11.215415954589844,11.215415954589844
38,10,10,113.810684,165.0,125.0,-11.189315795898438,11.189315795898438
38,11,11,113.79703,164.0,125.0,-11.202972412109375,11.202972412109375
38,12,12,113.66574,163.0,125.0,-11.334259033203125,11.334259033203125
38,13,13,113.6268,162.0,125.0,-11.373199462890625,11.373199462890625
38,14,14,113.37357,161.0,125.0,-11.626426696777344,11.626426696777344
38,15,15,112.42892,160.0,125.0,-12.571083068847656,12.571083068847656
38,16,16,109.497856,159.0,125.0,-15.502143859863281,15.502143859863281
38,17,17,111.4321,158.0,125.0,-13.567901611328125,13.567901611328125
38,18,18,111.956406,157.0,125.0,-13.043594360351562,13.043594360351562
38,19,19,112.210335,156.0,125.0,-12.789665222167969,12.789665222167969
38,20,20,112.03131,155.0,125.0,-12.96868896484375,12.96868896484375
38,21,21,112.279305,154.0,125.0,-12.720695495605469,12.720695495605469
38,22,22,112.41225,153.0,125.0,-12.587753295898438,12.587753295898438
38,23,23,112.053635,152.0,125.0,-12.946365356445312,12.946365356445312
38,24,24,112.3246,151.0,125.0,-12.675399780273438,12.675399780273438
38,25,25,112.2789,150.0,125.0,-12.721099853515625,12.721099853515625
38,26,26,112.26239,149.0,125.0,-12.73760986328125,12.73760986328125
38,27,27,112.57855,148.0,125.0,-12.42144775390625,12.42144775390625
38,28,28,112.220726,147.0,125.0,-12.779273986816406,12.779273986816406
38,29,29,110.543365,146.0,125.0,-14.456634521484375,14.456634521484375
38,30,30,109.79266,145.0,125.0,-15.20733642578125,15.20733642578125
38,31,31,108.81224,144.0,125.0,-16.187759399414062,16.187759399414062
38,32,32,110.44154,143.0,125.0,-14.558456420898438,14.558456420898438
38,33,33,108.29482,142.0,125.0,-16.705177307128906,16.705177307128906
38,34,34,101.98004,141.0,125.0,-23.01995849609375,23.01995849609375
38,35,35,106.543076,140.0,125.0,-18.456924438476562,18.456924438476562
38,36,36,108.18431,139.0,125.0,-16.815689086914062,16.815689086914062
38,37,37,110.19379,138.0,125.0,-14.80621337890625,14.80621337890625
38,38,38,109.48907,137.0,125.0,-15.510932922363281,15.510932922363281
38,39,39,110.0877,136.0,125.0,-14.912300109863281,14.912300109863281
38,40,40,109.68135,135.0,125.0,-15.318649291992188,15.318649291992188
38,41,41,111.99285,134.0,125.0,-13.007148742675781,13.007148742675781
38,42,42,112.07405,133.0,125.0,-12.925949096679688,12.925949096679688
38,43,43,111.96235,132.0,125.0,-13.037651062011719,13.037651062011719
38,44,44,113.05165,131.0,125.0,-11.948348999023438,11.948348999023438
38,45,45,112.003044,130.0,125.0,-12.996955871582031,12.996955871582031
38,46,46,108.41333,129.0,125.0,-16.586669921875,16.586669921875
38,47,47,108.04443,128.0,125.0,-16.95556640625,16.95556640625
38,48,48,105.141205,127.0,125.0,-19.858795166015625,19.858795166015625
38,49,49,95.6376,126.0,125.0,-29.362396240234375,29.362396240234375
38,50,50,80.382195,125.0,125.0,-44.61780548095703,44.61780548095703
38,51,51,89.695175,124.0,124.0,-34.30482482910156,34.30482482910156
38,52,52,96.174934,123.0,123.0,-26.82506561279297,26.82506561279297
38,53,53,91.9628,122.0,122.0,-30.037200927734375,30.037200927734375
38,54,54,85.42856,121.0,121.0,-35.571441650390625,35.571441650390625
38,55,55,82.66643,120.0,120.0,-37.33357238769531,37.33357238769531
38,56,56,83.5447,119.0,119.0,-35.455299377441406,35.455299377441406
38,57,57,93.91299,118.0,118.0,-24.087013244628906,24.087013244628906
38,58,58,91.877754,117.0,117.0,-25.12224578857422,25.12224578857422
38,59,59,79.640915,116.0,116.0,-36.35908508300781,36.35908508300781
38,60,60,84.424706,115.0,115.0,-30.575294494628906,30.575294494628906
38,61,61,91.17731,114.0,114.0,-22.82269287109375,22.82269287109375
38,62,62,94.74109,113.0,113.0,-18.2589111328125,18.2589111328125
38,63,63,83.13286,112.0,112.0,-28.867141723632812,28.867141723632812
38,64,64,82.79139,111.0,111.0,-28.20861053466797,28.20861053466797
38,65,65,78.93012,110.0,110.0,-31.06987762451172,31.06987762451172
38,66,66,82.710945,109.0,109.0,-26.28905487060547,26.28905487060547
38,67,67,88.91204,108.0,108.0,-19.08795928955078,19.08795928955078
38,68,68,84.112236,107.0,107.0,-22.88776397705078,22.88776397705078
38,69,69,87.371544,106.0,106.0,-18.628456115722656,18.628456115722656
38,70,70,86.86272,105.0,105.0,-18.137283325195312,18.137283325195312
38,71,71,86.94109,104.0,104.0,-17.05890655517578,17.05890655517578
38,72,72,93.007576,103.0,103.0,-9.992424011230469,9.992424011230469
38,73,73,94.28747,102.0,102.0,-7.712532043457031,7.712532043457031
38,74,74,96.21054,101.0,101.0,-4.789459228515625,4.789459228515625
38,75,75,101.49079,100.0,100.0,1.4907913208007812,1.4907913208007812
38,76,76,103.2382,99.0,99.0,4.238197326660156,4.238197326660156
38,77,77,106.65829,98.0,98.0,8.658287048339844,8.658287048339844
38,78,78,107.0461,97.0,97.0,10.046096801757812,10.046096801757812
38,79,79,105.42619,96.0,96.0,9.426193237304688,9.426193237304688
38,80,80,101.95729,95.0,95.0,6.9572906494140625,6.9572906494140625
38,81,81,104.42323,94.0,94.0,10.423233032226562,10.423233032226562
38,82,82,106.61772,93.0,93.0,13.617721557617188,13.617721557617188
38,83,83,107.844795,92.0,92.0,15.844795227050781,15.844795227050781
38,84,84,106.84756,91.0,91.0,15.847557067871094,15.847557067871094
38,85,85,105.74889,90.0,90.0,15.748893737792969,15.748893737792969
38,86,86,106.01636,89.0,89.0,17.016357421875,17.016357421875
38,87,87,103.63032,88.0,88.0,15.630317687988281,15.630317687988281
38,88,88,103.97748,87.0,87.0,16.97747802734375,16.97747802734375
38,89,89,106.43,86.0,86.0,20.43000030517578,20.43000030517578
38,90,90,103.50624,85.0,85.0,18.506240844726562,18.506240844726562
38,91,91,103.40705,84.0,84.0,19.40705108642578,19.40705108642578
38,92,92,91.55936,83.0,83.0,8.559356689453125,8.559356689453125
38,93,93,93.45724,82.0,82.0,11.457237243652344,11.457237243652344
38,94,94,98.50987,81.0,81.0,17.509872436523438,17.509872436523438
38,95,95,89.974045,80.0,80.0,9.974044799804688,9.974044799804688
38,96,96,92.95227,79.0,79.0,13.9522705078125,13.9522705078125
38,97,97,90.777756,78.0,78.0,12.777755737304688,12.777755737304688
38,98,98,90.914764,77.0,77.0,13.914764404296875,13.914764404296875
38,99,99,87.993675,76.0,76.0,11.993675231933594,11.993675231933594
38,100,100,83.030106,75.0,75.0,8.030105590820312,8.030105590820312
38,101,101,76.35719,74.0,74.0,2.3571929931640625,2.3571929931640625
38,102,102,82.177284,73.0,73.0,9.177284240722656,9.177284240722656
38,103,103,74.03682,72.0,72.0,2.0368194580078125,2.0368194580078125
38,104,104,66.577675,71.0,71.0,-4.422325134277344,4.422325134277344
38,105,105,68.89985,70.0,70.0,-1.1001510620117188,1.1001510620117188
38,106,106,68.14664,69.0,69.0,-0.853363037109375,0.853363037109375
38,107,107,73.181816,68.0,68.0,5.181816101074219,5.181816101074219
38,108,108,75.830154,67.0,67.0,8.830154418945312,8.830154418945312
38,109,109,81.42022,66.0,66.0,15.420219421386719,15.420219421386719
38,110,110,83.76498,65.0,65.0,18.764976501464844,18.764976501464844
38,111,111,80.72787,64.0,64.0,16.727867126464844,16.727867126464844
38,112,112,78.75682,63.0,63.0,15.756820678710938,15.756820678710938
38,113,113,76.09172,62.0,62.0,14.091720581054688,14.091720581054688
38,114,114,75.599815,61.0,61.0,14.599815368652344,14.599815368652344
38,115,115,76.19334,60.0,60.0,16.193336486816406,16.193336486816406
38,116,116,76.45292,59.0,59.0,17.452919006347656,17.452919006347656
38,117,117,73.55855,58.0,58.0,15.558547973632812,15.558547973632812
38,118,118,76.805016,57.0,57.0,19.805015563964844,19.805015563964844
38,119,119,72.53154,56.0,56.0,16.531539916992188,16.531539916992188
38,120,120,72.53979,55.0,55.0,17.53978729248047,17.53978729248047
38,121,121,66.87936,54.0,54.0,12.879356384277344,12.879356384277344
38,122,122,63.620583,53.0,53.0,10.620582580566406,10.620582580566406
38,123,123,58.84238,52.0,52.0,6.842380523681641,6.842380523681641
38,124,124,54.895218,51.0,51.0,3.8952178955078125,3.8952178955078125
38,125,125,51.633736,50.0,50.0,1.6337356567382812,1.6337356567382812
39,1,1,123.98245,178.0,125.0,-1.017547607421875,1.017547607421875
39,2,2,123.43527,177.0,125.0,-1.564727783203125,1.564727783203125
39,3,3,123.14583,176.0,125.0,-1.8541717529296875,1.8541717529296875
39,4,4,122.66504,175.0,125.0,-2.3349609375,2.3349609375
39,5,5,121.28339,174.0,125.0,-3.71661376953125,3.71661376953125
39,6,6,121.7417,173.0,125.0,-3.25830078125,3.25830078125
39,7,7,121.232544,172.0,125.0,-3.7674560546875,3.7674560546875
39,8,8,119.86015,171.0,125.0,-5.1398468017578125,5.1398468017578125
39,9,9,121.37562,170.0,125.0,-3.6243820190429688,3.6243820190429688
39,10,10,120.62156,169.0,125.0,-4.378440856933594,4.378440856933594
39,11,11,120.298096,168.0,125.0,-4.701904296875,4.701904296875
39,12,12,121.868866,167.0,125.0,-3.131134033203125,3.131134033203125
39,13,13,122.031395,166.0,125.0,-2.9686050415039062,2.9686050415039062
39,14,14,120.58296,165.0,125.0,-4.4170379638671875,4.4170379638671875
39,15,15,120.536545,164.0,125.0,-4.4634552001953125,4.4634552001953125
39,16,16,121.58385,163.0,125.0,-3.4161529541015625,3.4161529541015625
39,17,17,121.893585,162.0,125.0,-3.106414794921875,3.106414794921875
39,18,18,122.4409,161.0,125.0,-2.5590972900390625,2.5590972900390625
39,19,19,122.32463,160.0,125.0,-2.6753692626953125,2.6753692626953125
39,20,20,123.07789,159.0,125.0,-1.9221115112304688,1.9221115112304688
39,21,21,123.02785,158.0,125.0,-1.9721527099609375,1.9721527099609375
39,22,22,122.969795,157.0,125.0,-2.0302047729492188,2.0302047729492188
39,23,23,121.80708,156.0,125.0,-3.1929168701171875,3.1929168701171875
39,24,24,121.82843,155.0,125.0,-3.17156982421875,3.17156982421875
39,25,25,120.90673,154.0,125.0,-4.093269348144531,4.093269348144531
39,26,26,121.38953,153.0,125.0,-3.6104736328125,3.6104736328125
39,27,27,121.46008,152.0,125.0,-3.5399169921875,3.5399169921875
39,28,28,122.58174,151.0,125.0,-2.4182586669921875,2.4182586669921875
39,29,29,122.98491,150.0,125.0,-2.0150909423828125,2.0150909423828125
39,30,30,122.99528,149.0,125.0,-2.0047225952148438,2.0047225952148438
39,31,31,123.90683,148.0,125.0,-1.093170166015625,1.093170166015625
39,32,32,122.76044,147.0,125.0,-2.23956298828125,2.23956298828125
39,33,33,123.69018,146.0,125.0,-1.3098220825195312,1.3098220825195312
39,34,34,123.490585,145.0,125.0,-1.5094146728515625,1.5094146728515625
39,35,35,123.65805,144.0,125.0,-1.341949462890625,1.341949462890625
39,36,36,123.31041,143.0,125.0,-1.6895904541015625,1.6895904541015625
39,37,37,122.71208,142.0,125.0,-2.2879180908203125,2.2879180908203125
40,1,1,110.73362,160.0,125.0,-14.266380310058594,14.266380310058594
40,2,2,110.08116,159.0,125.0,-14.918838500976562,14.918838500976562
40,3,3,110.31677,158.0,125.0,-14.6832275390625,14.6832275390625
40,4,4,106.61807,157.0,125.0,-18.381927490234375,18.381927490234375
40,5,5,108.83534,156.0,125.0,-16.164657592773438,16.164657592773438
40,6,6,107.5517,155.0,125.0,-17.44830322265625,17.44830322265625
40,7,7,107.90794,154.0,125.0,-17.092056274414062,17.092056274414062
40,8,8,107.58643,153.0,125.0,-17.41356658935547,17.41356658935547
40,9,9,107.235275,152.0,125.0,-17.764724731445312,17.764724731445312
40,10,10,106.82893,151.0,125.0,-18.171066284179688,18.171066284179688
40,11,11,107.75998,150.0,125.0,-17.240020751953125,17.240020751953125
40,12,12,107.463326,149.0,125.0,-17.53667449951172,17.53667449951172
40,13,13,108.498215,148.0,125.0,-16.501785278320312,16.501785278320312
40,14,14,108.368225,147.0,125.0,-16.63177490234375,16.63177490234375
40,15,15,108.62004,146.0,125.0,-16.379959106445312,16.379959106445312
40,16,16,110.29905,145.0,125.0,-14.700950622558594,14.700950622558594
40,17,17,109.79555,144.0,125.0,-15.204452514648438,15.204452514648438
40,18,18,110.06983,143.0,125.0,-14.930168151855469,14.930168151855469
40,19,19,109.93246,142.0,125.0,-15.067543029785156,15.067543029785156
40,20,20,110.66258,141.0,125.0,-14.337417602539062,14.337417602539062
40,21,21,111.0524,140.0,125.0,-13.947601318359375,13.947601318359375
40,22,22,109.94776,139.0,125.0,-15.052238464355469,15.052238464355469
40,23,23,109.60122,138.0,125.0,-15.398780822753906,15.398780822753906
40,24,24,110.786125,137.0,125.0,-14.213874816894531,14.213874816894531
40,25,25,111.198586,136.0,125.0,-13.801414489746094,13.801414489746094
40,26,26,111.989334,135.0,125.0,-13.010665893554688,13.010665893554688
40,27,27,111.793686,134.0,125.0,-13.206314086914062,13.206314086914062
40,28,28,112.015854,133.0,125.0,-12.984146118164062,12.984146118164062
40,29,29,112.108406,132.0,125.0,-12.891593933105469,12.891593933105469
40,30,30,112.695724,131.0,125.0,-12.304275512695312,12.304275512695312
40,31,31,113.19001,130.0,125.0,-11.809989929199219,11.809989929199219
40,32,32,112.709076,129.0,125.0,-12.290924072265625,12.290924072265625
40,33,33,112.8833,128.0,125.0,-12.11669921875,12.11669921875
40,34,34,111.40849,127.0,125.0,-13.591506958007812,13.591506958007812
40,35,35,111.80583,126.0,125.0,-13.194168090820312,13.194168090820312
40,36,36,111.1072,125.0,125.0,-13.892799377441406,13.892799377441406
40,37,37,111.66207,124.0,124.0,-12.337928771972656,12.337928771972656
40,38,38,109.41771,123.0,123.0,-13.582290649414062,13.582290649414062
40,39,39,103.96076,122.0,122.0,-18.03923797607422,18.03923797607422
40,40,40,100.42134,121.0,121.0,-20.578659057617188,20.578659057617188
40,41,41,106.060875,120.0,120.0,-13.939125061035156,13.939125061035156
40,42,42,104.69661,119.0,119.0,-14.303390502929688,14.303390502929688
40,43,43,106.78636,118.0,118.0,-11.213638305664062,11.213638305664062
40,44,44,107.16834,117.0,117.0,-9.831657409667969,9.831657409667969
40,45,45,108.03767,116.0,116.0,-7.962333679199219,7.962333679199219
40,46,46,111.19064,115.0,115.0,-3.809356689453125,3.809356689453125
40,47,47,110.754814,114.0,114.0,-3.2451858520507812,3.2451858520507812
40,48,48,111.41625,113.0,113.0,-1.5837478637695312,1.5837478637695312
40,49,49,110.68763,112.0,112.0,-1.3123703002929688,1.3123703002929688
40,50,50,112.440895,111.0,111.0,1.4408950805664062,1.4408950805664062
40,51,51,111.7944,110.0,110.0,1.794403076171875,1.794403076171875
40,52,52,111.2842,109.0,109.0,2.2842025756835938,2.2842025756835938
40,53,53,108.141014,108.0,108.0,0.14101409912109375,0.14101409912109375
40,54,54,101.386696,107.0,107.0,-5.613304138183594,5.613304138183594
40,55,55,105.11506,106.0,106.0,-0.8849411010742188,0.8849411010742188
40,56,56,105.940186,105.0,105.0,0.940185546875,0.940185546875
40,57,57,101.528885,104.0,104.0,-2.4711151123046875,2.4711151123046875
40,58,58,98.73686,103.0,103.0,-4.2631378173828125,4.2631378173828125
40,59,59,93.17673,102.0,102.0,-8.823272705078125,8.823272705078125
40,60,60,99.40178,101.0,101.0,-1.5982208251953125,1.5982208251953125
40,61,61,100.483,100.0,100.0,0.483001708984375,0.483001708984375
40,62,62,104.68919,99.0,99.0,5.6891937255859375,5.6891937255859375
40,63,63,109.31403,98.0,98.0,11.314033508300781,11.314033508300781
40,64,64,103.731186,97.0,97.0,6.7311859130859375,6.7311859130859375
40,65,65,97.94022,96.0,96.0,1.9402236938476562,1.9402236938476562
40,66,66,86.96856,95.0,95.0,-8.031440734863281,8.031440734863281
40,67,67,86.11442,94.0,94.0,-7.885581970214844,7.885581970214844
40,68,68,86.78765,93.0,93.0,-6.212348937988281,6.212348937988281
40,69,69,81.63722,92.0,92.0,-10.362777709960938,10.362777709960938
40,70,70,74.61991,91.0,91.0,-16.380088806152344,16.380088806152344
40,71,71,70.5565,90.0,90.0,-19.443496704101562,19.443496704101562
40,72,72,76.38393,89.0,89.0,-12.616073608398438,12.616073608398438
40,73,73,73.11022,88.0,88.0,-14.889778137207031,14.889778137207031
40,74,74,75.75752,87.0,87.0,-11.242477416992188,11.242477416992188
40,75,75,77.00147,86.0,86.0,-8.998527526855469,8.998527526855469
40,76,76,82.370186,85.0,85.0,-2.6298141479492188,2.6298141479492188
40,77,77,76.44466,84.0,84.0,-7.5553436279296875,7.5553436279296875
40,78,78,74.77309,83.0,83.0,-8.226913452148438,8.226913452148438
40,79,79,74.603874,82.0,82.0,-7.396125793457031,7.396125793457031
40,80,80,84.79504,81.0,81.0,3.7950363159179688,3.7950363159179688
40,81,81,87.92658,80.0,80.0,7.926582336425781,7.926582336425781
40,82,82,97.605225,79.0,79.0,18.605224609375,18.605224609375
40,83,83,94.73578,78.0,78.0,16.73577880859375,16.73577880859375
40,84,84,87.42541,77.0,77.0,10.425407409667969,10.425407409667969
40,85,85,85.828674,76.0,76.0,9.82867431640625,9.82867431640625
40,86,86,85.50316,75.0,75.0,10.503158569335938,10.503158569335938
40,87,87,83.591934,74.0,74.0,9.591934204101562,9.591934204101562
40,88,88,82.64663,73.0,73.0,9.646629333496094,9.646629333496094
40,89,89,89.63125,72.0,72.0,17.631248474121094,17.631248474121094
40,90,90,89.709595,71.0,71.0,18.7095947265625,18.7095947265625
40,91,91,91.9263,70.0,70.0,21.926300048828125,21.926300048828125
40,92,92,91.613815,69.0,69.0,22.613815307617188,22.613815307617188
40,93,93,89.750496,68.0,68.0,21.75049591064453,21.75049591064453
40,94,94,95.70942,67.0,67.0,28.70941925048828,28.70941925048828
40,95,95,93.12378,66.0,66.0,27.123779296875,27.123779296875
40,96,96,82.49621,65.0,65.0,17.49620819091797,17.49620819091797
40,97,97,81.4151,64.0,64.0,17.41510009765625,17.41510009765625
40,98,98,86.10035,63.0,63.0,23.10034942626953,23.10034942626953
40,99,99,78.767815,62.0,62.0,16.76781463623047,16.76781463623047
40,100,100,74.80451,61.0,61.0,13.804512023925781,13.804512023925781
40,101,101,67.23507,60.0,60.0,7.235069274902344,7.235069274902344
40,102,102,65.6465,59.0,59.0,6.6464996337890625,6.6464996337890625
40,103,103,61.738605,58.0,58.0,3.738605499267578,3.738605499267578
40,104,104,57.821022,57.0,57.0,0.8210220336914062,0.8210220336914062
40,105,105,55.86688,56.0,56.0,-0.13312149047851562,0.13312149047851562
40,106,106,51.633198,55.0,55.0,-3.366802215576172,3.366802215576172
40,107,107,50.833027,54.0,54.0,-3.166973114013672,3.166973114013672
40,108,108,45.982265,53.0,53.0,-7.017734527587891,7.017734527587891
40,109,109,47.201515,52.0,52.0,-4.798484802246094,4.798484802246094
40,110,110,48.745964,51.0,51.0,-2.2540359497070312,2.2540359497070312
40,111,111,47.012154,50.0,50.0,-2.9878463745117188,2.9878463745117188
40,112,112,51.142593,49.0,49.0,2.1425933837890625,2.1425933837890625
40,113,113,54.76273,48.0,48.0,6.762729644775391,6.762729644775391
40,114,114,51.25515,47.0,47.0,4.255149841308594,4.255149841308594
40,115,115,49.767353,46.0,46.0,3.767353057861328,3.767353057861328
40,116,116,46.677803,45.0,45.0,1.6778030395507812,1.6778030395507812
40,117,117,41.810936,44.0,44.0,-2.1890640258789062,2.1890640258789062
40,118,118,41.434013,43.0,43.0,-1.5659866333007812,1.5659866333007812
40,119,119,44.050377,42.0,42.0,2.0503768920898438,2.0503768920898438
40,120,120,42.37527,41.0,41.0,1.3752708435058594,1.3752708435058594
40,121,121,42.102238,40.0,40.0,2.1022377014160156,2.1022377014160156
40,122,122,37.083805,39.0,39.0,-1.9161949157714844,1.9161949157714844
40,123,123,33.198597,38.0,38.0,-4.801403045654297,4.801403045654297
40,124,124,35.380627,37.0,37.0,-1.6193733215332031,1.6193733215332031
40,125,125,31.493603,36.0,36.0,-4.506397247314453,4.506397247314453
40,126,126,29.688932,35.0,35.0,-5.311067581176758,5.311067581176758
40,127,127,28.501535,34.0,34.0,-5.498464584350586,5.498464584350586
40,128,128,27.995926,33.0,33.0,-5.0040740966796875,5.0040740966796875
40,129,129,28.621487,32.0,32.0,-3.3785133361816406,3.3785133361816406
40,130,130,28.110785,31.0,31.0,-2.8892154693603516,2.8892154693603516
40,131,131,29.308895,30.0,30.0,-0.6911048889160156,0.6911048889160156
40,132,132,30.045715,29.0,29.0,1.04571533203125,1.04571533203125
40,133,133,30.351791,28.0,28.0,2.3517913818359375,2.3517913818359375
41,1,1,124.24766,140.0,125.0,-0.7523422241210938,0.7523422241210938
41,2,2,123.84258,139.0,125.0,-1.1574172973632812,1.1574172973632812
41,3,3,123.98982,138.0,125.0,-1.0101776123046875,1.0101776123046875
41,4,4,124.003944,137.0,125.0,-0.9960556030273438,0.9960556030273438
41,5,5,123.91535,136.0,125.0,-1.0846481323242188,1.0846481323242188
41,6,6,124.116844,135.0,125.0,-0.8831558227539062,0.8831558227539062
41,7,7,123.90526,134.0,125.0,-1.0947418212890625,1.0947418212890625
41,8,8,123.49795,133.0,125.0,-1.5020523071289062,1.5020523071289062
41,9,9,123.459724,132.0,125.0,-1.5402755737304688,1.5402755737304688
41,10,10,123.5472,131.0,125.0,-1.4527969360351562,1.4527969360351562
41,11,11,123.40343,130.0,125.0,-1.5965728759765625,1.5965728759765625
41,12,12,123.46647,129.0,125.0,-1.5335311889648438,1.5335311889648438
41,13,13,123.251976,128.0,125.0,-1.7480239868164062,1.7480239868164062
41,14,14,123.55174,127.0,125.0,-1.4482574462890625,1.4482574462890625
41,15,15,122.841324,126.0,125.0,-2.1586761474609375,2.1586761474609375
41,16,16,123.74667,125.0,125.0,-1.253326416015625,1.253326416015625
41,17,17,123.59358,124.0,124.0,-0.4064178466796875,0.4064178466796875
41,18,18,123.5185,123.0,123.0,0.5185012817382812,0.5185012817382812
41,19,19,123.61865,122.0,122.0,1.61865234375,1.61865234375
41,20,20,123.84381,121.0,121.0,2.84381103515625,2.84381103515625
41,21,21,123.60361,120.0,120.0,3.603607177734375,3.603607177734375
41,22,22,123.73506,119.0,119.0,4.7350616455078125,4.7350616455078125
41,23,23,123.62411,118.0,118.0,5.624107360839844,5.624107360839844
41,24,24,123.15953,117.0,117.0,6.1595306396484375,6.1595306396484375
41,25,25,122.5721,116.0,116.0,6.5720977783203125,6.5720977783203125
41,26,26,122.66765,115.0,115.0,7.6676483154296875,7.6676483154296875
41,27,27,122.99492,114.0,114.0,8.994918823242188,8.994918823242188
41,28,28,123.408714,113.0,113.0,10.408714294433594,10.408714294433594
41,29,29,123.943436,112.0,112.0,11.943435668945312,11.943435668945312
41,30,30,123.96319,111.0,111.0,12.963188171386719,12.963188171386719
41,31,31,124.07348,110.0,110.0,14.073478698730469,14.073478698730469
41,32,32,123.83106,109.0,109.0,14.831062316894531,14.831062316894531
41,33,33,123.338585,108.0,108.0,15.338584899902344,15.338584899902344
41,34,34,122.68068,107.0,107.0,15.680679321289062,15.680679321289062
41,35,35,123.23712,106.0,106.0,17.23712158203125,17.23712158203125
41,36,36,123.769684,105.0,105.0,18.769683837890625,18.769683837890625
41,37,37,123.18641,104.0,104.0,19.18640899658203,19.18640899658203
41,38,38,124.04906,103.0,103.0,21.049057006835938,21.049057006835938
41,39,39,123.53519,102.0,102.0,21.535186767578125,21.535186767578125
41,40,40,123.732445,101.0,101.0,22.732444763183594,22.732444763183594
41,41,41,124.12373,100.0,100.0,24.123733520507812,24.123733520507812
41,42,42,123.6833,99.0,99.0,24.68329620361328,24.68329620361328
41,43,43,123.19523,98.0,98.0,25.195228576660156,25.195228576660156
41,44,44,122.477554,97.0,97.0,25.477554321289062,25.477554321289062
41,45,45,122.66669,96.0,96.0,26.66668701171875,26.66668701171875
41,46,46,123.5188,95.0,95.0,28.518798828125,28.518798828125
41,47,47,123.18437,94.0,94.0,29.184371948242188,29.184371948242188
41,48,48,123.0334,93.0,93.0,30.033401489257812,30.033401489257812
41,49,49,123.339264,92.0,92.0,31.339263916015625,31.339263916015625
41,50,50,123.30791,91.0,91.0,32.30790710449219,32.30790710449219
41,51,51,122.66512,90.0,90.0,32.665122985839844,32.665122985839844
41,52,52,123.51741,89.0,89.0,34.51741027832031,34.51741027832031
41,53,53,122.86102,88.0,88.0,34.86102294921875,34.86102294921875
41,54,54,122.50997,87.0,87.0,35.509971618652344,35.509971618652344
41,55,55,122.79764,86.0,86.0,36.797637939453125,36.797637939453125
41,56,56,123.169044,85.0,85.0,38.169044494628906,38.169044494628906
41,57,57,122.66081,84.0,84.0,38.66081237792969,38.66081237792969
41,58,58,123.254906,83.0,83.0,40.254905700683594,40.254905700683594
41,59,59,122.72639,82.0,82.0,40.72638702392578,40.72638702392578
41,60,60,122.42755,81.0,81.0,41.42755126953125,41.42755126953125
41,61,61,122.58854,80.0,80.0,42.588539123535156,42.588539123535156
41,62,62,122.59999,79.0,79.0,43.59999084472656,43.59999084472656
41,63,63,121.213615,78.0,78.0,43.21361541748047,43.21361541748047
41,64,64,121.92322,77.0,77.0,44.9232177734375,44.9232177734375
41,65,65,121.876724,76.0,76.0,45.87672424316406,45.87672424316406
41,66,66,122.44125,75.0,75.0,47.441253662109375,47.441253662109375
41,67,67,121.45944,74.0,74.0,47.459442138671875,47.459442138671875
41,68,68,122.079216,73.0,73.0,49.07921600341797,49.07921600341797
41,69,69,122.99224,72.0,72.0,50.99224090576172,50.99224090576172
41,70,70,122.24688,71.0,71.0,51.24687957763672,51.24687957763672
41,71,71,122.50212,70.0,70.0,52.50212097167969,52.50212097167969
41,72,72,121.43364,69.0,69.0,52.43363952636719,52.43363952636719
41,73,73,120.46042,68.0,68.0,52.460418701171875,52.460418701171875
41,74,74,117.763504,67.0,67.0,50.76350402832031,50.76350402832031
41,75,75,118.524574,66.0,66.0,52.524574279785156,52.524574279785156
41,76,76,117.56235,65.0,65.0,52.562347412109375,52.562347412109375
41,77,77,117.397675,64.0,64.0,53.397674560546875,53.397674560546875
41,78,78,107.088104,63.0,63.0,44.088104248046875,44.088104248046875
41,79,79,110.673584,62.0,62.0,48.673583984375,48.673583984375
41,80,80,108.59833,61.0,61.0,47.59832763671875,47.59832763671875
41,81,81,113.95863,60.0,60.0,53.95863342285156,53.95863342285156
41,82,82,112.82465,59.0,59.0,53.82465362548828,53.82465362548828
41,83,83,89.330185,58.0,58.0,31.330184936523438,31.330184936523438
41,84,84,85.640274,57.0,57.0,28.640274047851562,28.640274047851562
41,85,85,81.42741,56.0,56.0,25.427406311035156,25.427406311035156
41,86,86,88.69231,55.0,55.0,33.69230651855469,33.69230651855469
41,87,87,91.11928,54.0,54.0,37.11927795410156,37.11927795410156
41,88,88,85.78958,53.0,53.0,32.789581298828125,32.789581298828125
41,89,89,77.88852,52.0,52.0,25.888519287109375,25.888519287109375
41,90,90,67.51132,51.0,51.0,16.511322021484375,16.511322021484375
41,91,91,65.412926,50.0,50.0,15.412925720214844,15.412925720214844
41,92,92,67.604416,49.0,49.0,18.604415893554688,18.604415893554688
41,93,93,74.17104,48.0,48.0,26.171043395996094,26.171043395996094
41,94,94,71.25825,47.0,47.0,24.25824737548828,24.25824737548828
41,95,95,68.226555,46.0,46.0,22.22655487060547,22.22655487060547
41,96,96,77.088684,45.0,45.0,32.08868408203125,32.08868408203125
41,97,97,69.25724,44.0,44.0,25.257240295410156,25.257240295410156
41,98,98,66.919106,43.0,43.0,23.919105529785156,23.919105529785156
41,99,99,64.55839,42.0,42.0,22.558387756347656,22.558387756347656
41,100,100,63.961597,41.0,41.0,22.961597442626953,22.961597442626953
41,101,101,59.862217,40.0,40.0,19.86221694946289,19.86221694946289
41,102,102,55.361485,39.0,39.0,16.36148452758789,16.36148452758789
41,103,103,55.681812,38.0,38.0,17.681812286376953,17.681812286376953
41,104,104,53.55598,37.0,37.0,16.555980682373047,16.555980682373047
41,105,105,45.581776,36.0,36.0,9.581775665283203,9.581775665283203
41,106,106,50.979816,35.0,35.0,15.979816436767578,15.979816436767578
41,107,107,50.525326,34.0,34.0,16.525325775146484,16.525325775146484
41,108,108,40.10741,33.0,33.0,7.107410430908203,7.107410430908203
41,109,109,38.236385,32.0,32.0,6.236385345458984,6.236385345458984
41,110,110,33.61488,31.0,31.0,2.614879608154297,2.614879608154297
41,111,111,32.28341,30.0,30.0,2.2834091186523438,2.2834091186523438
41,112,112,29.48906,29.0,29.0,0.4890594482421875,0.4890594482421875
41,113,113,27.197392,28.0,28.0,-0.8026084899902344,0.8026084899902344
41,114,114,25.98388,27.0,27.0,-1.0161209106445312,1.0161209106445312
41,115,115,30.052357,26.0,26.0,4.052356719970703,4.052356719970703
41,116,116,31.910463,25.0,25.0,6.910463333129883,6.910463333129883
41,117,117,37.143253,24.0,24.0,13.143253326416016,13.143253326416016
41,118,118,35.045033,23.0,23.0,12.045032501220703,12.045032501220703
41,119,119,32.541256,22.0,22.0,10.541255950927734,10.541255950927734
41,120,120,29.805462,21.0,21.0,8.805461883544922,8.805461883544922
41,121,121,27.194405,20.0,20.0,7.194404602050781,7.194404602050781
41,122,122,28.814297,19.0,19.0,9.81429672241211,9.81429672241211
41,123,123,29.875183,18.0,18.0,11.87518310546875,11.87518310546875
42,1,1,124.20131,165.0,125.0,-0.7986907958984375,0.7986907958984375
42,2,2,124.20273,164.0,125.0,-0.797271728515625,0.797271728515625
42,3,3,123.848755,163.0,125.0,-1.1512451171875,1.1512451171875
42,4,4,123.41814,162.0,125.0,-1.5818634033203125,1.5818634033203125
42,5,5,123.16018,161.0,125.0,-1.8398208618164062,1.8398208618164062
42,6,6,123.38303,160.0,125.0,-1.6169662475585938,1.6169662475585938
42,7,7,123.81197,159.0,125.0,-1.1880264282226562,1.1880264282226562
42,8,8,123.57833,158.0,125.0,-1.4216690063476562,1.4216690063476562
42,9,9,123.93666,157.0,125.0,-1.0633392333984375,1.0633392333984375
42,10,10,124.21588,156.0,125.0,-0.78411865234375,0.78411865234375
42,11,11,124.08925,155.0,125.0,-0.9107513427734375,0.9107513427734375
42,12,12,123.98299,154.0,125.0,-1.0170135498046875,1.0170135498046875
42,13,13,123.620155,153.0,125.0,-1.3798446655273438,1.3798446655273438
42,14,14,123.928986,152.0,125.0,-1.071014404296875,1.071014404296875
42,15,15,123.97682,151.0,125.0,-1.0231781005859375,1.0231781005859375
42,16,16,124.014084,150.0,125.0,-0.9859161376953125,0.9859161376953125
42,17,17,124.06349,149.0,125.0,-0.9365081787109375,0.9365081787109375
42,18,18,123.769394,148.0,125.0,-1.2306060791015625,1.2306060791015625
42,19,19,124.16464,147.0,125.0,-0.835357666015625,0.835357666015625
42,20,20,123.92049,146.0,125.0,-1.0795135498046875,1.0795135498046875
42,21,21,123.8595,145.0,125.0,-1.1405029296875,1.1405029296875
42,22,22,123.90297,144.0,125.0,-1.0970306396484375,1.0970306396484375
42,23,23,124.21705,143.0,125.0,-0.7829513549804688,0.7829513549804688
42,24,24,124.02457,142.0,125.0,-0.975433349609375,0.975433349609375
42,25,25,123.65941,141.0,125.0,-1.3405914306640625,1.3405914306640625
42,26,26,123.99738,140.0,125.0,-1.0026168823242188,1.0026168823242188
42,27,27,123.888435,139.0,125.0,-1.1115646362304688,1.1115646362304688
42,28,28,124.08133,138.0,125.0,-0.918670654296875,0.918670654296875
42,29,29,123.65505,137.0,125.0,-1.3449478149414062,1.3449478149414062
42,30,30,123.72463,136.0,125.0,-1.2753677368164062,1.2753677368164062
42,31,31,124.08324,135.0,125.0,-0.9167633056640625,0.9167633056640625
42,32,32,124.48189,134.0,125.0,-0.5181121826171875,0.5181121826171875
42,33,33,123.874054,133.0,125.0,-1.125946044921875,1.125946044921875
42,34,34,124.1145,132.0,125.0,-0.885498046875,0.885498046875
42,35,35,123.232666,131.0,125.0,-1.767333984375,1.767333984375
42,36,36,123.33212,130.0,125.0,-1.667877197265625,1.667877197265625
42,37,37,122.873245,129.0,125.0,-2.1267547607421875,2.1267547607421875
42,38,38,123.653786,128.0,125.0,-1.3462142944335938,1.3462142944335938
42,39,39,123.16579,127.0,125.0,-1.8342132568359375,1.8342132568359375
42,40,40,123.00952,126.0,125.0,-1.990478515625,1.990478515625
42,41,41,123.27225,125.0,125.0,-1.727752685546875,1.727752685546875
42,42,42,123.107254,124.0,124.0,-0.8927459716796875,0.8927459716796875
42,43,43,123.79336,123.0,123.0,0.7933578491210938,0.7933578491210938
42,44,44,123.33089,122.0,122.0,1.3308868408203125,1.3308868408203125
42,45,45,122.99162,121.0,121.0,1.9916229248046875,1.9916229248046875
42,46,46,123.0578,120.0,120.0,3.05780029296875,3.05780029296875
42,47,47,123.76322,119.0,119.0,4.763221740722656,4.763221740722656
42,48,48,123.722534,118.0,118.0,5.7225341796875,5.7225341796875
42,49,49,124.05769,117.0,117.0,7.0576934814453125,7.0576934814453125
42,50,50,123.79852,116.0,116.0,7.79852294921875,7.79852294921875
42,51,51,123.948044,115.0,115.0,8.948043823242188,8.948043823242188
42,52,52,123.35637,114.0,114.0,9.356369018554688,9.356369018554688
42,53,53,124.08008,113.0,113.0,11.080078125,11.080078125
42,54,54,124.1165,112.0,112.0,12.116500854492188,12.116500854492188
42,55,55,123.35533,111.0,111.0,12.355331420898438,12.355331420898438
42,56,56,122.11615,110.0,110.0,12.11614990234375,12.11614990234375
42,57,57,123.19123,109.0,109.0,14.191230773925781,14.191230773925781
42,58,58,122.64399,108.0,108.0,14.643989562988281,14.643989562988281
42,59,59,122.960304,107.0,107.0,15.960304260253906,15.960304260253906
42,60,60,121.62697,106.0,106.0,15.626968383789062,15.626968383789062
42,61,61,122.606674,105.0,105.0,17.606674194335938,17.606674194335938
42,62,62,123.1434,104.0,104.0,19.143402099609375,19.143402099609375
42,63,63,123.84844,103.0,103.0,20.84844207763672,20.84844207763672
42,64,64,123.43151,102.0,102.0,21.43151092529297,21.43151092529297
42,65,65,123.30315,101.0,101.0,22.303146362304688,22.303146362304688
42,66,66,123.60043,100.0,100.0,23.600433349609375,23.600433349609375
42,67,67,123.3708,99.0,99.0,24.37079620361328,24.37079620361328
42,68,68,123.05665,98.0,98.0,25.05664825439453,25.05664825439453
42,69,69,123.32365,97.0,97.0,26.323646545410156,26.323646545410156
42,70,70,122.56459,96.0,96.0,26.564590454101562,26.564590454101562
42,71,71,122.53869,95.0,95.0,27.53868865966797,27.53868865966797
42,72,72,122.83056,94.0,94.0,28.83055877685547,28.83055877685547
42,73,73,123.31207,93.0,93.0,30.31207275390625,30.31207275390625
42,74,74,122.54108,92.0,92.0,30.54107666015625,30.54107666015625
42,75,75,122.236145,91.0,91.0,31.23614501953125,31.23614501953125
42,76,76,119.52638,90.0,90.0,29.526382446289062,29.526382446289062
42,77,77,118.127495,89.0,89.0,29.12749481201172,29.12749481201172
42,78,78,119.53009,88.0,88.0,31.53009033203125,31.53009033203125
42,79,79,112.25598,87.0,87.0,25.2559814453125,25.2559814453125
42,80,80,113.84217,86.0,86.0,27.84217071533203,27.84217071533203
42,81,81,114.426674,85.0,85.0,29.426673889160156,29.426673889160156
42,82,82,103.145386,84.0,84.0,19.1453857421875,19.1453857421875
42,83,83,103.47977,83.0,83.0,20.479766845703125,20.479766845703125
42,84,84,106.218765,82.0,82.0,24.218765258789062,24.218765258789062
42,85,85,102.033066,81.0,81.0,21.033065795898438,21.033065795898438
42,86,86,93.6949,80.0,80.0,13.694900512695312,13.694900512695312
42,87,87,102.44827,79.0,79.0,23.448272705078125,23.448272705078125
42,88,88,99.86337,78.0,78.0,21.863372802734375,21.863372802734375
42,89,89,106.02043,77.0,77.0,29.020431518554688,29.020431518554688
42,90,90,111.45469,76.0,76.0,35.454689025878906,35.454689025878906
42,91,91,113.40263,75.0,75.0,38.40263366699219,38.40263366699219
42,92,92,115.77324,74.0,74.0,41.77323913574219,41.77323913574219
42,93,93,117.72641,73.0,73.0,44.726409912109375,44.726409912109375
42,94,94,118.05887,72.0,72.0,46.058868408203125,46.058868408203125
42,95,95,119.42993,71.0,71.0,48.429931640625,48.429931640625
42,96,96,115.207245,70.0,70.0,45.207244873046875,45.207244873046875
42,97,97,116.43085,69.0,69.0,47.43084716796875,47.43084716796875
42,98,98,112.049805,68.0,68.0,44.0498046875,44.0498046875
42,99,99,105.915504,67.0,67.0,38.915504455566406,38.915504455566406
42,100,100,85.767944,66.0,66.0,19.7679443359375,19.7679443359375
42,101,101,84.68266,65.0,65.0,19.682662963867188,19.682662963867188
42,102,102,91.836624,64.0,64.0,27.836624145507812,27.836624145507812
42,103,103,86.73207,63.0,63.0,23.732070922851562,23.732070922851562
42,104,104,80.64839,62.0,62.0,18.648391723632812,18.648391723632812
42,105,105,89.039246,61.0,61.0,28.03924560546875,28.03924560546875
42,106,106,83.24477,60.0,60.0,23.244766235351562,23.244766235351562
42,107,107,77.504524,59.0,59.0,18.50452423095703,18.50452423095703
42,108,108,70.99883,58.0,58.0,12.998832702636719,12.998832702636719
42,109,109,64.08717,57.0,57.0,7.0871734619140625,7.0871734619140625
42,110,110,66.17248,56.0,56.0,10.172477722167969,10.172477722167969
42,111,111,74.29586,55.0,55.0,19.295860290527344,19.295860290527344
42,112,112,71.14657,54.0,54.0,17.146568298339844,17.146568298339844
42,113,113,60.65048,53.0,53.0,7.650478363037109,7.650478363037109
42,114,114,58.422062,52.0,52.0,6.422061920166016,6.422061920166016
42,115,115,56.21333,51.0,51.0,5.213329315185547,5.213329315185547
42,116,116,53.303562,50.0,50.0,3.3035621643066406,3.3035621643066406
42,117,117,47.47917,49.0,49.0,-1.5208282470703125,1.5208282470703125
42,118,118,48.52139,48.0,48.0,0.5213890075683594,0.5213890075683594
42,119,119,53.408382,47.0,47.0,6.408382415771484,6.408382415771484
42,120,120,57.42213,46.0,46.0,11.422130584716797,11.422130584716797
42,121,121,56.06341,45.0,45.0,11.063411712646484,11.063411712646484
42,122,122,50.754505,44.0,44.0,6.754505157470703,6.754505157470703
42,123,123,52.61111,43.0,43.0,9.61111068725586,9.61111068725586
42,124,124,57.126377,42.0,42.0,15.12637710571289,15.12637710571289
42,125,125,58.95163,41.0,41.0,17.951629638671875,17.951629638671875
42,126,126,47.980507,40.0,40.0,7.980506896972656,7.980506896972656
42,127,127,48.140343,39.0,39.0,9.140342712402344,9.140342712402344
42,128,128,41.74187,38.0,38.0,3.741870880126953,3.741870880126953
42,129,129,36.972626,37.0,37.0,-0.027374267578125,0.027374267578125
42,130,130,30.29186,36.0,36.0,-5.708139419555664,5.708139419555664
42,131,131,30.029224,35.0,35.0,-4.970775604248047,4.970775604248047
42,132,132,30.886002,34.0,34.0,-3.1139984130859375,3.1139984130859375
42,133,133,32.8306,33.0,33.0,-0.16939926147460938,0.16939926147460938
42,134,134,32.621,32.0,32.0,0.6209983825683594,0.6209983825683594
42,135,135,33.05035,31.0,31.0,2.0503501892089844,2.0503501892089844
42,136,136,34.037426,30.0,30.0,4.037425994873047,4.037425994873047
42,137,137,32.999794,29.0,29.0,3.9997940063476562,3.9997940063476562
42,138,138,32.429672,28.0,28.0,4.4296722412109375,4.4296722412109375
42,139,139,30.63227,27.0,27.0,3.6322708129882812,3.6322708129882812
42,140,140,29.943531,26.0,26.0,3.943531036376953,3.943531036376953
42,141,141,30.482662,25.0,25.0,5.482662200927734,5.482662200927734
42,142,142,31.141043,24.0,24.0,7.141042709350586,7.141042709350586
42,143,143,27.746387,23.0,23.0,4.746387481689453,4.746387481689453
42,144,144,25.759205,22.0,22.0,3.759204864501953,3.759204864501953
42,145,145,23.963314,21.0,21.0,2.9633140563964844,2.9633140563964844
42,146,146,23.143276,20.0,20.0,3.1432762145996094,3.1432762145996094
42,147,147,22.223742,19.0,19.0,3.2237415313720703,3.2237415313720703
42,148,148,19.524452,18.0,18.0,1.5244522094726562,1.5244522094726562
42,149,149,18.299953,17.0,17.0,1.2999534606933594,1.2999534606933594
42,150,150,15.497182,16.0,16.0,-0.5028181076049805,0.5028181076049805
42,151,151,14.628172,15.0,15.0,-0.3718280792236328,0.3718280792236328
42,152,152,15.487391,14.0,14.0,1.487391471862793,1.487391471862793
42,153,153,15.465758,13.0,13.0,2.4657583236694336,2.4657583236694336
42,154,154,14.146304,12.0,12.0,2.146304130554199,2.146304130554199
42,155,155,11.176049,11.0,11.0,0.17604923248291016,0.17604923248291016
42,156,156,9.888834,10.0,10.0,-0.11116600036621094,0.11116600036621094
43,1,1,118.54294,230.0,125.0,-6.457061767578125,6.457061767578125
43,2,2,119.51661,229.0,125.0,-5.483390808105469,5.483390808105469
43,3,3,120.261795,228.0,125.0,-4.7382049560546875,4.7382049560546875
43,4,4,119.25033,227.0,125.0,-5.749671936035156,5.749671936035156
43,5,5,118.42744,226.0,125.0,-6.572563171386719,6.572563171386719
43,6,6,117.130844,225.0,125.0,-7.8691558837890625,7.8691558837890625
43,7,7,115.49092,224.0,125.0,-9.509078979492188,9.509078979492188
43,8,8,116.7097,223.0,125.0,-8.290298461914062,8.290298461914062
43,9,9,114.03102,222.0,125.0,-10.968978881835938,10.968978881835938
43,10,10,110.12908,221.0,125.0,-14.870918273925781,14.870918273925781
43,11,11,103.52915,220.0,125.0,-21.470848083496094,21.470848083496094
43,12,12,104.41034,219.0,125.0,-20.58966064453125,20.58966064453125
43,13,13,101.712555,218.0,125.0,-23.287445068359375,23.287445068359375
43,14,14,103.4514,217.0,125.0,-21.548599243164062,21.548599243164062
43,15,15,102.60559,216.0,125.0,-22.3944091796875,22.3944091796875
43,16,16,88.53846,215.0,125.0,-36.46154022216797,36.46154022216797
43,17,17,90.296936,214.0,125.0,-34.70306396484375,34.70306396484375
43,18,18,93.59504,213.0,125.0,-31.40496063232422,31.40496063232422
43,19,19,97.65245,212.0,125.0,-27.347549438476562,27.347549438476562
43,20,20,102.101715,211.0,125.0,-22.898284912109375,22.898284912109375
43,21,21,94.60916,210.0,125.0,-30.390838623046875,30.390838623046875
43,22,22,88.97096,209.0,125.0,-36.02903747558594,36.02903747558594
43,23,23,89.51152,208.0,125.0,-35.48847961425781,35.48847961425781
43,24,24,94.31529,207.0,125.0,-30.684707641601562,30.684707641601562
43,25,25,90.31533,206.0,125.0,-34.684669494628906,34.684669494628906
43,26,26,87.31714,205.0,125.0,-37.682861328125,37.682861328125
43,27,27,96.116486,204.0,125.0,-28.883514404296875,28.883514404296875
43,28,28,94.85834,203.0,125.0,-30.14166259765625,30.14166259765625
43,29,29,93.700455,202.0,125.0,-31.299545288085938,31.299545288085938
43,30,30,93.12263,201.0,125.0,-31.87737274169922,31.87737274169922
43,31,31,101.71952,200.0,125.0,-23.280479431152344,23.280479431152344
43,32,32,108.64322,199.0,125.0,-16.356781005859375,16.356781005859375
43,33,33,113.51193,198.0,125.0,-11.488067626953125,11.488067626953125
43,34,34,110.78996,197.0,125.0,-14.210037231445312,14.210037231445312
43,35,35,109.420456,196.0,125.0,-15.579544067382812,15.579544067382812
43,36,36,111.405716,195.0,125.0,-13.594284057617188,13.594284057617188
43,37,37,115.67963,194.0,125.0,-9.32037353515625,9.32037353515625
43,38,38,121.9904,193.0,125.0,-3.0095977783203125,3.0095977783203125
43,39,39,123.023605,192.0,125.0,-1.9763946533203125,1.9763946533203125
43,40,40,122.304596,191.0,125.0,-2.695404052734375,2.695404052734375
43,41,41,121.144455,190.0,125.0,-3.8555450439453125,3.8555450439453125
43,42,42,124.05994,189.0,125.0,-0.9400634765625,0.9400634765625
43,43,43,124.6051,188.0,125.0,-0.3948974609375,0.3948974609375
43,44,44,124.773926,187.0,125.0,-0.22607421875,0.22607421875
43,45,45,123.397354,186.0,125.0,-1.6026458740234375,1.6026458740234375
43,46,46,122.451546,185.0,125.0,-2.5484542846679688,2.5484542846679688
43,47,47,123.40358,184.0,125.0,-1.5964202880859375,1.5964202880859375
43,48,48,124.15918,183.0,125.0,-0.8408203125,0.8408203125
43,49,49,125.0,182.0,125.0,0.0,0.0
43,50,50,125.0,181.0,125.0,0.0,0.0
43,51,51,122.43017,180.0,125.0,-2.5698318481445312,2.5698318481445312
43,52,52,121.509285,179.0,125.0,-3.4907150268554688,3.4907150268554688
43,53,53,120.056885,178.0,125.0,-4.943115234375,4.943115234375
43,54,54,118.546745,177.0,125.0,-6.453254699707031,6.453254699707031
43,55,55,113.99275,176.0,125.0,-11.007247924804688,11.007247924804688
43,56,56,111.79725,175.0,125.0,-13.202751159667969,13.202751159667969
43,57,57,107.140594,174.0,125.0,-17.859405517578125,17.859405517578125
43,58,58,111.50777,173.0,125.0,-13.492233276367188,13.492233276367188
43,59,59,112.02863,172.0,125.0,-12.971366882324219,12.971366882324219
43,60,60,113.43033,171.0,125.0,-11.569671630859375,11.569671630859375
43,61,61,118.354935,170.0,125.0,-6.6450653076171875,6.6450653076171875
43,62,62,115.82345,169.0,125.0,-9.176551818847656,9.176551818847656
43,63,63,108.40693,168.0,125.0,-16.59307098388672,16.59307098388672
43,64,64,109.21037,167.0,125.0,-15.789627075195312,15.789627075195312
43,65,65,104.28639,166.0,125.0,-20.713607788085938,20.713607788085938
43,66,66,108.47067,165.0,125.0,-16.529327392578125,16.529327392578125
43,67,67,109.96333,164.0,125.0,-15.036666870117188,15.036666870117188
43,68,68,113.03456,163.0,125.0,-11.965438842773438,11.965438842773438
43,69,69,107.37569,162.0,125.0,-17.624313354492188,17.624313354492188
43,70,70,105.3371,161.0,125.0,-19.66290283203125,19.66290283203125
43,71,71,107.62708,160.0,125.0,-17.37291717529297,17.37291717529297
43,72,72,113.28099,159.0,125.0,-11.719009399414062,11.719009399414062
43,73,73,117.80449,158.0,125.0,-7.1955108642578125,7.1955108642578125
43,74,74,111.92726,157.0,125.0,-13.072738647460938,13.072738647460938
43,75,75,107.18789,156.0,125.0,-17.812110900878906,17.812110900878906
43,76,76,114.23398,155.0,125.0,-10.766021728515625,10.766021728515625
43,77,77,119.940605,154.0,125.0,-5.059394836425781,5.059394836425781
43,78,78,123.468346,153.0,125.0,-1.5316543579101562,1.5316543579101562
43,79,79,124.07733,152.0,125.0,-0.92266845703125,0.92266845703125
43,80,80,122.995544,151.0,125.0,-2.00445556640625,2.00445556640625
43,81,81,123.23476,150.0,125.0,-1.7652435302734375,1.7652435302734375
43,82,82,122.52498,149.0,125.0,-2.4750213623046875,2.4750213623046875
43,83,83,120.25858,148.0,125.0,-4.741416931152344,4.741416931152344
43,84,84,122.2905,147.0,125.0,-2.709503173828125,2.709503173828125
43,85,85,123.87712,146.0,125.0,-1.1228790283203125,1.1228790283203125
43,86,86,123.38588,145.0,125.0,-1.6141204833984375,1.6141204833984375
43,87,87,123.93619,144.0,125.0,-1.063812255859375,1.063812255859375
43,88,88,124.85298,143.0,125.0,-0.1470184326171875,0.1470184326171875
43,89,89,124.6648,142.0,125.0,-0.33519744873046875,0.33519744873046875
43,90,90,124.40603,141.0,125.0,-0.5939712524414062,0.5939712524414062
43,91,91,124.05495,140.0,125.0,-0.9450531005859375,0.9450531005859375
43,92,92,121.70231,139.0,125.0,-3.2976913452148438,3.2976913452148438
43,93,93,122.81446,138.0,125.0,-2.1855392456054688,2.1855392456054688
43,94,94,123.15968,137.0,125.0,-1.8403167724609375,1.8403167724609375
43,95,95,121.59389,136.0,125.0,-3.4061126708984375,3.4061126708984375
43,96,96,119.864975,135.0,125.0,-5.1350250244140625,5.1350250244140625
43,97,97,120.42699,134.0,125.0,-4.5730133056640625,4.5730133056640625
43,98,98,121.98839,133.0,125.0,-3.0116119384765625,3.0116119384765625
43,99,99,122.099464,132.0,125.0,-2.9005355834960938,2.9005355834960938
43,100,100,121.21428,131.0,125.0,-3.7857208251953125,3.7857208251953125
43,101,101,117.63691,130.0,125.0,-7.363090515136719,7.363090515136719
43,102,102,114.08116,129.0,125.0,-10.918838500976562,10.918838500976562
43,103,103,111.61998,128.0,125.0,-13.380020141601562,13.380020141601562
43,104,104,86.19616,127.0,125.0,-38.80384063720703,38.80384063720703
43,105,105,82.59646,126.0,125.0,-42.403541564941406,42.403541564941406
43,106,106,73.86139,125.0,125.0,-51.13861083984375,51.13861083984375
43,107,107,72.15709,124.0,124.0,-51.84291076660156,51.84291076660156
43,108,108,89.43424,123.0,123.0,-33.565757751464844,33.565757751464844
43,109,109,97.15573,122.0,122.0,-24.844268798828125,24.844268798828125
43,110,110,75.629906,121.0,121.0,-45.370094299316406,45.370094299316406
43,111,111,75.62436,120.0,120.0,-44.375640869140625,44.375640869140625
43,112,112,68.26068,119.0,119.0,-50.73931884765625,50.73931884765625
43,113,113,55.258118,118.0,118.0,-62.74188232421875,62.74188232421875
43,114,114,70.64418,117.0,117.0,-46.35581970214844,46.35581970214844
43,115,115,90.616325,116.0,116.0,-25.38367462158203,25.38367462158203
43,116,116,85.181946,115.0,115.0,-29.81805419921875,29.81805419921875
43,117,117,81.08971,114.0,114.0,-32.91029357910156,32.91029357910156
43,118,118,110.44034,113.0,113.0,-2.559661865234375,2.559661865234375
43,119,119,112.734886,112.0,112.0,0.7348861694335938,0.7348861694335938
43,120,120,113.35498,111.0,111.0,2.35498046875,2.35498046875
43,121,121,113.08476,110.0,110.0,3.0847625732421875,3.0847625732421875
43,122,122,112.57882,109.0,109.0,3.5788192749023438,3.5788192749023438
43,123,123,113.35018,108.0,108.0,5.350181579589844,5.350181579589844
43,124,124,113.63347,107.0,107.0,6.6334686279296875,6.6334686279296875
43,125,125,113.89388,106.0,106.0,7.893882751464844,7.893882751464844
43,126,126,113.84094,105.0,105.0,8.8409423828125,8.8409423828125
43,127,127,113.09709,104.0,104.0,9.097091674804688,9.097091674804688
43,128,128,113.60356,103.0,103.0,10.603561401367188,10.603561401367188
43,129,129,113.491844,102.0,102.0,11.491844177246094,11.491844177246094
43,130,130,112.77675,101.0,101.0,11.776748657226562,11.776748657226562
43,131,131,113.3546,100.0,100.0,13.354598999023438,13.354598999023438
43,132,132,113.28498,99.0,99.0,14.284980773925781,14.284980773925781
43,133,133,113.963905,98.0,98.0,15.963905334472656,15.963905334472656
43,134,134,114.04552,97.0,97.0,17.045516967773438,17.045516967773438
43,135,135,114.0051,96.0,96.0,18.005096435546875,18.005096435546875
43,136,136,112.92206,95.0,95.0,17.92205810546875,17.92205810546875
43,137,137,113.22175,94.0,94.0,19.22174835205078,19.22174835205078
43,138,138,113.8707,93.0,93.0,20.870697021484375,20.870697021484375
43,139,139,113.36377,92.0,92.0,21.36376953125,21.36376953125
43,140,140,112.79021,91.0,91.0,21.790206909179688,21.790206909179688
43,141,141,110.818344,90.0,90.0,20.818344116210938,20.818344116210938
43,142,142,113.07894,89.0,89.0,24.078941345214844,24.078941345214844
43,143,143,112.96156,88.0,88.0,24.961563110351562,24.961563110351562
43,144,144,112.2756,87.0,87.0,25.275596618652344,25.275596618652344
43,145,145,111.50833,86.0,86.0,25.508331298828125,25.508331298828125
43,146,146,112.239845,85.0,85.0,27.239845275878906,27.239845275878906
43,147,147,112.15895,84.0,84.0,28.158950805664062,28.158950805664062
43,148,148,104.177734,83.0,83.0,21.177734375,21.177734375
43,149,149,92.92041,82.0,82.0,10.92041015625,10.92041015625
43,150,150,106.08922,81.0,81.0,25.089218139648438,25.089218139648438
43,151,151,107.48152,80.0,80.0,27.481521606445312,27.481521606445312
43,152,152,106.83736,79.0,79.0,27.837356567382812,27.837356567382812
43,153,153,109.08477,78.0,78.0,31.08477020263672,31.08477020263672
43,154,154,108.353874,77.0,77.0,31.35387420654297,31.35387420654297
43,155,155,111.57668,76.0,76.0,35.576683044433594,35.576683044433594
43,156,156,104.21106,75.0,75.0,29.2110595703125,29.2110595703125
43,157,157,102.05579,74.0,74.0,28.05579376220703,28.05579376220703
43,158,158,109.11329,73.0,73.0,36.11328887939453,36.11328887939453
43,159,159,96.5641,72.0,72.0,24.564102172851562,24.564102172851562
43,160,160,78.178955,71.0,71.0,7.178955078125,7.178955078125
43,161,161,84.938484,70.0,70.0,14.938484191894531,14.938484191894531
43,162,162,76.18076,69.0,69.0,7.180763244628906,7.180763244628906
43,163,163,81.02023,68.0,68.0,13.020233154296875,13.020233154296875
43,164,164,81.64647,67.0,67.0,14.646469116210938,14.646469116210938
43,165,165,68.19392,66.0,66.0,2.1939163208007812,2.1939163208007812
43,166,166,66.28638,65.0,65.0,1.286376953125,1.286376953125
43,167,167,70.3228,64.0,64.0,6.3227996826171875,6.3227996826171875
43,168,168,75.40424,63.0,63.0,12.404243469238281,12.404243469238281
43,169,169,57.19704,62.0,62.0,-4.802959442138672,4.802959442138672
43,170,170,55.337933,61.0,61.0,-5.662067413330078,5.662067413330078
43,171,171,61.13901,60.0,60.0,1.1390113830566406,1.1390113830566406
43,172,172,62.804173,59.0,59.0,3.8041725158691406,3.8041725158691406
44,1,1,119.90636,162.0,125.0,-5.0936431884765625,5.0936431884765625
44,2,2,118.76382,161.0,125.0,-6.236183166503906,6.236183166503906
44,3,3,116.501045,160.0,125.0,-8.498954772949219,8.498954772949219
44,4,4,118.293884,159.0,125.0,-6.70611572265625,6.70611572265625
44,5,5,118.62658,158.0,125.0,-6.373420715332031,6.373420715332031
44,6,6,118.328476,157.0,125.0,-6.6715240478515625,6.6715240478515625
44,7,7,118.360855,156.0,125.0,-6.6391448974609375,6.6391448974609375
44,8,8,118.92116,155.0,125.0,-6.0788421630859375,6.0788421630859375
44,9,9,118.413734,154.0,125.0,-6.586265563964844,6.586265563964844
44,10,10,114.21976,153.0,125.0,-10.780242919921875,10.780242919921875
44,11,11,99.583694,152.0,125.0,-25.416305541992188,25.416305541992188
44,12,12,89.582596,151.0,125.0,-35.41740417480469,35.41740417480469
44,13,13,90.768684,150.0,125.0,-34.23131561279297,34.23131561279297
44,14,14,91.77739,149.0,125.0,-33.22261047363281,33.22261047363281
44,15,15,93.098,148.0,125.0,-31.902000427246094,31.902000427246094
44,16,16,84.44047,147.0,125.0,-40.559532165527344,40.559532165527344
44,17,17,76.99341,146.0,125.0,-48.006591796875,48.006591796875
44,18,18,79.08435,145.0,125.0,-45.9156494140625,45.9156494140625
44,19,19,83.17369,144.0,125.0,-41.82630920410156,41.82630920410156
44,20,20,92.46379,143.0,125.0,-32.53620910644531,32.53620910644531
44,21,21,95.71893,142.0,125.0,-29.28106689453125,29.28106689453125
44,22,22,96.23751,141.0,125.0,-28.762489318847656,28.762489318847656
44,23,23,103.63798,140.0,125.0,-21.362022399902344,21.362022399902344
44,24,24,111.83548,139.0,125.0,-13.164520263671875,13.164520263671875
44,25,25,117.15943,138.0,125.0,-7.840568542480469,7.840568542480469
44,26,26,120.88512,137.0,125.0,-4.1148834228515625,4.1148834228515625
44,27,27,122.9622,136.0,125.0,-2.0378036499023438,2.0378036499023438
44,28,28,120.960236,135.0,125.0,-4.039764404296875,4.039764404296875
44,29,29,123.63855,134.0,125.0,-1.3614501953125,1.3614501953125
44,30,30,124.76923,133.0,125.0,-0.23076629638671875,0.23076629638671875
44,31,31,123.88759,132.0,125.0,-1.1124114990234375,1.1124114990234375
44,32,32,124.081795,131.0,125.0,-0.9182052612304688,0.9182052612304688
44,33,33,123.69479,130.0,125.0,-1.305206298828125,1.305206298828125
44,34,34,124.48039,129.0,125.0,-0.5196075439453125,0.5196075439453125
44,35,35,125.0,128.0,125.0,0.0,0.0
44,36,36,125.0,127.0,125.0,0.0,0.0
44,37,37,125.0,126.0,125.0,0.0,0.0
44,38,38,125.0,125.0,125.0,0.0,0.0
44,39,39,123.40484,124.0,124.0,-0.5951614379882812,0.5951614379882812
44,40,40,124.411804,123.0,123.0,1.41180419921875,1.41180419921875
44,41,41,124.02229,122.0,122.0,2.0222930908203125,2.0222930908203125
44,42,42,122.68551,121.0,121.0,1.6855087280273438,1.6855087280273438
44,43,43,123.45263,120.0,120.0,3.4526290893554688,3.4526290893554688
44,44,44,124.366455,119.0,119.0,5.366455078125,5.366455078125
44,45,45,123.98128,118.0,118.0,5.9812774658203125,5.9812774658203125
44,46,46,118.124115,117.0,117.0,1.124114990234375,1.124114990234375
44,47,47,112.97156,116.0,116.0,-3.0284423828125,3.0284423828125
44,48,48,109.79986,115.0,115.0,-5.200141906738281,5.200141906738281
44,49,49,107.78489,114.0,114.0,-6.215110778808594,6.215110778808594
44,50,50,115.04668,113.0,113.0,2.0466766357421875,2.0466766357421875
44,51,51,112.58536,112.0,112.0,0.585357666015625,0.585357666015625
44,52,52,114.51267,111.0,111.0,3.5126724243164062,3.5126724243164062
44,53,53,116.17822,110.0,110.0,6.17822265625,6.17822265625
44,54,54,116.19998,109.0,109.0,7.199981689453125,7.199981689453125
45,1,1,105.07986,265.0,125.0,-19.920143127441406,19.920143127441406
45,2,2,105.016235,264.0,125.0,-19.9837646484375,19.9837646484375
45,3,3,97.89192,263.0,125.0,-27.108078002929688,27.108078002929688
45,4,4,101.05654,262.0,125.0,-23.943458557128906,23.943458557128906
45,5,5,101.451294,261.0,125.0,-23.5487060546875,23.5487060546875
45,6,6,106.95909,260.0,125.0,-18.040908813476562,18.040908813476562
45,7,7,107.954506,259.0,125.0,-17.045494079589844,17.045494079589844
45,8,8,109.80612,258.0,125.0,-15.193878173828125,15.193878173828125
45,9,9,109.88337,257.0,125.0,-15.116630554199219,15.116630554199219
45,10,10,110.39107,256.0,125.0,-14.608932495117188,14.608932495117188
45,11,11,109.36841,255.0,125.0,-15.631591796875,15.631591796875
45,12,12,109.02071,254.0,125.0,-15.979286193847656,15.979286193847656
45,13,13,110.74082,253.0,125.0,-14.259178161621094,14.259178161621094
45,14,14,111.421326,252.0,125.0,-13.57867431640625,13.57867431640625
45,15,15,111.52588,251.0,125.0,-13.47412109375,13.47412109375
45,16,16,112.458244,250.0,125.0,-12.541755676269531,12.541755676269531
45,17,17,112.86041,249.0,125.0,-12.13958740234375,12.13958740234375
45,18,18,112.90417,248.0,125.0,-12.095832824707031,12.095832824707031
45,19,19,113.279045,247.0,125.0,-11.720954895019531,11.720954895019531
45,20,20,113.51517,246.0,125.0,-11.484832763671875,11.484832763671875
45,21,21,113.42146,245.0,125.0,-11.578536987304688,11.578536987304688
45,22,22,112.848236,244.0,125.0,-12.151763916015625,12.151763916015625
45,23,23,113.0112,243.0,125.0,-11.988800048828125,11.988800048828125
45,24,24,113.1023,242.0,125.0,-11.897697448730469,11.897697448730469
45,25,25,111.842964,241.0,125.0,-13.157035827636719,13.157035827636719
45,26,26,111.90103,240.0,125.0,-13.098968505859375,13.098968505859375
45,27,27,111.37732,239.0,125.0,-13.6226806640625,13.6226806640625
45,28,28,111.42454,238.0,125.0,-13.575462341308594,13.575462341308594
45,29,29,112.7647,237.0,125.0,-12.235298156738281,12.235298156738281
45,30,30,112.76598,236.0,125.0,-12.234016418457031,12.234016418457031
45,31,31,112.19811,235.0,125.0,-12.801887512207031,12.801887512207031
45,32,32,110.64099,234.0,125.0,-14.3590087890625,14.3590087890625
45,33,33,110.99423,233.0,125.0,-14.005767822265625,14.005767822265625
45,34,34,107.296555,232.0,125.0,-17.703445434570312,17.703445434570312
45,35,35,106.77461,231.0,125.0,-18.225387573242188,18.225387573242188
45,36,36,109.341095,230.0,125.0,-15.658905029296875,15.658905029296875
45,37,37,107.04529,229.0,125.0,-17.9547119140625,17.9547119140625
45,38,38,111.22854,228.0,125.0,-13.771461486816406,13.771461486816406
45,39,39,112.13722,227.0,125.0,-12.862777709960938,12.862777709960938
45,40,40,113.08479,226.0,125.0,-11.915206909179688,11.915206909179688
45,41,41,111.91759,225.0,125.0,-13.082412719726562,13.082412719726562
45,42,42,107.339035,224.0,125.0,-17.660964965820312,17.660964965820312
45,43,43,111.748,223.0,125.0,-13.251998901367188,13.251998901367188
45,44,44,111.99867,222.0,125.0,-13.001327514648438,13.001327514648438
45,45,45,111.61194,221.0,125.0,-13.3880615234375,13.3880615234375
45,46,46,111.30029,220.0,125.0,-13.69970703125,13.69970703125
45,47,47,109.50023,219.0,125.0,-15.499771118164062,15.499771118164062
45,48,48,111.80699,218.0,125.0,-13.193008422851562,13.193008422851562
45,49,49,112.76163,217.0,125.0,-12.238372802734375,12.238372802734375
45,50,50,113.046,216.0,125.0,-11.954002380371094,11.954002380371094
45,51,51,113.5107,215.0,125.0,-11.489303588867188,11.489303588867188
45,52,52,113.38704,214.0,125.0,-11.612960815429688,11.612960815429688
45,53,53,113.20905,213.0,125.0,-11.790946960449219,11.790946960449219
45,54,54,113.13504,212.0,125.0,-11.864959716796875,11.864959716796875
45,55,55,112.9311,211.0,125.0,-12.068901062011719,12.068901062011719
45,56,56,113.68233,210.0,125.0,-11.317672729492188,11.317672729492188
45,57,57,113.578125,209.0,125.0,-11.421875,11.421875
45,58,58,113.51522,208.0,125.0,-11.484779357910156,11.484779357910156
45,59,59,113.68186,207.0,125.0,-11.318138122558594,11.318138122558594
45,60,60,113.85448,206.0,125.0,-11.145523071289062,11.145523071289062
45,61,61,113.22847,205.0,125.0,-11.771530151367188,11.771530151367188
45,62,62,112.653915,204.0,125.0,-12.346084594726562,12.346084594726562
45,63,63,112.90289,203.0,125.0,-12.09710693359375,12.09710693359375
45,64,64,112.0493,202.0,125.0,-12.950698852539062,12.950698852539062
45,65,65,112.37179,201.0,125.0,-12.628211975097656,12.628211975097656
45,66,66,111.87309,200.0,125.0,-13.126907348632812,13.126907348632812
45,67,67,110.7814,199.0,125.0,-14.218597412109375,14.218597412109375
45,68,68,110.810036,198.0,125.0,-14.189964294433594,14.189964294433594
45,69,69,111.97317,197.0,125.0,-13.026832580566406,13.026832580566406
45,70,70,113.43653,196.0,125.0,-11.563468933105469,11.563468933105469
45,71,71,113.08028,195.0,125.0,-11.919723510742188,11.919723510742188
45,72,72,112.7045,194.0,125.0,-12.295501708984375,12.295501708984375
45,73,73,113.3918,193.0,125.0,-11.608200073242188,11.608200073242188
45,74,74,113.81251,192.0,125.0,-11.187492370605469,11.187492370605469
45,75,75,114.022484,191.0,125.0,-10.977516174316406,10.977516174316406
45,76,76,113.67871,190.0,125.0,-11.3212890625,11.3212890625
45,77,77,112.61691,189.0,125.0,-12.383087158203125,12.383087158203125
45,78,78,112.76926,188.0,125.0,-12.230743408203125,12.230743408203125
45,79,79,113.24606,187.0,125.0,-11.753936767578125,11.753936767578125
45,80,80,113.691025,186.0,125.0,-11.308975219726562,11.308975219726562
45,81,81,112.74948,185.0,125.0,-12.250518798828125,12.250518798828125
45,82,82,113.229164,184.0,125.0,-11.770835876464844,11.770835876464844
45,83,83,113.348305,183.0,125.0,-11.651695251464844,11.651695251464844
45,84,84,113.31246,182.0,125.0,-11.687538146972656,11.687538146972656
45,85,85,113.40199,181.0,125.0,-11.598007202148438,11.598007202148438
45,86,86,113.15055,180.0,125.0,-11.849449157714844,11.849449157714844
45,87,87,113.400635,179.0,125.0,-11.599365234375,11.599365234375
45,88,88,113.4092,178.0,125.0,-11.590797424316406,11.590797424316406
45,89,89,112.957245,177.0,125.0,-12.042755126953125,12.042755126953125
45,90,90,113.000275,176.0,125.0,-11.999725341796875,11.999725341796875
45,91,91,109.830414,175.0,125.0,-15.169586181640625,15.169586181640625
45,92,92,111.15142,174.0,125.0,-13.848579406738281,13.848579406738281
45,93,93,109.07199,173.0,125.0,-15.928009033203125,15.928009033203125
45,94,94,111.14854,172.0,125.0,-13.851463317871094,13.851463317871094
45,95,95,112.37504,171.0,125.0,-12.624961853027344,12.624961853027344
45,96,96,111.3889,170.0,125.0,-13.611099243164062,13.611099243164062
45,97,97,109.657074,169.0,125.0,-15.342926025390625,15.342926025390625
45,98,98,97.12218,168.0,125.0,-27.877822875976562,27.877822875976562
45,99,99,103.92581,167.0,125.0,-21.074188232421875,21.074188232421875
45,100,100,106.71875,166.0,125.0,-18.28125,18.28125
45,101,101,106.93871,165.0,125.0,-18.06128692626953,18.06128692626953
45,102,102,101.90353,164.0,125.0,-23.096473693847656,23.096473693847656
45,103,103,106.51662,163.0,125.0,-18.483383178710938,18.483383178710938
45,104,104,109.056404,162.0,125.0,-15.943595886230469,15.943595886230469
45,105,105,110.064445,161.0,125.0,-14.935554504394531,14.935554504394531
45,106,106,104.33641,160.0,125.0,-20.663589477539062,20.663589477539062
45,107,107,105.84555,159.0,125.0,-19.154449462890625,19.154449462890625
45,108,108,105.90597,158.0,125.0,-19.094032287597656,19.094032287597656
45,109,109,100.064186,157.0,125.0,-24.935813903808594,24.935813903808594
45,110,110,102.99648,156.0,125.0,-22.003517150878906,22.003517150878906
45,111,111,93.46787,155.0,125.0,-31.532127380371094,31.532127380371094
45,112,112,98.74866,154.0,125.0,-26.2513427734375,26.2513427734375
45,113,113,107.94349,153.0,125.0,-17.05651092529297,17.05651092529297
45,114,114,109.7245,152.0,125.0,-15.275497436523438,15.275497436523438
45,115,115,110.99172,151.0,125.0,-14.008277893066406,14.008277893066406
45,116,116,109.74105,150.0,125.0,-15.258949279785156,15.258949279785156
45,117,117,109.155075,149.0,125.0,-15.844924926757812,15.844924926757812
45,118,118,108.75014,148.0,125.0,-16.249862670898438,16.249862670898438
45,119,119,111.76361,147.0,125.0,-13.23638916015625,13.23638916015625
45,120,120,111.85544,146.0,125.0,-13.144561767578125,13.144561767578125
45,121,121,108.04017,145.0,125.0,-16.95983123779297,16.95983123779297
45,122,122,108.925995,144.0,125.0,-16.074005126953125,16.074005126953125
45,123,123,107.9403,143.0,125.0,-17.05970001220703,17.05970001220703
45,124,124,107.931885,142.0,125.0,-17.068115234375,17.068115234375
45,125,125,109.389465,141.0,125.0,-15.61053466796875,15.61053466796875
45,126,126,110.36942,140.0,125.0,-14.630577087402344,14.630577087402344
45,127,127,112.159256,139.0,125.0,-12.840744018554688,12.840744018554688
45,128,128,111.10742,138.0,125.0,-13.892578125,13.892578125
45,129,129,107.44153,137.0,125.0,-17.5584716796875,17.5584716796875
45,130,130,109.71571,136.0,125.0,-15.284286499023438,15.284286499023438
45,131,131,108.11044,135.0,125.0,-16.889556884765625,16.889556884765625
45,132,132,110.34418,134.0,125.0,-14.65582275390625,14.65582275390625
45,133,133,111.68802,133.0,125.0,-13.311981201171875,13.311981201171875
45,134,134,112.02788,132.0,125.0,-12.972122192382812,12.972122192382812
45,135,135,111.16258,131.0,125.0,-13.837417602539062,13.837417602539062
45,136,136,106.98289,130.0,125.0,-18.017112731933594,18.017112731933594
45,137,137,107.34402,129.0,125.0,-17.655982971191406,17.655982971191406
45,138,138,101.23349,128.0,125.0,-23.766510009765625,23.766510009765625
45,139,139,93.42581,127.0,125.0,-31.574188232421875,31.574188232421875
45,140,140,88.96282,126.0,125.0,-36.03717803955078,36.03717803955078
45,141,141,88.30145,125.0,125.0,-36.69854736328125,36.69854736328125
45,142,142,92.70467,124.0,124.0,-31.295326232910156,31.295326232910156
45,143,143,102.88081,123.0,123.0,-20.119186401367188,20.119186401367188
45,144,144,94.54585,122.0,122.0,-27.454147338867188,27.454147338867188
45,145,145,96.21314,121.0,121.0,-24.78685760498047,24.78685760498047
45,146,146,104.103714,120.0,120.0,-15.896286010742188,15.896286010742188
45,147,147,95.58208,119.0,119.0,-23.417922973632812,23.417922973632812
45,148,148,83.349495,118.0,118.0,-34.65050506591797,34.65050506591797
45,149,149,81.67578,117.0,117.0,-35.32421875,35.32421875
45,150,150,76.43266,116.0,116.0,-39.56733703613281,39.56733703613281
45,151,151,76.031555,115.0,115.0,-38.96844482421875,38.96844482421875
45,152,152,62.453632,114.0,114.0,-51.54636764526367,51.54636764526367
46,1,1,116.47533,192.0,125.0,-8.524673461914062,8.524673461914062
46,2,2,117.98578,191.0,125.0,-7.01422119140625,7.01422119140625
46,3,3,112.46069,190.0,125.0,-12.539306640625,12.539306640625
46,4,4,101.27817,189.0,125.0,-23.721832275390625,23.721832275390625
46,5,5,89.58173,188.0,125.0,-35.41826629638672,35.41826629638672
46,6,6,80.772575,187.0,125.0,-44.22742462158203,44.22742462158203
46,7,7,84.69151,186.0,125.0,-40.30848693847656,40.30848693847656
46,8,8,82.502396,185.0,125.0,-42.49760437011719,42.49760437011719
46,9,9,87.267494,184.0,125.0,-37.732505798339844,37.732505798339844
46,10,10,83.5504,183.0,125.0,-41.44960021972656,41.44960021972656
46,11,11,79.68431,182.0,125.0,-45.31568908691406,45.31568908691406
46,12,12,87.46852,181.0,125.0,-37.53147888183594,37.53147888183594
46,13,13,86.12123,180.0,125.0,-38.87876892089844,38.87876892089844
46,14,14,72.13905,179.0,125.0,-52.86094665527344,52.86094665527344
46,15,15,77.4326,178.0,125.0,-47.56739807128906,47.56739807128906
46,16,16,75.36614,177.0,125.0,-49.63385772705078,49.63385772705078
46,17,17,84.643776,176.0,125.0,-40.356224060058594,40.356224060058594
46,18,18,82.63246,175.0,125.0,-42.36753845214844,42.36753845214844
46,19,19,75.78776,174.0,125.0,-49.212242126464844,49.212242126464844
46,20,20,84.03697,173.0,125.0,-40.96302795410156,40.96302795410156
46,21,21,83.03057,172.0,125.0,-41.96942901611328,41.96942901611328
46,22,22,86.31645,171.0,125.0,-38.68354797363281,38.68354797363281
46,23,23,89.120346,170.0,125.0,-35.87965393066406,35.87965393066406
46,24,24,99.42169,169.0,125.0,-25.57830810546875,25.57830810546875
46,25,25,100.931076,168.0,125.0,-24.068923950195312,24.068923950195312
46,26,26,103.652756,167.0,125.0,-21.347244262695312,21.347244262695312
46,27,27,107.85847,166.0,125.0,-17.14153289794922,17.14153289794922
46,28,28,113.14718,165.0,125.0,-11.852821350097656,11.852821350097656
46,29,29,110.27634,164.0,125.0,-14.723663330078125,14.723663330078125
46,30,30,116.75363,163.0,125.0,-8.246368408203125,8.246368408203125
46,31,31,120.54277,162.0,125.0,-4.4572296142578125,4.4572296142578125
46,32,32,122.57888,161.0,125.0,-2.4211196899414062,2.4211196899414062
46,33,33,119.81886,160.0,125.0,-5.1811370849609375,5.1811370849609375
46,34,34,117.03794,159.0,125.0,-7.962059020996094,7.962059020996094
46,35,35,111.824394,158.0,125.0,-13.175605773925781,13.175605773925781
46,36,36,110.768814,157.0,125.0,-14.231185913085938,14.231185913085938
46,37,37,101.450836,156.0,125.0,-23.549163818359375,23.549163818359375
46,38,38,105.440895,155.0,125.0,-19.559104919433594,19.559104919433594
46,39,39,112.63829,154.0,125.0,-12.361709594726562,12.361709594726562
46,40,40,108.70082,153.0,125.0,-16.299179077148438,16.299179077148438
46,41,41,106.808334,152.0,125.0,-18.191665649414062,18.191665649414062
46,42,42,112.61792,151.0,125.0,-12.382080078125,12.382080078125
46,43,43,101.24832,150.0,125.0,-23.751678466796875,23.751678466796875
46,44,44,97.20126,149.0,125.0,-27.798736572265625,27.798736572265625
46,45,45,108.52292,148.0,125.0,-16.477081298828125,16.477081298828125
46,46,46,111.65207,147.0,125.0,-13.347930908203125,13.347930908203125
46,47,47,119.64897,146.0,125.0,-5.3510284423828125,5.3510284423828125
46,48,48,115.63289,145.0,125.0,-9.367111206054688,9.367111206054688
46,49,49,117.4814,144.0,125.0,-7.5186004638671875,7.5186004638671875
46,50,50,117.7668,143.0,125.0,-7.2332000732421875,7.2332000732421875
46,51,51,119.48925,142.0,125.0,-5.510749816894531,5.510749816894531
46,52,52,118.43262,141.0,125.0,-6.5673828125,6.5673828125
46,53,53,122.03167,140.0,125.0,-2.9683303833007812,2.9683303833007812
46,54,54,121.76237,139.0,125.0,-3.2376327514648438,3.2376327514648438
46,55,55,121.53047,138.0,125.0,-3.4695281982421875,3.4695281982421875
46,56,56,109.034775,137.0,125.0,-15.965225219726562,15.965225219726562
46,57,57,115.14916,136.0,125.0,-9.850837707519531,9.850837707519531
46,58,58,118.35231,135.0,125.0,-6.6476898193359375,6.6476898193359375
46,59,59,117.88401,134.0,125.0,-7.115989685058594,7.115989685058594
46,60,60,122.706726,133.0,125.0,-2.29327392578125,2.29327392578125
46,61,61,115.42433,132.0,125.0,-9.575668334960938,9.575668334960938
46,62,62,119.62306,131.0,125.0,-5.3769378662109375,5.3769378662109375
46,63,63,118.731674,130.0,125.0,-6.2683258056640625,6.2683258056640625
46,64,64,122.76854,129.0,125.0,-2.2314605712890625,2.2314605712890625
46,65,65,120.042305,128.0,125.0,-4.957695007324219,4.957695007324219
46,66,66,122.90199,127.0,125.0,-2.0980072021484375,2.0980072021484375
46,67,67,120.09847,126.0,125.0,-4.901527404785156,4.901527404785156
46,68,68,122.40123,125.0,125.0,-2.5987701416015625,2.5987701416015625
46,69,69,122.62986,124.0,124.0,-1.3701400756835938,1.3701400756835938
46,70,70,120.18133,123.0,123.0,-2.8186721801757812,2.8186721801757812
46,71,71,116.61731,122.0,122.0,-5.3826904296875,5.3826904296875
46,72,72,117.15604,121.0,121.0,-3.843963623046875,3.843963623046875
46,73,73,109.43279,120.0,120.0,-10.567207336425781,10.567207336425781
46,74,74,113.78344,119.0,119.0,-5.216560363769531,5.216560363769531
46,75,75,113.77473,118.0,118.0,-4.225273132324219,4.225273132324219
46,76,76,116.1461,117.0,117.0,-0.8538970947265625,0.8538970947265625
46,77,77,116.754074,116.0,116.0,0.7540740966796875,0.7540740966796875
46,78,78,104.48282,115.0,115.0,-10.517181396484375,10.517181396484375
46,79,79,112.891716,114.0,114.0,-1.1082839965820312,1.1082839965820312
46,80,80,108.93421,113.0,113.0,-4.065788269042969,4.065788269042969
46,81,81,118.08988,112.0,112.0,6.089881896972656,6.089881896972656
46,82,82,119.30501,111.0,111.0,8.305007934570312,8.305007934570312
46,83,83,120.83514,110.0,110.0,10.835136413574219,10.835136413574219
46,84,84,121.2134,109.0,109.0,12.213401794433594,12.213401794433594
46,85,85,117.3163,108.0,108.0,9.316299438476562,9.316299438476562
46,86,86,115.34997,107.0,107.0,8.349967956542969,8.349967956542969
46,87,87,104.29558,106.0,106.0,-1.7044219970703125,1.7044219970703125
46,88,88,106.93486,105.0,105.0,1.9348602294921875,1.9348602294921875
46,89,89,95.375694,104.0,104.0,-8.624305725097656,8.624305725097656
46,90,90,102.76578,103.0,103.0,-0.234222412109375,0.234222412109375
46,91,91,97.67322,102.0,102.0,-4.3267822265625,4.3267822265625
46,92,92,84.561455,101.0,101.0,-16.43854522705078,16.43854522705078
46,93,93,82.774796,100.0,100.0,-17.225204467773438,17.225204467773438
46,94,94,99.16134,99.0,99.0,0.16133880615234375,0.16133880615234375
46,95,95,97.71619,98.0,98.0,-0.2838134765625,0.2838134765625
46,96,96,105.843,97.0,97.0,8.843002319335938,8.843002319335938
46,97,97,105.19726,96.0,96.0,9.197257995605469,9.197257995605469
46,98,98,107.53036,95.0,95.0,12.530357360839844,12.530357360839844
46,99,99,113.23164,94.0,94.0,19.231643676757812,19.231643676757812
46,100,100,106.441284,93.0,93.0,13.4412841796875,13.4412841796875
46,101,101,103.15144,92.0,92.0,11.151443481445312,11.151443481445312
46,102,102,104.529526,91.0,91.0,13.529525756835938,13.529525756835938
46,103,103,99.93274,90.0,90.0,9.9327392578125,9.9327392578125
46,104,104,94.538895,89.0,89.0,5.5388946533203125,5.5388946533203125
46,105,105,96.73886,88.0,88.0,8.738861083984375,8.738861083984375
46,106,106,102.30382,87.0,87.0,15.303817749023438,15.303817749023438
46,107,107,106.88161,86.0,86.0,20.881607055664062,20.881607055664062
46,108,108,83.026886,85.0,85.0,-1.973114013671875,1.973114013671875
46,109,109,90.96334,84.0,84.0,6.963340759277344,6.963340759277344
46,110,110,99.112885,83.0,83.0,16.112884521484375,16.112884521484375
46,111,111,83.94015,82.0,82.0,1.9401473999023438,1.9401473999023438
46,112,112,80.57354,81.0,81.0,-0.42646026611328125,0.42646026611328125
46,113,113,88.504265,80.0,80.0,8.504264831542969,8.504264831542969
46,114,114,77.41118,79.0,79.0,-1.5888214111328125,1.5888214111328125
46,115,115,65.07841,78.0,78.0,-12.921592712402344,12.921592712402344
46,116,116,76.21913,77.0,77.0,-0.7808685302734375,0.7808685302734375
46,117,117,71.128784,76.0,76.0,-4.8712158203125,4.8712158203125
46,118,118,73.71012,75.0,75.0,-1.2898788452148438,1.2898788452148438
46,119,119,59.648617,74.0,74.0,-14.351383209228516,14.351383209228516
46,120,120,69.52331,73.0,73.0,-3.4766921997070312,3.4766921997070312
46,121,121,51.878384,72.0,72.0,-20.12161636352539,20.12161636352539
46,122,122,69.34456,71.0,71.0,-1.6554412841796875,1.6554412841796875
46,123,123,62.12697,70.0,70.0,-7.8730316162109375,7.8730316162109375
46,124,124,73.92756,69.0,69.0,4.927558898925781,4.927558898925781
46,125,125,65.451675,68.0,68.0,-2.5483245849609375,2.5483245849609375
46,126,126,60.56252,67.0,67.0,-6.437480926513672,6.437480926513672
46,127,127,58.82941,66.0,66.0,-7.170589447021484,7.170589447021484
46,128,128,55.731724,65.0,65.0,-9.26827621459961,9.26827621459961
46,129,129,56.389317,64.0,64.0,-7.610683441162109,7.610683441162109
46,130,130,52.611847,63.0,63.0,-10.388153076171875,10.388153076171875
46,131,131,49.979042,62.0,62.0,-12.020957946777344,12.020957946777344
46,132,132,46.661697,61.0,61.0,-14.338302612304688,14.338302612304688
46,133,133,46.05107,60.0,60.0,-13.948928833007812,13.948928833007812
46,134,134,47.138203,59.0,59.0,-11.861797332763672,11.861797332763672
46,135,135,50.49303,58.0,58.0,-7.506969451904297,7.506969451904297
46,136,136,47.655346,57.0,57.0,-9.344654083251953,9.344654083251953
46,137,137,49.386585,56.0,56.0,-6.613414764404297,6.613414764404297
46,138,138,47.48115,55.0,55.0,-7.518848419189453,7.518848419189453
46,139,139,45.854744,54.0,54.0,-8.145256042480469,8.145256042480469
46,140,140,48.23459,53.0,53.0,-4.765411376953125,4.765411376953125
46,141,141,46.831467,52.0,52.0,-5.1685333251953125,5.1685333251953125
46,142,142,48.51529,51.0,51.0,-2.484710693359375,2.484710693359375
46,143,143,48.105686,50.0,50.0,-1.8943138122558594,1.8943138122558594
46,144,144,38.77485,49.0,49.0,-10.225151062011719,10.225151062011719
46,145,145,35.614292,48.0,48.0,-12.38570785522461,12.38570785522461
46,146,146,34.80038,47.0,47.0,-12.19961929321289,12.19961929321289
47,1,1,83.98221,207.0,125.0,-41.017791748046875,41.017791748046875
47,2,2,85.434616,206.0,125.0,-39.56538391113281,39.56538391113281
47,3,3,87.49707,205.0,125.0,-37.5029296875,37.5029296875
47,4,4,91.09207,204.0,125.0,-33.907928466796875,33.907928466796875
47,5,5,91.929596,203.0,125.0,-33.070404052734375,33.070404052734375
47,6,6,96.17216,202.0,125.0,-28.827842712402344,28.827842712402344
47,7,7,100.8284,201.0,125.0,-24.171600341796875,24.171600341796875
47,8,8,103.58572,200.0,125.0,-21.414283752441406,21.414283752441406
47,9,9,106.991905,199.0,125.0,-18.008094787597656,18.008094787597656
47,10,10,107.647446,198.0,125.0,-17.352554321289062,17.352554321289062
47,11,11,108.98041,197.0,125.0,-16.01959228515625,16.01959228515625
47,12,12,109.528244,196.0,125.0,-15.471755981445312,15.471755981445312
47,13,13,110.02211,195.0,125.0,-14.977890014648438,14.977890014648438
47,14,14,110.47641,194.0,125.0,-14.523590087890625,14.523590087890625
47,15,15,110.95094,193.0,125.0,-14.049057006835938,14.049057006835938
47,16,16,111.244736,192.0,125.0,-13.755264282226562,13.755264282226562
47,17,17,111.30125,191.0,125.0,-13.698753356933594,13.698753356933594
47,18,18,111.70117,190.0,125.0,-13.298828125,13.298828125
47,19,19,112.1487,189.0,125.0,-12.851303100585938,12.851303100585938
47,20,20,112.61224,188.0,125.0,-12.38775634765625,12.38775634765625
47,21,21,112.76106,187.0,125.0,-12.238937377929688,12.238937377929688
47,22,22,112.601234,186.0,125.0,-12.398765563964844,12.398765563964844
47,23,23,112.26627,185.0,125.0,-12.733726501464844,12.733726501464844
47,24,24,112.791695,184.0,125.0,-12.208305358886719,12.208305358886719
47,25,25,113.353264,183.0,125.0,-11.646736145019531,11.646736145019531
47,26,26,113.51274,182.0,125.0,-11.487258911132812,11.487258911132812
47,27,27,113.5999,181.0,125.0,-11.400100708007812,11.400100708007812
47,28,28,112.7802,180.0,125.0,-12.219802856445312,12.219802856445312
47,29,29,113.248055,179.0,125.0,-11.751945495605469,11.751945495605469
47,30,30,113.22045,178.0,125.0,-11.779548645019531,11.779548645019531
47,31,31,113.24732,177.0,125.0,-11.752677917480469,11.752677917480469
47,32,32,113.44797,176.0,125.0,-11.552032470703125,11.552032470703125
47,33,33,113.130684,175.0,125.0,-11.869316101074219,11.869316101074219
47,34,34,113.13378,174.0,125.0,-11.866218566894531,11.866218566894531
47,35,35,111.5082,173.0,125.0,-13.491798400878906,13.491798400878906
47,36,36,111.152145,172.0,125.0,-13.847854614257812,13.847854614257812
47,37,37,111.04706,171.0,125.0,-13.95294189453125,13.95294189453125
47,38,38,112.03564,170.0,125.0,-12.964363098144531,12.964363098144531
47,39,39,112.785904,169.0,125.0,-12.214096069335938,12.214096069335938
47,40,40,111.683426,168.0,125.0,-13.316574096679688,13.316574096679688
47,41,41,112.4568,167.0,125.0,-12.543197631835938,12.543197631835938
47,42,42,111.467926,166.0,125.0,-13.532073974609375,13.532073974609375
47,43,43,111.958916,165.0,125.0,-13.041084289550781,13.041084289550781
47,44,44,112.38211,164.0,125.0,-12.617889404296875,12.617889404296875
47,45,45,112.05188,163.0,125.0,-12.9481201171875,12.9481201171875
47,46,46,110.91796,162.0,125.0,-14.082038879394531,14.082038879394531
47,47,47,110.46818,161.0,125.0,-14.531822204589844,14.531822204589844
47,48,48,111.35646,160.0,125.0,-13.643539428710938,13.643539428710938
47,49,49,110.58747,159.0,125.0,-14.412528991699219,14.412528991699219
47,50,50,110.17138,158.0,125.0,-14.828620910644531,14.828620910644531
47,51,51,111.502625,157.0,125.0,-13.49737548828125,13.49737548828125
47,52,52,110.28974,156.0,125.0,-14.710258483886719,14.710258483886719
47,53,53,110.02547,155.0,125.0,-14.974533081054688,14.974533081054688
47,54,54,109.79383,154.0,125.0,-15.206169128417969,15.206169128417969
47,55,55,111.97523,153.0,125.0,-13.024772644042969,13.024772644042969
47,56,56,112.74985,152.0,125.0,-12.250152587890625,12.250152587890625
47,57,57,112.795364,151.0,125.0,-12.204635620117188,12.204635620117188
47,58,58,110.358284,150.0,125.0,-14.641716003417969,14.641716003417969
47,59,59,110.65629,149.0,125.0,-14.343711853027344,14.343711853027344
47,60,60,111.72649,148.0,125.0,-13.273513793945312,13.273513793945312
47,61,61,111.52647,147.0,125.0,-13.473533630371094,13.473533630371094
47,62,62,110.99408,146.0,125.0,-14.00592041015625,14.00592041015625
47,63,63,111.00245,145.0,125.0,-13.997550964355469,13.997550964355469
47,64,64,111.323746,144.0,125.0,-13.676254272460938,13.676254272460938
47,65,65,109.940506,143.0,125.0,-15.059494018554688,15.059494018554688
47,66,66,111.30455,142.0,125.0,-13.695449829101562,13.695449829101562
47,67,67,111.06558,141.0,125.0,-13.934417724609375,13.934417724609375
47,68,68,111.44498,140.0,125.0,-13.555023193359375,13.555023193359375
47,69,69,112.390465,139.0,125.0,-12.609535217285156,12.609535217285156
47,70,70,112.4445,138.0,125.0,-12.555496215820312,12.555496215820312
47,71,71,113.026665,137.0,125.0,-11.973335266113281,11.973335266113281
47,72,72,108.876175,136.0,125.0,-16.123825073242188,16.123825073242188
47,73,73,108.41257,135.0,125.0,-16.587432861328125,16.587432861328125
48,1,1,119.74879,169.0,125.0,-5.251213073730469,5.251213073730469
48,2,2,120.68045,168.0,125.0,-4.319549560546875,4.319549560546875
48,3,3,120.64845,167.0,125.0,-4.3515472412109375,4.3515472412109375
48,4,4,119.849174,166.0,125.0,-5.150825500488281,5.150825500488281
48,5,5,119.87183,165.0,125.0,-5.128166198730469,5.128166198730469
48,6,6,121.00452,164.0,125.0,-3.9954833984375,3.9954833984375
48,7,7,119.779526,163.0,125.0,-5.2204742431640625,5.2204742431640625
48,8,8,121.33279,162.0,125.0,-3.6672134399414062,3.6672134399414062
48,9,9,120.74644,161.0,125.0,-4.253562927246094,4.253562927246094
48,10,10,121.27588,160.0,125.0,-3.72412109375,3.72412109375
48,11,11,119.19747,159.0,125.0,-5.802528381347656,5.802528381347656
48,12,12,117.72276,158.0,125.0,-7.2772369384765625,7.2772369384765625
48,13,13,117.27031,157.0,125.0,-7.7296905517578125,7.7296905517578125
48,14,14,117.45471,156.0,125.0,-7.5452880859375,7.5452880859375
48,15,15,114.803635,155.0,125.0,-10.196365356445312,10.196365356445312
48,16,16,113.73551,154.0,125.0,-11.264488220214844,11.264488220214844
48,17,17,117.06542,153.0,125.0,-7.934577941894531,7.934577941894531
48,18,18,116.4929,152.0,125.0,-8.507102966308594,8.507102966308594
48,19,19,110.72752,151.0,125.0,-14.272476196289062,14.272476196289062
48,20,20,115.54472,150.0,125.0,-9.455276489257812,9.455276489257812
48,21,21,119.9883,149.0,125.0,-5.0117034912109375,5.0117034912109375
48,22,22,118.68877,148.0,125.0,-6.3112335205078125,6.3112335205078125
48,23,23,117.767746,147.0,125.0,-7.2322540283203125,7.2322540283203125
48,24,24,117.84668,146.0,125.0,-7.1533203125,7.1533203125
48,25,25,118.9224,145.0,125.0,-6.077598571777344,6.077598571777344
48,26,26,119.190506,144.0,125.0,-5.8094940185546875,5.8094940185546875
48,27,27,119.60681,143.0,125.0,-5.3931884765625,5.3931884765625
48,28,28,120.84688,142.0,125.0,-4.1531219482421875,4.1531219482421875
48,29,29,118.56348,141.0,125.0,-6.4365234375,6.4365234375
48,30,30,117.34889,140.0,125.0,-7.6511077880859375,7.6511077880859375
48,31,31,121.23408,139.0,125.0,-3.7659225463867188,3.7659225463867188
48,32,32,122.16432,138.0,125.0,-2.8356781005859375,2.8356781005859375
48,33,33,124.21831,137.0,125.0,-0.7816925048828125,0.7816925048828125
48,34,34,123.92686,136.0,125.0,-1.0731430053710938,1.0731430053710938
48,35,35,122.270035,135.0,125.0,-2.7299652099609375,2.7299652099609375
48,36,36,121.37163,134.0,125.0,-3.6283721923828125,3.6283721923828125
48,37,37,121.63925,133.0,125.0,-3.360748291015625,3.360748291015625
48,38,38,123.65263,132.0,125.0,-1.3473663330078125,1.3473663330078125
48,39,39,124.716835,131.0,125.0,-0.28316497802734375,0.28316497802734375
48,40,40,123.94496,130.0,125.0,-1.0550384521484375,1.0550384521484375
48,41,41,124.10115,129.0,125.0,-0.8988494873046875,0.8988494873046875
48,42,42,124.82265,128.0,125.0,-0.1773529052734375,0.1773529052734375
48,43,43,123.03371,127.0,125.0,-1.9662933349609375,1.9662933349609375
48,44,44,119.0043,126.0,125.0,-5.995697021484375,5.995697021484375
48,45,45,121.6757,125.0,125.0,-3.3243026733398438,3.3243026733398438
48,46,46,123.060684,124.0,124.0,-0.9393157958984375,0.9393157958984375
48,47,47,123.81195,123.0,123.0,0.81195068359375,0.81195068359375
48,48,48,119.83342,122.0,122.0,-2.1665802001953125,2.1665802001953125
48,49,49,116.98543,121.0,121.0,-4.0145721435546875,4.0145721435546875
48,50,50,118.03819,120.0,120.0,-1.9618072509765625,1.9618072509765625
48,51,51,120.50111,119.0,119.0,1.5011062622070312,1.5011062622070312
48,52,52,122.8555,118.0,118.0,4.855499267578125,4.855499267578125
48,53,53,120.264206,117.0,117.0,3.2642059326171875,3.2642059326171875
48,54,54,121.63765,116.0,116.0,5.6376495361328125,5.6376495361328125
48,55,55,121.89061,115.0,115.0,6.8906097412109375,6.8906097412109375
48,56,56,122.08292,114.0,114.0,8.082916259765625,8.082916259765625
48,57,57,122.51178,113.0,113.0,9.51177978515625,9.51177978515625
48,58,58,122.23776,112.0,112.0,10.237762451171875,10.237762451171875
48,59,59,121.124725,111.0,111.0,10.124725341796875,10.124725341796875
48,60,60,123.8479,110.0,110.0,13.847900390625,13.847900390625
48,61,61,123.68542,109.0,109.0,14.685417175292969,14.685417175292969
48,62,62,123.443375,108.0,108.0,15.443374633789062,15.443374633789062
48,63,63,122.42177,107.0,107.0,15.421768188476562,15.421768188476562
48,64,64,122.54999,106.0,106.0,16.54998779296875,16.54998779296875
48,65,65,120.6279,105.0,105.0,15.627899169921875,15.627899169921875
48,66,66,118.51634,104.0,104.0,14.516342163085938,14.516342163085938
48,67,67,120.49051,103.0,103.0,17.490509033203125,17.490509033203125
48,68,68,121.0876,102.0,102.0,19.087600708007812,19.087600708007812
48,69,69,123.80594,101.0,101.0,22.805938720703125,22.805938720703125
48,70,70,122.44935,100.0,100.0,22.44934844970703,22.44934844970703
48,71,71,120.86812,99.0,99.0,21.868118286132812,21.868118286132812
48,72,72,115.1064,98.0,98.0,17.106399536132812,17.106399536132812
48,73,73,114.25734,97.0,97.0,17.257339477539062,17.257339477539062
48,74,74,103.37621,96.0,96.0,7.376213073730469,7.376213073730469
48,75,75,106.39619,95.0,95.0,11.396186828613281,11.396186828613281
48,76,76,113.756485,94.0,94.0,19.756484985351562,19.756484985351562
48,77,77,116.90782,93.0,93.0,23.907821655273438,23.907821655273438
48,78,78,111.43998,92.0,92.0,19.439979553222656,19.439979553222656
49,1,1,122.1315,323.0,125.0,-2.868499755859375,2.868499755859375
49,2,2,123.30705,322.0,125.0,-1.6929473876953125,1.6929473876953125
49,3,3,123.549385,321.0,125.0,-1.4506149291992188,1.4506149291992188
49,4,4,123.51482,320.0,125.0,-1.4851837158203125,1.4851837158203125
49,5,5,123.74722,319.0,125.0,-1.252777099609375,1.252777099609375
49,6,6,123.58478,318.0,125.0,-1.41522216796875,1.41522216796875
49,7,7,123.922,317.0,125.0,-1.0780029296875,1.0780029296875
49,8,8,124.11221,316.0,125.0,-0.887786865234375,0.887786865234375
49,9,9,124.0885,315.0,125.0,-0.9114990234375,0.9114990234375
49,10,10,124.11728,314.0,125.0,-0.882720947265625,0.882720947265625
49,11,11,124.204315,313.0,125.0,-0.795684814453125,0.795684814453125
49,12,12,123.95865,312.0,125.0,-1.041351318359375,1.041351318359375
49,13,13,123.19226,311.0,125.0,-1.8077392578125,1.8077392578125
49,14,14,123.74817,310.0,125.0,-1.2518310546875,1.2518310546875
49,15,15,123.988396,309.0,125.0,-1.0116043090820312,1.0116043090820312
49,16,16,123.85113,308.0,125.0,-1.1488723754882812,1.1488723754882812
49,17,17,124.2348,307.0,125.0,-0.76519775390625,0.76519775390625
49,18,18,124.00704,306.0,125.0,-0.9929580688476562,0.9929580688476562
49,19,19,124.27811,305.0,125.0,-0.721893310546875,0.721893310546875
49,20,20,124.19311,304.0,125.0,-0.8068923950195312,0.8068923950195312
49,21,21,124.22181,303.0,125.0,-0.7781906127929688,0.7781906127929688
49,22,22,123.97507,302.0,125.0,-1.024932861328125,1.024932861328125
49,23,23,123.53452,301.0,125.0,-1.4654769897460938,1.4654769897460938
49,24,24,123.80888,300.0,125.0,-1.1911163330078125,1.1911163330078125
49,25,25,123.88277,299.0,125.0,-1.1172332763671875,1.1172332763671875
49,26,26,124.08308,298.0,125.0,-0.9169235229492188,0.9169235229492188
49,27,27,124.06521,297.0,125.0,-0.9347915649414062,0.9347915649414062
49,28,28,123.60639,296.0,125.0,-1.3936080932617188,1.3936080932617188
49,29,29,122.882996,295.0,125.0,-2.11700439453125,2.11700439453125
49,30,30,123.444824,294.0,125.0,-1.55517578125,1.55517578125
49,31,31,123.16913,293.0,125.0,-1.83087158203125,1.83087158203125
49,32,32,123.35808,292.0,125.0,-1.6419219970703125,1.6419219970703125
49,33,33,123.17551,291.0,125.0,-1.824493408203125,1.824493408203125
49,34,34,123.3665,290.0,125.0,-1.6334991455078125,1.6334991455078125
49,35,35,123.655334,289.0,125.0,-1.34466552734375,1.34466552734375
49,36,36,122.89682,288.0,125.0,-2.103179931640625,2.103179931640625
49,37,37,122.927505,287.0,125.0,-2.0724945068359375,2.0724945068359375
49,38,38,123.05695,286.0,125.0,-1.9430465698242188,1.9430465698242188
49,39,39,123.244484,285.0,125.0,-1.7555160522460938,1.7555160522460938
49,40,40,123.44299,284.0,125.0,-1.5570068359375,1.5570068359375
49,41,41,123.8245,283.0,125.0,-1.1754989624023438,1.1754989624023438
49,42,42,123.227036,282.0,125.0,-1.7729644775390625,1.7729644775390625
49,43,43,123.00513,281.0,125.0,-1.994873046875,1.994873046875
49,44,44,121.75551,280.0,125.0,-3.2444915771484375,3.2444915771484375
49,45,45,121.76256,279.0,125.0,-3.2374420166015625,3.2374420166015625
49,46,46,119.330635,278.0,125.0,-5.669364929199219,5.669364929199219
49,47,47,119.83062,277.0,125.0,-5.169380187988281,5.169380187988281
49,48,48,120.85004,276.0,125.0,-4.14996337890625,4.14996337890625
49,49,49,121.58851,275.0,125.0,-3.4114913940429688,3.4114913940429688
49,50,50,122.59918,274.0,125.0,-2.40081787109375,2.40081787109375
49,51,51,122.771194,273.0,125.0,-2.2288055419921875,2.2288055419921875
49,52,52,122.47896,272.0,125.0,-2.5210418701171875,2.5210418701171875
49,53,53,121.74665,271.0,125.0,-3.2533493041992188,3.2533493041992188
49,54,54,121.786545,270.0,125.0,-3.2134552001953125,3.2134552001953125
49,55,55,121.95955,269.0,125.0,-3.0404510498046875,3.0404510498046875
49,56,56,122.5566,268.0,125.0,-2.4433975219726562,2.4433975219726562
49,57,57,122.797935,267.0,125.0,-2.2020645141601562,2.2020645141601562
49,58,58,123.152725,266.0,125.0,-1.8472747802734375,1.8472747802734375
49,59,59,122.685585,265.0,125.0,-2.3144149780273438,2.3144149780273438
49,60,60,123.08817,264.0,125.0,-1.9118270874023438,1.9118270874023438
49,61,61,123.39941,263.0,125.0,-1.6005935668945312,1.6005935668945312
49,62,62,123.74747,262.0,125.0,-1.252532958984375,1.252532958984375
49,63,63,122.95624,261.0,125.0,-2.04376220703125,2.04376220703125
49,64,64,123.3432,260.0,125.0,-1.65679931640625,1.65679931640625
49,65,65,122.72459,259.0,125.0,-2.2754135131835938,2.2754135131835938
49,66,66,123.12067,258.0,125.0,-1.87933349609375,1.87933349609375
49,67,67,123.27218,257.0,125.0,-1.7278213500976562,1.7278213500976562
49,68,68,122.05406,256.0,125.0,-2.9459381103515625,2.9459381103515625
49,69,69,122.25957,255.0,125.0,-2.7404327392578125,2.7404327392578125
49,70,70,122.35091,254.0,125.0,-2.6490936279296875,2.6490936279296875
49,71,71,123.0247,253.0,125.0,-1.9753036499023438,1.9753036499023438
49,72,72,123.11513,252.0,125.0,-1.8848724365234375,1.8848724365234375
49,73,73,122.72367,251.0,125.0,-2.2763290405273438,2.2763290405273438
49,74,74,123.193054,250.0,125.0,-1.80694580078125,1.80694580078125
49,75,75,123.17085,249.0,125.0,-1.8291473388671875,1.8291473388671875
49,76,76,122.752914,248.0,125.0,-2.2470855712890625,2.2470855712890625
49,77,77,123.10964,247.0,125.0,-1.8903579711914062,1.8903579711914062
49,78,78,123.19673,246.0,125.0,-1.8032684326171875,1.8032684326171875
49,79,79,122.55595,245.0,125.0,-2.4440536499023438,2.4440536499023438
49,80,80,122.787704,244.0,125.0,-2.2122955322265625,2.2122955322265625
49,81,81,123.149506,243.0,125.0,-1.850494384765625,1.850494384765625
49,82,82,122.661476,242.0,125.0,-2.3385238647460938,2.3385238647460938
49,83,83,123.88115,241.0,125.0,-1.1188507080078125,1.1188507080078125
49,84,84,123.714554,240.0,125.0,-1.2854461669921875,1.2854461669921875
49,85,85,123.40446,239.0,125.0,-1.5955429077148438,1.5955429077148438
49,86,86,123.09353,238.0,125.0,-1.9064712524414062,1.9064712524414062
49,87,87,122.16063,237.0,125.0,-2.8393707275390625,2.8393707275390625
49,88,88,120.86476,236.0,125.0,-4.1352386474609375,4.1352386474609375
49,89,89,121.97117,235.0,125.0,-3.0288314819335938,3.0288314819335938
49,90,90,122.417076,234.0,125.0,-2.5829238891601562,2.5829238891601562
49,91,91,123.00171,233.0,125.0,-1.998291015625,1.998291015625
49,92,92,122.5107,232.0,125.0,-2.4893035888671875,2.4893035888671875
49,93,93,121.63464,231.0,125.0,-3.3653564453125,3.3653564453125
49,94,94,121.976105,230.0,125.0,-3.023895263671875,3.023895263671875
49,95,95,121.91387,229.0,125.0,-3.0861282348632812,3.0861282348632812
49,96,96,121.54963,228.0,125.0,-3.4503707885742188,3.4503707885742188
49,97,97,122.70129,227.0,125.0,-2.2987136840820312,2.2987136840820312
49,98,98,122.16722,226.0,125.0,-2.8327789306640625,2.8327789306640625
49,99,99,122.13664,225.0,125.0,-2.8633575439453125,2.8633575439453125
49,100,100,121.733505,224.0,125.0,-3.2664947509765625,3.2664947509765625
49,101,101,122.72331,223.0,125.0,-2.2766876220703125,2.2766876220703125
49,102,102,122.07483,222.0,125.0,-2.9251708984375,2.9251708984375
49,103,103,121.99141,221.0,125.0,-3.0085906982421875,3.0085906982421875
49,104,104,122.3311,220.0,125.0,-2.6688995361328125,2.6688995361328125
49,105,105,122.682175,219.0,125.0,-2.3178253173828125,2.3178253173828125
49,106,106,122.51811,218.0,125.0,-2.4818878173828125,2.4818878173828125
49,107,107,122.99585,217.0,125.0,-2.004150390625,2.004150390625
49,108,108,123.04329,216.0,125.0,-1.9567108154296875,1.9567108154296875
49,109,109,123.05173,215.0,125.0,-1.948272705078125,1.948272705078125
49,110,110,122.518875,214.0,125.0,-2.4811248779296875,2.4811248779296875
49,111,111,123.60938,213.0,125.0,-1.3906173706054688,1.3906173706054688
49,112,112,120.750206,212.0,125.0,-4.249794006347656,4.249794006347656
49,113,113,121.57399,211.0,125.0,-3.4260101318359375,3.4260101318359375
49,114,114,122.33567,210.0,125.0,-2.6643295288085938,2.6643295288085938
49,115,115,121.88293,209.0,125.0,-3.1170730590820312,3.1170730590820312
49,116,116,123.60182,208.0,125.0,-1.3981781005859375,1.3981781005859375
49,117,117,122.42006,207.0,125.0,-2.5799407958984375,2.5799407958984375
49,118,118,122.35143,206.0,125.0,-2.6485671997070312,2.6485671997070312
49,119,119,120.953995,205.0,125.0,-4.0460052490234375,4.0460052490234375
49,120,120,121.15893,204.0,125.0,-3.8410720825195312,3.8410720825195312
49,121,121,119.88657,203.0,125.0,-5.113426208496094,5.113426208496094
49,122,122,119.045044,202.0,125.0,-5.9549560546875,5.9549560546875
49,123,123,119.49534,201.0,125.0,-5.504661560058594,5.504661560058594
49,124,124,120.6265,200.0,125.0,-4.373497009277344,4.373497009277344
49,125,125,118.43262,199.0,125.0,-6.5673828125,6.5673828125
49,126,126,120.56207,198.0,125.0,-4.43792724609375,4.43792724609375
49,127,127,122.39604,197.0,125.0,-2.6039581298828125,2.6039581298828125
49,128,128,122.49509,196.0,125.0,-2.504913330078125,2.504913330078125
49,129,129,120.709236,195.0,125.0,-4.290763854980469,4.290763854980469
49,130,130,120.6658,194.0,125.0,-4.334197998046875,4.334197998046875
49,131,131,120.99741,193.0,125.0,-4.002586364746094,4.002586364746094
49,132,132,120.8827,192.0,125.0,-4.117301940917969,4.117301940917969
49,133,133,119.73102,191.0,125.0,-5.26898193359375,5.26898193359375
49,134,134,120.133446,190.0,125.0,-4.866554260253906,4.866554260253906
49,135,135,119.91574,189.0,125.0,-5.084259033203125,5.084259033203125
49,136,136,120.29158,188.0,125.0,-4.7084197998046875,4.7084197998046875
49,137,137,121.2979,187.0,125.0,-3.7021026611328125,3.7021026611328125
49,138,138,121.1461,186.0,125.0,-3.8538970947265625,3.8538970947265625
49,139,139,119.389824,185.0,125.0,-5.610176086425781,5.610176086425781
49,140,140,120.31979,184.0,125.0,-4.680206298828125,4.680206298828125
49,141,141,121.36076,183.0,125.0,-3.6392364501953125,3.6392364501953125
49,142,142,120.43106,182.0,125.0,-4.568939208984375,4.568939208984375
49,143,143,120.66908,181.0,125.0,-4.3309173583984375,4.3309173583984375
49,144,144,121.51611,180.0,125.0,-3.48388671875,3.48388671875
49,145,145,118.76143,179.0,125.0,-6.2385711669921875,6.2385711669921875
49,146,146,121.133545,178.0,125.0,-3.866455078125,3.866455078125
49,147,147,120.0802,177.0,125.0,-4.9197998046875,4.9197998046875
49,148,148,122.33467,176.0,125.0,-2.6653289794921875,2.6653289794921875
49,149,149,120.54239,175.0,125.0,-4.457611083984375,4.457611083984375
49,150,150,121.3423,174.0,125.0,-3.6576995849609375,3.6576995849609375
49,151,151,121.61499,173.0,125.0,-3.385009765625,3.385009765625
49,152,152,119.482574,172.0,125.0,-5.517425537109375,5.517425537109375
49,153,153,122.102264,171.0,125.0,-2.897735595703125,2.897735595703125
49,154,154,121.88344,170.0,125.0,-3.1165618896484375,3.1165618896484375
49,155,155,121.46877,169.0,125.0,-3.5312271118164062,3.5312271118164062
49,156,156,121.08215,168.0,125.0,-3.9178466796875,3.9178466796875
49,157,157,121.59631,167.0,125.0,-3.4036865234375,3.4036865234375
49,158,158,121.606606,166.0,125.0,-3.3933944702148438,3.3933944702148438
49,159,159,120.43213,165.0,125.0,-4.56787109375,4.56787109375
49,160,160,119.71655,164.0,125.0,-5.283447265625,5.283447265625
49,161,161,119.11906,163.0,125.0,-5.880943298339844,5.880943298339844
49,162,162,120.13214,162.0,125.0,-4.86785888671875,4.86785888671875
49,163,163,120.98275,161.0,125.0,-4.017250061035156,4.017250061035156
49,164,164,118.85967,160.0,125.0,-6.140327453613281,6.140327453613281
49,165,165,117.91917,159.0,125.0,-7.080833435058594,7.080833435058594
49,166,166,116.210106,158.0,125.0,-8.789894104003906,8.789894104003906
49,167,167,114.18996,157.0,125.0,-10.810043334960938,10.810043334960938
49,168,168,112.2248,156.0,125.0,-12.775199890136719,12.775199890136719
49,169,169,109.53395,155.0,125.0,-15.466049194335938,15.466049194335938
49,170,170,109.11871,154.0,125.0,-15.88128662109375,15.88128662109375
49,171,171,111.303925,153.0,125.0,-13.696075439453125,13.696075439453125
49,172,172,109.74514,152.0,125.0,-15.254859924316406,15.254859924316406
49,173,173,108.796234,151.0,125.0,-16.203765869140625,16.203765869140625
49,174,174,114.77553,150.0,125.0,-10.224472045898438,10.224472045898438
49,175,175,110.78521,149.0,125.0,-14.214790344238281,14.214790344238281
49,176,176,111.62069,148.0,125.0,-13.379310607910156,13.379310607910156
49,177,177,112.11056,147.0,125.0,-12.889442443847656,12.889442443847656
49,178,178,118.15283,146.0,125.0,-6.84716796875,6.84716796875
49,179,179,119.30351,145.0,125.0,-5.6964874267578125,5.6964874267578125
49,180,180,121.13565,144.0,125.0,-3.864349365234375,3.864349365234375
49,181,181,119.473366,143.0,125.0,-5.526634216308594,5.526634216308594
49,182,182,112.90434,142.0,125.0,-12.095657348632812,12.095657348632812
49,183,183,114.79042,141.0,125.0,-10.209579467773438,10.209579467773438
49,184,184,111.06639,140.0,125.0,-13.933609008789062,13.933609008789062
49,185,185,112.53296,139.0,125.0,-12.467041015625,12.467041015625
49,186,186,114.68838,138.0,125.0,-10.311622619628906,10.311622619628906
49,187,187,111.20969,137.0,125.0,-13.790313720703125,13.790313720703125
49,188,188,112.86958,136.0,125.0,-12.130416870117188,12.130416870117188
49,189,189,113.694405,135.0,125.0,-11.305595397949219,11.305595397949219
49,190,190,105.62805,134.0,125.0,-19.3719482421875,19.3719482421875
49,191,191,108.612526,133.0,125.0,-16.387474060058594,16.387474060058594
49,192,192,112.34314,132.0,125.0,-12.6568603515625,12.6568603515625
49,193,193,115.31697,131.0,125.0,-9.683029174804688,9.683029174804688
49,194,194,112.114075,130.0,125.0,-12.88592529296875,12.88592529296875
49,195,195,114.370186,129.0,125.0,-10.629814147949219,10.629814147949219
49,196,196,114.733246,128.0,125.0,-10.266754150390625,10.266754150390625
49,197,197,111.53775,127.0,125.0,-13.462249755859375,13.462249755859375
49,198,198,106.707565,126.0,125.0,-18.292434692382812,18.292434692382812
49,199,199,106.61087,125.0,125.0,-18.389129638671875,18.389129638671875
49,200,200,101.999115,124.0,124.0,-22.000885009765625,22.000885009765625
49,201,201,110.5516,123.0,123.0,-12.448402404785156,12.448402404785156
49,202,202,101.203735,122.0,122.0,-20.7962646484375,20.7962646484375
49,203,203,96.01279,121.0,121.0,-24.987213134765625,24.987213134765625
49,204,204,100.17863,120.0,120.0,-19.821372985839844,19.821372985839844
49,205,205,86.62135,119.0,119.0,-32.37864685058594,32.37864685058594
49,206,206,76.73932,118.0,118.0,-41.26068115234375,41.26068115234375
49,207,207,77.669525,117.0,117.0,-39.330474853515625,39.330474853515625
49,208,208,87.22981,116.0,116.0,-28.770187377929688,28.770187377929688
49,209,209,91.97531,115.0,115.0,-23.024688720703125,23.024688720703125
49,210,210,100.695526,114.0,114.0,-13.304473876953125,13.304473876953125
49,211,211,99.048294,113.0,113.0,-13.951705932617188,13.951705932617188
49,212,212,88.43915,112.0,112.0,-23.56085205078125,23.56085205078125
49,213,213,85.60252,111.0,111.0,-25.397476196289062,25.397476196289062
49,214,214,71.37233,110.0,110.0,-38.62767028808594,38.62767028808594
49,215,215,67.20451,109.0,109.0,-41.79548645019531,41.79548645019531
49,216,216,72.435425,108.0,108.0,-35.5645751953125,35.5645751953125
49,217,217,71.55445,107.0,107.0,-35.44554901123047,35.44554901123047
49,218,218,79.09941,106.0,106.0,-26.900588989257812,26.900588989257812
49,219,219,73.77832,105.0,105.0,-31.2216796875,31.2216796875
49,220,220,80.20956,104.0,104.0,-23.790443420410156,23.790443420410156
49,221,221,83.14484,103.0,103.0,-19.85516357421875,19.85516357421875
49,222,222,90.290955,102.0,102.0,-11.70904541015625,11.70904541015625
49,223,223,81.68027,101.0,101.0,-19.319732666015625,19.319732666015625
49,224,224,80.95969,100.0,100.0,-19.040313720703125,19.040313720703125
49,225,225,88.86403,99.0,99.0,-10.135971069335938,10.135971069335938
49,226,226,88.21695,98.0,98.0,-9.783050537109375,9.783050537109375
49,227,227,88.11013,97.0,97.0,-8.889869689941406,8.889869689941406
49,228,228,84.528625,96.0,96.0,-11.47137451171875,11.47137451171875
49,229,229,85.66379,95.0,95.0,-9.336212158203125,9.336212158203125
49,230,230,82.68463,94.0,94.0,-11.31536865234375,11.31536865234375
49,231,231,103.19595,93.0,93.0,10.195953369140625,10.195953369140625
49,232,232,98.25002,92.0,92.0,6.250022888183594,6.250022888183594
49,233,233,88.589325,91.0,91.0,-2.410675048828125,2.410675048828125
49,234,234,81.389496,90.0,90.0,-8.610504150390625,8.610504150390625
49,235,235,85.21204,89.0,89.0,-3.7879562377929688,3.7879562377929688
49,236,236,94.712105,88.0,88.0,6.712104797363281,6.712104797363281
49,237,237,101.862946,87.0,87.0,14.862945556640625,14.862945556640625
49,238,238,100.00287,86.0,86.0,14.00286865234375,14.00286865234375
49,239,239,92.32561,85.0,85.0,7.3256072998046875,7.3256072998046875
49,240,240,83.827576,84.0,84.0,-0.17242431640625,0.17242431640625
49,241,241,77.12675,83.0,83.0,-5.873252868652344,5.873252868652344
49,242,242,65.060455,82.0,82.0,-16.939544677734375,16.939544677734375
49,243,243,56.801483,81.0,81.0,-24.198516845703125,24.198516845703125
49,244,244,61.109512,80.0,80.0,-18.890487670898438,18.890487670898438
49,245,245,58.89593,79.0,79.0,-20.104068756103516,20.104068756103516
49,246,246,58.305126,78.0,78.0,-19.694873809814453,19.694873809814453
49,247,247,49.94268,77.0,77.0,-27.05731964111328,27.05731964111328
49,248,248,46.455383,76.0,76.0,-29.54461669921875,29.54461669921875
49,249,249,44.317955,75.0,75.0,-30.682044982910156,30.682044982910156
49,250,250,46.143856,74.0,74.0,-27.856143951416016,27.856143951416016
49,251,251,44.045704,73.0,73.0,-28.954296112060547,28.954296112060547
49,252,252,44.37595,72.0,72.0,-27.62405014038086,27.62405014038086
49,253,253,45.127674,71.0,71.0,-25.872325897216797,25.872325897216797
49,254,254,46.211937,70.0,70.0,-23.788063049316406,23.788063049316406
49,255,255,51.831997,69.0,69.0,-17.16800308227539,17.16800308227539
49,256,256,53.85092,68.0,68.0,-14.149078369140625,14.149078369140625
49,257,257,53.778072,67.0,67.0,-13.221927642822266,13.221927642822266
49,258,258,61.20941,66.0,66.0,-4.79058837890625,4.79058837890625
49,259,259,55.835716,65.0,65.0,-9.164283752441406,9.164283752441406
49,260,260,56.055084,64.0,64.0,-7.944915771484375,7.944915771484375
49,261,261,62.452065,63.0,63.0,-0.5479354858398438,0.5479354858398438
49,262,262,70.464455,62.0,62.0,8.464454650878906,8.464454650878906
49,263,263,58.31113,61.0,61.0,-2.6888694763183594,2.6888694763183594
49,264,264,60.92663,60.0,60.0,0.9266281127929688,0.9266281127929688
49,265,265,57.81538,59.0,59.0,-1.1846199035644531,1.1846199035644531
49,266,266,59.770126,58.0,58.0,1.7701263427734375,1.7701263427734375
49,267,267,53.86774,57.0,57.0,-3.1322593688964844,3.1322593688964844
49,268,268,47.40353,56.0,56.0,-8.59646987915039,8.59646987915039
49,269,269,45.775066,55.0,55.0,-9.224933624267578,9.224933624267578
49,270,270,44.94372,54.0,54.0,-9.056278228759766,9.056278228759766
49,271,271,42.681473,53.0,53.0,-10.318527221679688,10.318527221679688
49,272,272,47.089283,52.0,52.0,-4.910717010498047,4.910717010498047
49,273,273,47.676327,51.0,51.0,-3.3236732482910156,3.3236732482910156
49,274,274,46.87114,50.0,50.0,-3.1288604736328125,3.1288604736328125
49,275,275,46.227497,49.0,49.0,-2.772502899169922,2.772502899169922
49,276,276,33.431217,48.0,48.0,-14.568782806396484,14.568782806396484
49,277,277,31.035387,47.0,47.0,-15.96461296081543,15.96461296081543
49,278,278,29.853952,46.0,46.0,-16.146047592163086,16.146047592163086
49,279,279,29.075464,45.0,45.0,-15.924535751342773,15.924535751342773
49,280,280,26.548958,44.0,44.0,-17.45104217529297,17.45104217529297
49,281,281,26.84414,43.0,43.0,-16.155860900878906,16.155860900878906
49,282,282,28.969728,42.0,42.0,-13.030271530151367,13.030271530151367
49,283,283,28.829502,41.0,41.0,-12.17049789428711,12.17049789428711
49,284,284,30.414175,40.0,40.0,-9.585824966430664,9.585824966430664
49,285,285,33.5107,39.0,39.0,-5.489299774169922,5.489299774169922
49,286,286,33.491356,38.0,38.0,-4.508644104003906,4.508644104003906
49,287,287,29.801016,37.0,37.0,-7.198984146118164,7.198984146118164
49,288,288,29.275303,36.0,36.0,-6.724697113037109,6.724697113037109
49,289,289,27.879868,35.0,35.0,-7.1201324462890625,7.1201324462890625
49,290,290,25.209682,34.0,34.0,-8.79031753540039,8.79031753540039
49,291,291,24.850523,33.0,33.0,-8.149477005004883,8.149477005004883
49,292,292,27.130575,32.0,32.0,-4.869424819946289,4.869424819946289
49,293,293,26.63647,31.0,31.0,-4.363529205322266,4.363529205322266
49,294,294,26.188927,30.0,30.0,-3.8110733032226562,3.8110733032226562
49,295,295,24.327738,29.0,29.0,-4.672262191772461,4.672262191772461
49,296,296,22.777788,28.0,28.0,-5.222211837768555,5.222211837768555
49,297,297,19.93481,27.0,27.0,-7.065189361572266,7.065189361572266
49,298,298,18.793753,26.0,26.0,-7.206247329711914,7.206247329711914
49,299,299,18.297325,25.0,25.0,-6.702674865722656,6.702674865722656
49,300,300,18.567472,24.0,24.0,-5.432527542114258,5.432527542114258
49,301,301,18.173912,23.0,23.0,-4.826087951660156,4.826087951660156
49,302,302,18.756987,22.0,22.0,-3.243013381958008,3.243013381958008
49,303,303,16.39044,21.0,21.0,-4.609560012817383,4.609560012817383
50,1,1,117.95099,152.0,125.0,-7.04901123046875,7.04901123046875
50,2,2,117.60222,151.0,125.0,-7.3977813720703125,7.3977813720703125
50,3,3,118.77459,150.0,125.0,-6.225410461425781,6.225410461425781
50,4,4,121.01559,149.0,125.0,-3.9844131469726562,3.9844131469726562
50,5,5,121.34288,148.0,125.0,-3.6571197509765625,3.6571197509765625
50,6,6,122.06798,147.0,125.0,-2.9320220947265625,2.9320220947265625
50,7,7,121.21337,146.0,125.0,-3.7866287231445312,3.7866287231445312
50,8,8,120.28788,145.0,125.0,-4.712120056152344,4.712120056152344
50,9,9,119.70854,144.0,125.0,-5.2914581298828125,5.2914581298828125
50,10,10,118.05339,143.0,125.0,-6.9466094970703125,6.9466094970703125
50,11,11,119.08827,142.0,125.0,-5.9117279052734375,5.9117279052734375
50,12,12,121.08862,141.0,125.0,-3.911376953125,3.911376953125
50,13,13,120.89322,140.0,125.0,-4.106781005859375,4.106781005859375
50,14,14,120.85452,139.0,125.0,-4.145477294921875,4.145477294921875
50,15,15,120.29288,138.0,125.0,-4.707122802734375,4.707122802734375
50,16,16,119.594574,137.0,125.0,-5.405426025390625,5.405426025390625
50,17,17,117.51224,136.0,125.0,-7.487762451171875,7.487762451171875
50,18,18,119.73149,135.0,125.0,-5.2685089111328125,5.2685089111328125
50,19,19,120.95053,134.0,125.0,-4.049468994140625,4.049468994140625
50,20,20,120.16907,133.0,125.0,-4.8309326171875,4.8309326171875
50,21,21,121.0685,132.0,125.0,-3.9315032958984375,3.9315032958984375
50,22,22,121.33564,131.0,125.0,-3.6643600463867188,3.6643600463867188
50,23,23,119.91704,130.0,125.0,-5.0829620361328125,5.0829620361328125
50,24,24,118.19682,129.0,125.0,-6.8031768798828125,6.8031768798828125
50,25,25,119.97055,128.0,125.0,-5.029449462890625,5.029449462890625
50,26,26,118.580826,127.0,125.0,-6.4191741943359375,6.4191741943359375
50,27,27,120.17638,126.0,125.0,-4.8236236572265625,4.8236236572265625
50,28,28,120.642204,125.0,125.0,-4.357795715332031,4.357795715332031
50,29,29,121.92442,124.0,124.0,-2.0755767822265625,2.0755767822265625
50,30,30,122.22099,123.0,123.0,-0.7790069580078125,0.7790069580078125
50,31,31,121.73447,122.0,122.0,-0.265533447265625,0.265533447265625
50,32,32,120.31661,121.0,121.0,-0.6833877563476562,0.6833877563476562
50,33,33,118.692825,120.0,120.0,-1.3071746826171875,1.3071746826171875
50,34,34,120.257355,119.0,119.0,1.257354736328125,1.257354736328125
50,35,35,117.76814,118.0,118.0,-0.2318572998046875,0.2318572998046875
50,36,36,119.99025,117.0,117.0,2.9902496337890625,2.9902496337890625
50,37,37,121.03738,116.0,116.0,5.037376403808594,5.037376403808594
50,38,38,120.70828,115.0,115.0,5.708282470703125,5.708282470703125
50,39,39,122.010254,114.0,114.0,8.01025390625,8.01025390625
50,40,40,120.88809,113.0,113.0,7.888092041015625,7.888092041015625
50,41,41,119.79765,112.0,112.0,7.7976531982421875,7.7976531982421875
50,42,42,120.699684,111.0,111.0,9.699684143066406,9.699684143066406
50,43,43,121.185776,110.0,110.0,11.185775756835938,11.185775756835938
50,44,44,119.477646,109.0,109.0,10.477645874023438,10.477645874023438
50,45,45,114.69092,108.0,108.0,6.69091796875,6.69091796875
50,46,46,110.21796,107.0,107.0,3.21795654296875,3.21795654296875
50,47,47,102.02553,106.0,106.0,-3.9744720458984375,3.9744720458984375
50,48,48,106.20307,105.0,105.0,1.2030715942382812,1.2030715942382812
50,49,49,101.154236,104.0,104.0,-2.84576416015625,2.84576416015625
50,50,50,101.351685,103.0,103.0,-1.6483154296875,1.6483154296875
50,51,51,100.61522,102.0,102.0,-1.3847808837890625,1.3847808837890625
50,52,52,109.93237,101.0,101.0,8.932373046875,8.932373046875
50,53,53,112.84259,100.0,100.0,12.84259033203125,12.84259033203125
50,54,54,113.78849,99.0,99.0,14.788490295410156,14.788490295410156
50,55,55,116.17288,98.0,98.0,18.172882080078125,18.172882080078125
50,56,56,119.03316,97.0,97.0,22.033157348632812,22.033157348632812
50,57,57,119.82991,96.0,96.0,23.829910278320312,23.829910278320312
50,58,58,115.81018,95.0,95.0,20.8101806640625,20.8101806640625
50,59,59,113.04956,94.0,94.0,19.049560546875,19.049560546875
50,60,60,112.69151,93.0,93.0,19.691513061523438,19.691513061523438
50,61,61,111.44492,92.0,92.0,19.444923400878906,19.444923400878906
50,62,62,111.01013,91.0,91.0,20.0101318359375,20.0101318359375
50,63,63,110.461334,90.0,90.0,20.461334228515625,20.461334228515625
50,64,64,115.994965,89.0,89.0,26.994964599609375,26.994964599609375
50,65,65,110.937744,88.0,88.0,22.937744140625,22.937744140625
50,66,66,107.263596,87.0,87.0,20.263595581054688,20.263595581054688
50,67,67,114.2236,86.0,86.0,28.223602294921875,28.223602294921875
50,68,68,113.1194,85.0,85.0,28.119400024414062,28.119400024414062
50,69,69,110.80674,84.0,84.0,26.806739807128906,26.806739807128906
50,70,70,112.18895,83.0,83.0,29.188949584960938,29.188949584960938
50,71,71,111.56909,82.0,82.0,29.569091796875,29.569091796875
50,72,72,110.84657,81.0,81.0,29.846572875976562,29.846572875976562
50,73,73,109.15347,80.0,80.0,29.153472900390625,29.153472900390625
50,74,74,103.20808,79.0,79.0,24.20807647705078,24.20807647705078
51,1,1,121.86047,257.0,125.0,-3.1395263671875,3.1395263671875
51,2,2,118.172485,256.0,125.0,-6.8275146484375,6.8275146484375
51,3,3,118.337006,255.0,125.0,-6.662994384765625,6.662994384765625
51,4,4,114.49504,254.0,125.0,-10.504959106445312,10.504959106445312
51,5,5,109.89889,253.0,125.0,-15.101112365722656,15.101112365722656
51,6,6,111.661385,252.0,125.0,-13.338615417480469,13.338615417480469
51,7,7,115.912155,251.0,125.0,-9.087844848632812,9.087844848632812
51,8,8,114.61026,250.0,125.0,-10.389739990234375,10.389739990234375
51,9,9,115.42466,249.0,125.0,-9.575340270996094,9.575340270996094
51,10,10,115.09885,248.0,125.0,-9.901153564453125,9.901153564453125
51,11,11,107.96782,247.0,125.0,-17.032180786132812,17.032180786132812
51,12,12,110.15821,246.0,125.0,-14.841789245605469,14.841789245605469
51,13,13,104.77658,245.0,125.0,-20.223419189453125,20.223419189453125
51,14,14,88.60545,244.0,125.0,-36.39454650878906,36.39454650878906
51,15,15,79.79406,243.0,125.0,-45.20594024658203,45.20594024658203
51,16,16,82.64958,242.0,125.0,-42.35041809082031,42.35041809082031
51,17,17,84.00752,241.0,125.0,-40.99247741699219,40.99247741699219
51,18,18,85.97425,240.0,125.0,-39.02574920654297,39.02574920654297
51,19,19,85.3292,239.0,125.0,-39.670799255371094,39.670799255371094
51,20,20,91.06543,238.0,125.0,-33.9345703125,33.9345703125
51,21,21,93.779724,237.0,125.0,-31.22027587890625,31.22027587890625
51,22,22,95.46863,236.0,125.0,-29.5313720703125,29.5313720703125
51,23,23,91.17451,235.0,125.0,-33.82549285888672,33.82549285888672
51,24,24,91.9948,234.0,125.0,-33.00520324707031,33.00520324707031
51,25,25,95.678314,233.0,125.0,-29.321685791015625,29.321685791015625
51,26,26,82.753235,232.0,125.0,-42.24676513671875,42.24676513671875
51,27,27,89.47866,231.0,125.0,-35.521339416503906,35.521339416503906
51,28,28,89.97348,230.0,125.0,-35.026519775390625,35.026519775390625
51,29,29,101.14371,229.0,125.0,-23.856292724609375,23.856292724609375
51,30,30,100.92014,228.0,125.0,-24.079856872558594,24.079856872558594
51,31,31,112.77807,227.0,125.0,-12.221931457519531,12.221931457519531
51,32,32,85.55333,226.0,125.0,-39.44667053222656,39.44667053222656
51,33,33,87.61322,225.0,125.0,-37.38677978515625,37.38677978515625
51,34,34,82.24248,224.0,125.0,-42.75752258300781,42.75752258300781
51,35,35,86.93367,223.0,125.0,-38.06632995605469,38.06632995605469
51,36,36,108.67034,222.0,125.0,-16.32965850830078,16.32965850830078
51,37,37,115.315125,221.0,125.0,-9.68487548828125,9.68487548828125
51,38,38,114.54785,220.0,125.0,-10.4521484375,10.4521484375
51,39,39,121.737785,219.0,125.0,-3.2622146606445312,3.2622146606445312
51,40,40,121.75618,218.0,125.0,-3.2438201904296875,3.2438201904296875
51,41,41,119.58296,217.0,125.0,-5.4170379638671875,5.4170379638671875
51,42,42,122.0436,216.0,125.0,-2.9563980102539062,2.9563980102539062
51,43,43,122.51596,215.0,125.0,-2.484039306640625,2.484039306640625
51,44,44,118.64635,214.0,125.0,-6.3536529541015625,6.3536529541015625
51,45,45,112.576584,213.0,125.0,-12.423416137695312,12.423416137695312
51,46,46,115.974594,212.0,125.0,-9.025405883789062,9.025405883789062
51,47,47,121.843254,211.0,125.0,-3.1567459106445312,3.1567459106445312
51,48,48,122.65846,210.0,125.0,-2.3415374755859375,2.3415374755859375
51,49,49,123.95068,209.0,125.0,-1.04931640625,1.04931640625
51,50,50,124.89466,208.0,125.0,-0.10533905029296875,0.10533905029296875
51,51,51,124.94572,207.0,125.0,-0.05428314208984375,0.05428314208984375
51,52,52,124.90073,206.0,125.0,-0.099273681640625,0.099273681640625
51,53,53,125.0,205.0,125.0,0.0,0.0
51,54,54,124.747795,204.0,125.0,-0.25220489501953125,0.25220489501953125
51,55,55,125.0,203.0,125.0,0.0,0.0
51,56,56,124.86984,202.0,125.0,-0.130157470703125,0.130157470703125
51,57,57,124.892334,201.0,125.0,-0.107666015625,0.107666015625
51,58,58,124.424164,200.0,125.0,-0.575836181640625,0.575836181640625
51,59,59,125.0,199.0,125.0,0.0,0.0
51,60,60,125.0,198.0,125.0,0.0,0.0
51,61,61,125.0,197.0,125.0,0.0,0.0
51,62,62,124.771805,196.0,125.0,-0.2281951904296875,0.2281951904296875
51,63,63,124.08136,195.0,125.0,-0.91864013671875,0.91864013671875
51,64,64,123.40645,194.0,125.0,-1.5935516357421875,1.5935516357421875
51,65,65,125.0,193.0,125.0,0.0,0.0
51,66,66,124.44944,192.0,125.0,-0.5505599975585938,0.5505599975585938
51,67,67,124.238754,191.0,125.0,-0.7612457275390625,0.7612457275390625
51,68,68,123.05755,190.0,125.0,-1.9424514770507812,1.9424514770507812
51,69,69,124.544075,189.0,125.0,-0.45592498779296875,0.45592498779296875
51,70,70,123.63622,188.0,125.0,-1.3637771606445312,1.3637771606445312
51,71,71,123.84274,187.0,125.0,-1.157257080078125,1.157257080078125
51,72,72,123.15228,186.0,125.0,-1.84771728515625,1.84771728515625
51,73,73,120.8055,185.0,125.0,-4.1945037841796875,4.1945037841796875
51,74,74,117.13342,184.0,125.0,-7.8665771484375,7.8665771484375
51,75,75,113.46668,183.0,125.0,-11.533317565917969,11.533317565917969
51,76,76,116.08419,182.0,125.0,-8.915809631347656,8.915809631347656
51,77,77,120.31115,181.0,125.0,-4.688850402832031,4.688850402832031
51,78,78,120.7468,180.0,125.0,-4.253196716308594,4.253196716308594
51,79,79,119.023605,179.0,125.0,-5.9763946533203125,5.9763946533203125
51,80,80,120.6006,178.0,125.0,-4.3993988037109375,4.3993988037109375
51,81,81,118.34854,177.0,125.0,-6.651458740234375,6.651458740234375
51,82,82,118.21484,176.0,125.0,-6.78515625,6.78515625
51,83,83,121.49193,175.0,125.0,-3.5080718994140625,3.5080718994140625
51,84,84,118.50106,174.0,125.0,-6.498939514160156,6.498939514160156
51,85,85,119.13025,173.0,125.0,-5.8697509765625,5.8697509765625
51,86,86,120.50003,172.0,125.0,-4.499969482421875,4.499969482421875
51,87,87,122.44011,171.0,125.0,-2.5598907470703125,2.5598907470703125
51,88,88,123.50885,170.0,125.0,-1.49114990234375,1.49114990234375
51,89,89,121.97447,169.0,125.0,-3.0255279541015625,3.0255279541015625
51,90,90,119.96559,168.0,125.0,-5.0344085693359375,5.0344085693359375
51,91,91,122.59538,167.0,125.0,-2.4046173095703125,2.4046173095703125
51,92,92,121.46364,166.0,125.0,-3.5363616943359375,3.5363616943359375
51,93,93,114.6984,165.0,125.0,-10.301597595214844,10.301597595214844
51,94,94,108.403244,164.0,125.0,-16.596755981445312,16.596755981445312
51,95,95,110.90436,163.0,125.0,-14.09564208984375,14.09564208984375
51,96,96,101.884605,162.0,125.0,-23.115394592285156,23.115394592285156
51,97,97,104.85093,161.0,125.0,-20.149070739746094,20.149070739746094
51,98,98,101.545555,160.0,125.0,-23.454444885253906,23.454444885253906
51,99,99,95.45752,159.0,125.0,-29.54248046875,29.54248046875
51,100,100,95.13114,158.0,125.0,-29.868858337402344,29.868858337402344
51,101,101,108.31868,157.0,125.0,-16.681320190429688,16.681320190429688
51,102,102,88.38643,156.0,125.0,-36.61357116699219,36.61357116699219
51,103,103,105.33227,155.0,125.0,-19.66773223876953,19.66773223876953
51,104,104,109.47363,154.0,125.0,-15.5263671875,15.5263671875
51,105,105,106.13364,153.0,125.0,-18.866363525390625,18.866363525390625
51,106,106,90.73123,152.0,125.0,-34.268768310546875,34.268768310546875
51,107,107,112.21952,151.0,125.0,-12.780479431152344,12.780479431152344
51,108,108,110.96246,150.0,125.0,-14.03753662109375,14.03753662109375
51,109,109,112.44782,149.0,125.0,-12.552177429199219,12.552177429199219
51,110,110,113.106064,148.0,125.0,-11.893936157226562,11.893936157226562
51,111,111,112.98985,147.0,125.0,-12.010147094726562,12.010147094726562
51,112,112,113.12722,146.0,125.0,-11.872779846191406,11.872779846191406
51,113,113,113.42009,145.0,125.0,-11.579910278320312,11.579910278320312
51,114,114,113.557755,144.0,125.0,-11.442245483398438,11.442245483398438
51,115,115,113.694885,143.0,125.0,-11.30511474609375,11.30511474609375
51,116,116,113.75746,142.0,125.0,-11.242538452148438,11.242538452148438
51,117,117,113.989334,141.0,125.0,-11.010665893554688,11.010665893554688
51,118,118,113.899506,140.0,125.0,-11.100494384765625,11.100494384765625
51,119,119,113.516594,139.0,125.0,-11.483406066894531,11.483406066894531
51,120,120,113.77937,138.0,125.0,-11.220626831054688,11.220626831054688
51,121,121,113.27331,137.0,125.0,-11.726692199707031,11.726692199707031
51,122,122,113.041916,136.0,125.0,-11.958084106445312,11.958084106445312
51,123,123,112.50929,135.0,125.0,-12.490707397460938,12.490707397460938
51,124,124,111.380035,134.0,125.0,-13.619964599609375,13.619964599609375
51,125,125,110.31746,133.0,125.0,-14.682540893554688,14.682540893554688
51,126,126,110.07058,132.0,125.0,-14.929420471191406,14.929420471191406
51,127,127,111.168274,131.0,125.0,-13.83172607421875,13.83172607421875
51,128,128,110.590485,130.0,125.0,-14.409515380859375,14.409515380859375
51,129,129,106.71762,129.0,125.0,-18.282379150390625,18.282379150390625
51,130,130,97.05009,128.0,125.0,-27.949913024902344,27.949913024902344
51,131,131,104.84013,127.0,125.0,-20.159866333007812,20.159866333007812
51,132,132,98.48957,126.0,125.0,-26.51042938232422,26.51042938232422
51,133,133,110.1629,125.0,125.0,-14.83709716796875,14.83709716796875
51,134,134,110.38447,124.0,124.0,-13.615531921386719,13.615531921386719
51,135,135,104.41344,123.0,123.0,-18.586563110351562,18.586563110351562
51,136,136,103.02845,122.0,122.0,-18.97154998779297,18.97154998779297
51,137,137,105.669876,121.0,121.0,-15.330123901367188,15.330123901367188
51,138,138,108.56054,120.0,120.0,-11.439460754394531,11.439460754394531
51,139,139,110.70568,119.0,119.0,-8.294319152832031,8.294319152832031
51,140,140,111.86236,118.0,118.0,-6.137641906738281,6.137641906738281
51,141,141,111.17484,117.0,117.0,-5.825157165527344,5.825157165527344
51,142,142,112.01524,116.0,116.0,-3.9847564697265625,3.9847564697265625
51,143,143,112.88664,115.0,115.0,-2.1133575439453125,2.1133575439453125
51,144,144,113.09201,114.0,114.0,-0.907989501953125,0.907989501953125
52,1,1,124.16938,217.0,125.0,-0.8306198120117188,0.8306198120117188
52,2,2,124.13538,216.0,125.0,-0.8646163940429688,0.8646163940429688
52,3,3,124.14896,215.0,125.0,-0.851043701171875,0.851043701171875
52,4,4,124.06099,214.0,125.0,-0.9390106201171875,0.9390106201171875
52,5,5,124.12824,213.0,125.0,-0.8717575073242188,0.8717575073242188
52,6,6,124.12218,212.0,125.0,-0.8778228759765625,0.8778228759765625
52,7,7,124.0237,211.0,125.0,-0.9763031005859375,0.9763031005859375
52,8,8,123.96617,210.0,125.0,-1.0338287353515625,1.0338287353515625
52,9,9,123.993484,209.0,125.0,-1.0065155029296875,1.0065155029296875
52,10,10,123.77916,208.0,125.0,-1.2208404541015625,1.2208404541015625
52,11,11,123.913956,207.0,125.0,-1.0860443115234375,1.0860443115234375
52,12,12,123.57049,206.0,125.0,-1.4295120239257812,1.4295120239257812
52,13,13,123.52438,205.0,125.0,-1.475616455078125,1.475616455078125
52,14,14,123.71219,204.0,125.0,-1.287811279296875,1.287811279296875
52,15,15,123.7941,203.0,125.0,-1.205902099609375,1.205902099609375
52,16,16,123.87033,202.0,125.0,-1.129669189453125,1.129669189453125
52,17,17,123.894424,201.0,125.0,-1.1055755615234375,1.1055755615234375
52,18,18,123.833336,200.0,125.0,-1.1666641235351562,1.1666641235351562
52,19,19,123.91475,199.0,125.0,-1.0852508544921875,1.0852508544921875
52,20,20,123.834335,198.0,125.0,-1.1656646728515625,1.1656646728515625
52,21,21,123.95839,197.0,125.0,-1.0416107177734375,1.0416107177734375
52,22,22,123.77941,196.0,125.0,-1.2205886840820312,1.2205886840820312
52,23,23,124.02002,195.0,125.0,-0.97998046875,0.97998046875
52,24,24,123.733376,194.0,125.0,-1.2666244506835938,1.2666244506835938
52,25,25,123.8699,193.0,125.0,-1.130096435546875,1.130096435546875
52,26,26,123.895996,192.0,125.0,-1.10400390625,1.10400390625
52,27,27,123.976906,191.0,125.0,-1.0230941772460938,1.0230941772460938
52,28,28,124.00299,190.0,125.0,-0.99700927734375,0.99700927734375
52,29,29,123.89106,189.0,125.0,-1.1089401245117188,1.1089401245117188
52,30,30,124.0737,188.0,125.0,-0.926300048828125,0.926300048828125
52,31,31,124.15566,187.0,125.0,-0.8443374633789062,0.8443374633789062
52,32,32,124.00275,186.0,125.0,-0.99725341796875,0.99725341796875
52,33,33,123.5506,185.0,125.0,-1.44940185546875,1.44940185546875
52,34,34,123.94491,184.0,125.0,-1.0550918579101562,1.0550918579101562
52,35,35,124.07994,183.0,125.0,-0.9200592041015625,0.9200592041015625
52,36,36,124.23921,182.0,125.0,-0.7607879638671875,0.7607879638671875
52,37,37,124.19438,181.0,125.0,-0.8056182861328125,0.8056182861328125
52,38,38,123.42021,180.0,125.0,-1.5797882080078125,1.5797882080078125
52,39,39,123.703926,179.0,125.0,-1.2960739135742188,1.2960739135742188
52,40,40,123.87986,178.0,125.0,-1.1201400756835938,1.1201400756835938
52,41,41,123.576385,177.0,125.0,-1.423614501953125,1.423614501953125
52,42,42,123.70174,176.0,125.0,-1.2982635498046875,1.2982635498046875
52,43,43,124.22919,175.0,125.0,-0.77081298828125,0.77081298828125
52,44,44,124.06114,174.0,125.0,-0.9388580322265625,0.9388580322265625
52,45,45,123.82941,173.0,125.0,-1.17059326171875,1.17059326171875
52,46,46,123.548195,172.0,125.0,-1.4518051147460938,1.4518051147460938
52,47,47,123.82499,171.0,125.0,-1.1750106811523438,1.1750106811523438
52,48,48,124.04225,170.0,125.0,-0.9577484130859375,0.9577484130859375
52,49,49,123.98593,169.0,125.0,-1.014068603515625,1.014068603515625
52,50,50,123.687546,168.0,125.0,-1.3124542236328125,1.3124542236328125
52,51,51,123.62459,167.0,125.0,-1.3754119873046875,1.3754119873046875
52,52,52,123.64142,166.0,125.0,-1.35858154296875,1.35858154296875
52,53,53,123.46721,165.0,125.0,-1.5327911376953125,1.5327911376953125
52,54,54,123.9435,164.0,125.0,-1.0565032958984375,1.0565032958984375
52,55,55,123.96919,163.0,125.0,-1.0308074951171875,1.0308074951171875
52,56,56,123.62564,162.0,125.0,-1.374359130859375,1.374359130859375
52,57,57,123.92188,161.0,125.0,-1.0781173706054688,1.0781173706054688
52,58,58,123.69667,160.0,125.0,-1.3033294677734375,1.3033294677734375
52,59,59,123.62295,159.0,125.0,-1.3770523071289062,1.3770523071289062
52,60,60,123.771965,158.0,125.0,-1.2280349731445312,1.2280349731445312
52,61,61,123.54759,157.0,125.0,-1.4524078369140625,1.4524078369140625
52,62,62,123.7786,156.0,125.0,-1.2213973999023438,1.2213973999023438
52,63,63,123.85689,155.0,125.0,-1.1431121826171875,1.1431121826171875
52,64,64,123.935074,154.0,125.0,-1.0649261474609375,1.0649261474609375
52,65,65,123.62489,153.0,125.0,-1.3751068115234375,1.3751068115234375
52,66,66,123.71164,152.0,125.0,-1.288360595703125,1.288360595703125
52,67,67,123.35625,151.0,125.0,-1.6437530517578125,1.6437530517578125
52,68,68,123.430824,150.0,125.0,-1.5691757202148438,1.5691757202148438
52,69,69,123.81647,149.0,125.0,-1.18353271484375,1.18353271484375
52,70,70,123.72295,148.0,125.0,-1.2770462036132812,1.2770462036132812
52,71,71,123.4368,147.0,125.0,-1.563201904296875,1.563201904296875
52,72,72,123.62892,146.0,125.0,-1.3710784912109375,1.3710784912109375
52,73,73,123.763016,145.0,125.0,-1.2369842529296875,1.2369842529296875
52,74,74,123.05038,144.0,125.0,-1.9496231079101562,1.9496231079101562
52,75,75,123.312164,143.0,125.0,-1.687835693359375,1.687835693359375
52,76,76,123.874855,142.0,125.0,-1.1251449584960938,1.1251449584960938
52,77,77,123.83095,141.0,125.0,-1.1690521240234375,1.1690521240234375
52,78,78,123.89675,140.0,125.0,-1.1032485961914062,1.1032485961914062
52,79,79,123.23398,139.0,125.0,-1.766021728515625,1.766021728515625
52,80,80,123.46768,138.0,125.0,-1.532318115234375,1.532318115234375
52,81,81,123.32689,137.0,125.0,-1.6731109619140625,1.6731109619140625
52,82,82,123.0035,136.0,125.0,-1.9964981079101562,1.9964981079101562
52,83,83,123.54617,135.0,125.0,-1.453826904296875,1.453826904296875
52,84,84,123.955215,134.0,125.0,-1.0447845458984375,1.0447845458984375
52,85,85,123.621506,133.0,125.0,-1.3784942626953125,1.3784942626953125
52,86,86,124.00611,132.0,125.0,-0.9938888549804688,0.9938888549804688
52,87,87,123.69376,131.0,125.0,-1.3062362670898438,1.3062362670898438
52,88,88,122.72395,130.0,125.0,-2.2760467529296875,2.2760467529296875
52,89,89,123.45035,129.0,125.0,-1.549652099609375,1.549652099609375
52,90,90,122.948105,128.0,125.0,-2.0518951416015625,2.0518951416015625
52,91,91,123.68501,127.0,125.0,-1.3149871826171875,1.3149871826171875
52,92,92,123.400475,126.0,125.0,-1.5995254516601562,1.5995254516601562
52,93,93,123.222595,125.0,125.0,-1.77740478515625,1.77740478515625
52,94,94,123.10205,124.0,124.0,-0.89794921875,0.89794921875
52,95,95,123.8336,123.0,123.0,0.8336029052734375,0.8336029052734375
52,96,96,122.97427,122.0,122.0,0.974273681640625,0.974273681640625
52,97,97,123.32892,121.0,121.0,2.32891845703125,2.32891845703125
52,98,98,123.406204,120.0,120.0,3.4062042236328125,3.4062042236328125
52,99,99,123.29935,119.0,119.0,4.299346923828125,4.299346923828125
52,100,100,123.53206,118.0,118.0,5.5320587158203125,5.5320587158203125
52,101,101,123.07126,117.0,117.0,6.071258544921875,6.071258544921875
52,102,102,123.06041,116.0,116.0,7.0604095458984375,7.0604095458984375
52,103,103,123.17244,115.0,115.0,8.172439575195312,8.172439575195312
52,104,104,123.493225,114.0,114.0,9.49322509765625,9.49322509765625
52,105,105,123.507935,113.0,113.0,10.5079345703125,10.5079345703125
52,106,106,123.559586,112.0,112.0,11.559585571289062,11.559585571289062
52,107,107,121.99103,111.0,111.0,10.99102783203125,10.99102783203125
52,108,108,122.03076,110.0,110.0,12.03076171875,12.03076171875
52,109,109,122.87628,109.0,109.0,13.87628173828125,13.87628173828125
52,110,110,122.525116,108.0,108.0,14.525115966796875,14.525115966796875
52,111,111,122.63306,107.0,107.0,15.633056640625,15.633056640625
52,112,112,121.27719,106.0,106.0,15.277191162109375,15.277191162109375
52,113,113,122.341644,105.0,105.0,17.341644287109375,17.341644287109375
52,114,114,122.111176,104.0,104.0,18.111175537109375,18.111175537109375
52,115,115,122.15931,103.0,103.0,19.15930938720703,19.15930938720703
52,116,116,122.08334,102.0,102.0,20.083343505859375,20.083343505859375
52,117,117,121.17108,101.0,101.0,20.17108154296875,20.17108154296875
52,118,118,120.39903,100.0,100.0,20.399032592773438,20.399032592773438
52,119,119,120.231346,99.0,99.0,21.231346130371094,21.231346130371094
52,120,120,119.65866,98.0,98.0,21.658660888671875,21.658660888671875
52,121,121,118.48078,97.0,97.0,21.48078155517578,21.48078155517578
52,122,122,119.07949,96.0,96.0,23.079490661621094,23.079490661621094
52,123,123,120.244286,95.0,95.0,25.244285583496094,25.244285583496094
52,124,124,121.30451,94.0,94.0,27.30451202392578,27.30451202392578
52,125,125,121.087875,93.0,93.0,28.087875366210938,28.087875366210938
52,126,126,120.34394,92.0,92.0,28.34394073486328,28.34394073486328
52,127,127,121.57481,91.0,91.0,30.574806213378906,30.574806213378906
52,128,128,122.08411,90.0,90.0,32.0841064453125,32.0841064453125
52,129,129,120.226524,89.0,89.0,31.226524353027344,31.226524353027344
52,130,130,119.975464,88.0,88.0,31.9754638671875,31.9754638671875
52,131,131,121.17801,87.0,87.0,34.178009033203125,34.178009033203125
52,132,132,120.027855,86.0,86.0,34.027854919433594,34.027854919433594
52,133,133,120.96487,85.0,85.0,35.964866638183594,35.964866638183594
52,134,134,120.11472,84.0,84.0,36.114723205566406,36.114723205566406
52,135,135,117.2009,83.0,83.0,34.200897216796875,34.200897216796875
52,136,136,119.23535,82.0,82.0,37.2353515625,37.2353515625
52,137,137,111.56021,81.0,81.0,30.560211181640625,30.560211181640625
52,138,138,111.506294,80.0,80.0,31.50629425048828,31.50629425048828
52,139,139,109.52904,79.0,79.0,30.529037475585938,30.529037475585938
52,140,140,101.16037,78.0,78.0,23.160369873046875,23.160369873046875
52,141,141,94.02803,77.0,77.0,17.028030395507812,17.028030395507812
52,142,142,85.035194,76.0,76.0,9.035194396972656,9.035194396972656
52,143,143,87.903915,75.0,75.0,12.903915405273438,12.903915405273438
52,144,144,93.92076,74.0,74.0,19.920761108398438,19.920761108398438
52,145,145,88.247894,73.0,73.0,15.247894287109375,15.247894287109375
52,146,146,85.592896,72.0,72.0,13.5928955078125,13.5928955078125
52,147,147,87.63702,71.0,71.0,16.63701629638672,16.63701629638672
52,148,148,86.735245,70.0,70.0,16.735244750976562,16.735244750976562
52,149,149,86.772064,69.0,69.0,17.772064208984375,17.772064208984375
52,150,150,85.83858,68.0,68.0,17.838577270507812,17.838577270507812
52,151,151,85.71199,67.0,67.0,18.711990356445312,18.711990356445312
52,152,152,80.69123,66.0,66.0,14.691230773925781,14.691230773925781
52,153,153,73.67272,65.0,65.0,8.672721862792969,8.672721862792969
52,154,154,74.389,64.0,64.0,10.388999938964844,10.388999938964844
52,155,155,74.43086,63.0,63.0,11.430862426757812,11.430862426757812
52,156,156,74.30814,62.0,62.0,12.308143615722656,12.308143615722656
52,157,157,75.7333,61.0,61.0,14.733299255371094,14.733299255371094
52,158,158,77.1266,60.0,60.0,17.126602172851562,17.126602172851562
52,159,159,71.85711,59.0,59.0,12.857109069824219,12.857109069824219
52,160,160,68.0451,58.0,58.0,10.045097351074219,10.045097351074219
52,161,161,71.3749,57.0,57.0,14.374900817871094,14.374900817871094
52,162,162,74.16808,56.0,56.0,18.16808319091797,18.16808319091797
52,163,163,77.867004,55.0,55.0,22.86700439453125,22.86700439453125
52,164,164,72.71904,54.0,54.0,18.719039916992188,18.719039916992188
52,165,165,72.54082,53.0,53.0,19.540817260742188,19.540817260742188
52,166,166,73.70571,52.0,52.0,21.705711364746094,21.705711364746094
52,167,167,67.19393,51.0,51.0,16.193931579589844,16.193931579589844
52,168,168,61.185253,50.0,50.0,11.185253143310547,11.185253143310547
52,169,169,63.15456,49.0,49.0,14.154560089111328,14.154560089111328
52,170,170,61.878693,48.0,48.0,13.878692626953125,13.878692626953125
52,171,171,60.29786,47.0,47.0,13.297859191894531,13.297859191894531
52,172,172,59.911304,46.0,46.0,13.911304473876953,13.911304473876953
52,173,173,58.834328,45.0,45.0,13.834327697753906,13.834327697753906
52,174,174,57.698368,44.0,44.0,13.698368072509766,13.698368072509766
52,175,175,56.175396,43.0,43.0,13.175395965576172,13.175395965576172
52,176,176,57.049454,42.0,42.0,15.049453735351562,15.049453735351562
52,177,177,58.44227,41.0,41.0,17.44226837158203,17.44226837158203
52,178,178,56.02533,40.0,40.0,16.02532958984375,16.02532958984375
52,179,179,54.910877,39.0,39.0,15.910877227783203,15.910877227783203
52,180,180,55.537155,38.0,38.0,17.537155151367188,17.537155151367188
52,181,181,53.40613,37.0,37.0,16.406131744384766,16.406131744384766
52,182,182,49.678616,36.0,36.0,13.67861557006836,13.67861557006836
52,183,183,47.380764,35.0,35.0,12.38076400756836,12.38076400756836
52,184,184,43.48868,34.0,34.0,9.48868179321289,9.48868179321289
52,185,185,42.97588,33.0,33.0,9.975879669189453,9.975879669189453
52,186,186,47.983902,32.0,32.0,15.983901977539062,15.983901977539062
52,187,187,47.934406,31.0,31.0,16.934406280517578,16.934406280517578
52,188,188,46.63928,30.0,30.0,16.639278411865234,16.639278411865234
52,189,189,42.79099,29.0,29.0,13.79098892211914,13.79098892211914
53,1,1,123.57791,189.0,125.0,-1.422088623046875,1.422088623046875
53,2,2,123.65019,188.0,125.0,-1.3498077392578125,1.3498077392578125
53,3,3,123.8784,187.0,125.0,-1.1215972900390625,1.1215972900390625
53,4,4,122.826645,186.0,125.0,-2.1733551025390625,2.1733551025390625
53,5,5,122.2943,185.0,125.0,-2.7057037353515625,2.7057037353515625
53,6,6,121.58964,184.0,125.0,-3.4103622436523438,3.4103622436523438
53,7,7,122.132904,183.0,125.0,-2.867095947265625,2.867095947265625
53,8,8,121.1682,182.0,125.0,-3.8318023681640625,3.8318023681640625
53,9,9,122.055435,181.0,125.0,-2.9445648193359375,2.9445648193359375
53,10,10,120.81692,180.0,125.0,-4.183082580566406,4.183082580566406
53,11,11,121.55687,179.0,125.0,-3.4431304931640625,3.4431304931640625
53,12,12,121.703476,178.0,125.0,-3.2965240478515625,3.2965240478515625
53,13,13,121.03656,177.0,125.0,-3.96343994140625,3.96343994140625
53,14,14,122.55633,176.0,125.0,-2.4436721801757812,2.4436721801757812
53,15,15,122.16445,175.0,125.0,-2.8355484008789062,2.8355484008789062
53,16,16,121.30707,174.0,125.0,-3.69293212890625,3.69293212890625
53,17,17,121.041374,173.0,125.0,-3.9586257934570312,3.9586257934570312
53,18,18,121.14375,172.0,125.0,-3.8562469482421875,3.8562469482421875
53,19,19,120.4371,171.0,125.0,-4.562896728515625,4.562896728515625
53,20,20,121.83424,170.0,125.0,-3.1657562255859375,3.1657562255859375
53,21,21,121.73775,169.0,125.0,-3.2622528076171875,3.2622528076171875
53,22,22,122.43326,168.0,125.0,-2.566741943359375,2.566741943359375
53,23,23,121.73336,167.0,125.0,-3.2666397094726562,3.2666397094726562
53,24,24,121.32859,166.0,125.0,-3.6714096069335938,3.6714096069335938
53,25,25,120.19626,165.0,125.0,-4.803741455078125,4.803741455078125
53,26,26,121.80518,164.0,125.0,-3.1948165893554688,3.1948165893554688
53,27,27,122.2522,163.0,125.0,-2.747802734375,2.747802734375
53,28,28,121.11099,162.0,125.0,-3.889007568359375,3.889007568359375
53,29,29,120.94356,161.0,125.0,-4.0564422607421875,4.0564422607421875
53,30,30,120.697586,160.0,125.0,-4.3024139404296875,4.3024139404296875
53,31,31,120.74832,159.0,125.0,-4.251678466796875,4.251678466796875
53,32,32,122.469696,158.0,125.0,-2.530303955078125,2.530303955078125
53,33,33,122.90656,157.0,125.0,-2.0934371948242188,2.0934371948242188
53,34,34,121.39883,156.0,125.0,-3.6011734008789062,3.6011734008789062
53,35,35,122.14172,155.0,125.0,-2.8582763671875,2.8582763671875
53,36,36,122.51169,154.0,125.0,-2.488311767578125,2.488311767578125
53,37,37,121.3582,153.0,125.0,-3.6417999267578125,3.6417999267578125
53,38,38,119.97835,152.0,125.0,-5.0216522216796875,5.0216522216796875
53,39,39,122.236465,151.0,125.0,-2.7635345458984375,2.7635345458984375
53,40,40,121.62073,150.0,125.0,-3.3792724609375,3.3792724609375
53,41,41,120.22142,149.0,125.0,-4.7785797119140625,4.7785797119140625
53,42,42,120.828514,148.0,125.0,-4.171485900878906,4.171485900878906
53,43,43,118.3831,147.0,125.0,-6.6168975830078125,6.6168975830078125
53,44,44,120.569176,146.0,125.0,-4.430824279785156,4.430824279785156
53,45,45,122.554245,145.0,125.0,-2.4457550048828125,2.4457550048828125
53,46,46,122.62952,144.0,125.0,-2.3704833984375,2.3704833984375
53,47,47,121.817245,143.0,125.0,-3.1827545166015625,3.1827545166015625
53,48,48,122.127335,142.0,125.0,-2.8726654052734375,2.8726654052734375
53,49,49,121.20609,141.0,125.0,-3.7939071655273438,3.7939071655273438
53,50,50,120.789276,140.0,125.0,-4.210723876953125,4.210723876953125
53,51,51,118.386154,139.0,125.0,-6.6138458251953125,6.6138458251953125
53,52,52,117.70406,138.0,125.0,-7.295936584472656,7.295936584472656
53,53,53,113.1911,137.0,125.0,-11.80889892578125,11.80889892578125
53,54,54,107.40985,136.0,125.0,-17.59014892578125,17.59014892578125
53,55,55,103.20457,135.0,125.0,-21.795433044433594,21.795433044433594
53,56,56,105.4719,134.0,125.0,-19.528099060058594,19.528099060058594
53,57,57,112.304985,133.0,125.0,-12.695014953613281,12.695014953613281
53,58,58,110.0654,132.0,125.0,-14.934600830078125,14.934600830078125
53,59,59,110.47718,131.0,125.0,-14.522819519042969,14.522819519042969
53,60,60,111.04967,130.0,125.0,-13.950332641601562,13.950332641601562
53,61,61,112.78158,129.0,125.0,-12.218421936035156,12.218421936035156
53,62,62,114.57994,128.0,125.0,-10.420059204101562,10.420059204101562
53,63,63,112.823364,127.0,125.0,-12.1766357421875,12.1766357421875
53,64,64,112.503105,126.0,125.0,-12.496894836425781,12.496894836425781
53,65,65,109.07034,125.0,125.0,-15.929656982421875,15.929656982421875
53,66,66,107.03741,124.0,124.0,-16.96259307861328,16.96259307861328
53,67,67,105.60068,123.0,123.0,-17.399322509765625,17.399322509765625
53,68,68,102.78437,122.0,122.0,-19.21562957763672,19.21562957763672
53,69,69,109.25017,121.0,121.0,-11.749832153320312,11.749832153320312
53,70,70,111.753105,120.0,120.0,-8.246894836425781,8.246894836425781
53,71,71,110.56946,119.0,119.0,-8.4305419921875,8.4305419921875
53,72,72,107.69986,118.0,118.0,-10.300140380859375,10.300140380859375
53,73,73,101.05507,117.0,117.0,-15.944931030273438,15.944931030273438
53,74,74,97.763,116.0,116.0,-18.23699951171875,18.23699951171875
53,75,75,100.36937,115.0,115.0,-14.630630493164062,14.630630493164062
53,76,76,108.06731,114.0,114.0,-5.9326934814453125,5.9326934814453125
53,77,77,107.21797,113.0,113.0,-5.7820281982421875,5.7820281982421875
53,78,78,111.03456,112.0,112.0,-0.9654388427734375,0.9654388427734375
53,79,79,111.882126,111.0,111.0,0.8821258544921875,0.8821258544921875
53,80,80,112.12024,110.0,110.0,2.1202392578125,2.1202392578125
53,81,81,114.011086,109.0,109.0,5.011085510253906,5.011085510253906
53,82,82,117.40874,108.0,108.0,9.408737182617188,9.408737182617188
53,83,83,116.433685,107.0,107.0,9.433685302734375,9.433685302734375
53,84,84,116.082184,106.0,106.0,10.082183837890625,10.082183837890625
53,85,85,118.18216,105.0,105.0,13.182159423828125,13.182159423828125
53,86,86,117.22229,104.0,104.0,13.2222900390625,13.2222900390625
53,87,87,118.470535,103.0,103.0,15.470535278320312,15.470535278320312
53,88,88,118.906265,102.0,102.0,16.906265258789062,16.906265258789062
53,89,89,120.111404,101.0,101.0,19.111404418945312,19.111404418945312
53,90,90,118.515495,100.0,100.0,18.51549530029297,18.51549530029297
53,91,91,119.20928,99.0,99.0,20.20928192138672,20.20928192138672
53,92,92,116.31987,98.0,98.0,18.319869995117188,18.319869995117188
53,93,93,113.62231,97.0,97.0,16.62230682373047,16.62230682373047
53,94,94,113.94046,96.0,96.0,17.940460205078125,17.940460205078125
53,95,95,111.0698,95.0,95.0,16.069801330566406,16.069801330566406
53,96,96,109.62547,94.0,94.0,15.625473022460938,15.625473022460938
53,97,97,110.42839,93.0,93.0,17.428390502929688,17.428390502929688
53,98,98,108.82199,92.0,92.0,16.821990966796875,16.821990966796875
53,99,99,113.66739,91.0,91.0,22.667388916015625,22.667388916015625
53,100,100,116.43976,90.0,90.0,26.43975830078125,26.43975830078125
53,101,101,120.12651,89.0,89.0,31.126510620117188,31.126510620117188
53,102,102,114.96657,88.0,88.0,26.966567993164062,26.966567993164062
53,103,103,111.03731,87.0,87.0,24.037307739257812,24.037307739257812
53,104,104,111.28416,86.0,86.0,25.284156799316406,25.284156799316406
53,105,105,111.14757,85.0,85.0,26.147567749023438,26.147567749023438
53,106,106,111.98399,84.0,84.0,27.983993530273438,27.983993530273438
53,107,107,106.6129,83.0,83.0,23.612899780273438,23.612899780273438
53,108,108,106.51056,82.0,82.0,24.51055908203125,24.51055908203125
53,109,109,104.471664,81.0,81.0,23.471664428710938,23.471664428710938
53,110,110,101.20749,80.0,80.0,21.207489013671875,21.207489013671875
53,111,111,106.58612,79.0,79.0,27.58612060546875,27.58612060546875
53,112,112,111.52723,78.0,78.0,33.52722930908203,33.52722930908203
53,113,113,107.13664,77.0,77.0,30.136642456054688,30.136642456054688
53,114,114,101.927475,76.0,76.0,25.927474975585938,25.927474975585938
53,115,115,95.04275,75.0,75.0,20.042747497558594,20.042747497558594
53,116,116,93.853455,74.0,74.0,19.85345458984375,19.85345458984375
53,117,117,98.056206,73.0,73.0,25.05620574951172,25.05620574951172
53,118,118,83.0621,72.0,72.0,11.062103271484375,11.062103271484375
53,119,119,76.76055,71.0,71.0,5.760551452636719,5.760551452636719
53,120,120,66.579254,70.0,70.0,-3.420745849609375,3.420745849609375
53,121,121,68.03992,69.0,69.0,-0.9600830078125,0.9600830078125
53,122,122,67.94935,68.0,68.0,-0.05065155029296875,0.05065155029296875
53,123,123,69.82546,67.0,67.0,2.8254623413085938,2.8254623413085938
53,124,124,69.80449,66.0,66.0,3.8044891357421875,3.8044891357421875
53,125,125,70.03021,65.0,65.0,5.03021240234375,5.03021240234375
53,126,126,69.60622,64.0,64.0,5.6062164306640625,5.6062164306640625
53,127,127,64.21567,63.0,63.0,1.215667724609375,1.215667724609375
53,128,128,62.754185,62.0,62.0,0.7541847229003906,0.7541847229003906
53,129,129,65.79987,61.0,61.0,4.799873352050781,4.799873352050781
53,130,130,68.17228,60.0,60.0,8.172279357910156,8.172279357910156
53,131,131,75.43999,59.0,59.0,16.439987182617188,16.439987182617188
53,132,132,72.11953,58.0,58.0,14.119529724121094,14.119529724121094
53,133,133,69.51892,57.0,57.0,12.5189208984375,12.5189208984375
53,134,134,68.79845,56.0,56.0,12.798446655273438,12.798446655273438
53,135,135,67.78767,55.0,55.0,12.787666320800781,12.787666320800781
53,136,136,68.354515,54.0,54.0,14.354515075683594,14.354515075683594
53,137,137,69.81561,53.0,53.0,16.81561279296875,16.81561279296875
53,138,138,68.89956,52.0,52.0,16.899559020996094,16.899559020996094
53,139,139,68.78742,51.0,51.0,17.78742218017578,17.78742218017578
53,140,140,77.39615,50.0,50.0,27.396148681640625,27.396148681640625
53,141,141,71.78504,49.0,49.0,22.78504180908203,22.78504180908203
53,142,142,71.83247,48.0,48.0,23.832473754882812,23.832473754882812
53,143,143,67.535286,47.0,47.0,20.53528594970703,20.53528594970703
53,144,144,67.47814,46.0,46.0,21.47814178466797,21.47814178466797
53,145,145,60.51778,45.0,45.0,15.517780303955078,15.517780303955078
53,146,146,60.593643,44.0,44.0,16.593643188476562,16.593643188476562
53,147,147,58.152847,43.0,43.0,15.152847290039062,15.152847290039062
53,148,148,56.337322,42.0,42.0,14.337322235107422,14.337322235107422
53,149,149,54.49129,41.0,41.0,13.491291046142578,13.491291046142578
53,150,150,43.83197,40.0,40.0,3.83197021484375,3.83197021484375
53,151,151,42.33688,39.0,39.0,3.3368797302246094,3.3368797302246094
53,152,152,45.908047,38.0,38.0,7.908046722412109,7.908046722412109
53,153,153,50.980854,37.0,37.0,13.980854034423828,13.980854034423828
53,154,154,50.305485,36.0,36.0,14.305484771728516,14.305484771728516
53,155,155,48.567394,35.0,35.0,13.567394256591797,13.567394256591797
53,156,156,47.636593,34.0,34.0,13.636592864990234,13.636592864990234
53,157,157,41.997166,33.0,33.0,8.99716567993164,8.99716567993164
53,158,158,38.730797,32.0,32.0,6.730796813964844,6.730796813964844
53,159,159,37.18413,31.0,31.0,6.184131622314453,6.184131622314453
53,160,160,36.984985,30.0,30.0,6.9849853515625,6.9849853515625
53,161,161,36.32263,29.0,29.0,7.3226318359375,7.3226318359375
53,162,162,34.09448,28.0,28.0,6.094478607177734,6.094478607177734
53,163,163,34.4713,27.0,27.0,7.4712982177734375,7.4712982177734375
53,164,164,32.745132,26.0,26.0,6.7451324462890625,6.7451324462890625
54,1,1,123.68296,217.0,125.0,-1.3170394897460938,1.3170394897460938
54,2,2,123.95379,216.0,125.0,-1.0462112426757812,1.0462112426757812
54,3,3,123.81897,215.0,125.0,-1.1810302734375,1.1810302734375
54,4,4,123.91959,214.0,125.0,-1.0804061889648438,1.0804061889648438
54,5,5,123.91149,213.0,125.0,-1.0885086059570312,1.0885086059570312
54,6,6,123.9998,212.0,125.0,-1.0001983642578125,1.0001983642578125
54,7,7,123.940094,211.0,125.0,-1.059906005859375,1.059906005859375
54,8,8,124.09165,210.0,125.0,-0.9083480834960938,0.9083480834960938
54,9,9,123.99638,209.0,125.0,-1.0036163330078125,1.0036163330078125
54,10,10,124.17725,208.0,125.0,-0.8227462768554688,0.8227462768554688
54,11,11,124.07266,207.0,125.0,-0.927337646484375,0.927337646484375
54,12,12,124.084694,206.0,125.0,-0.9153060913085938,0.9153060913085938
54,13,13,124.170815,205.0,125.0,-0.8291854858398438,0.8291854858398438
54,14,14,124.00951,204.0,125.0,-0.9904937744140625,0.9904937744140625
54,15,15,124.200294,203.0,125.0,-0.7997055053710938,0.7997055053710938
54,16,16,124.26051,202.0,125.0,-0.7394866943359375,0.7394866943359375
54,17,17,124.224075,201.0,125.0,-0.7759246826171875,0.7759246826171875
54,18,18,124.222565,200.0,125.0,-0.777435302734375,0.777435302734375
54,19,19,124.18173,199.0,125.0,-0.818267822265625,0.818267822265625
54,20,20,124.21532,198.0,125.0,-0.7846832275390625,0.7846832275390625
54,21,21,124.038055,197.0,125.0,-0.961944580078125,0.961944580078125
54,22,22,123.85635,196.0,125.0,-1.143646240234375,1.143646240234375
54,23,23,124.01863,195.0,125.0,-0.9813690185546875,0.9813690185546875
54,24,24,124.13103,194.0,125.0,-0.8689727783203125,0.8689727783203125
54,25,25,123.93886,193.0,125.0,-1.0611419677734375,1.0611419677734375
54,26,26,124.12767,192.0,125.0,-0.8723297119140625,0.8723297119140625
54,27,27,124.006516,191.0,125.0,-0.9934844970703125,0.9934844970703125
54,28,28,123.97043,190.0,125.0,-1.029571533203125,1.029571533203125
54,29,29,123.74765,189.0,125.0,-1.252349853515625,1.252349853515625
54,30,30,123.719734,188.0,125.0,-1.2802658081054688,1.2802658081054688
54,31,31,123.90279,187.0,125.0,-1.0972137451171875,1.0972137451171875
54,32,32,123.579,186.0,125.0,-1.4209976196289062,1.4209976196289062
54,33,33,123.35214,185.0,125.0,-1.647857666015625,1.647857666015625
54,34,34,124.106125,184.0,125.0,-0.8938751220703125,0.8938751220703125
54,35,35,124.01387,183.0,125.0,-0.9861297607421875,0.9861297607421875
54,36,36,123.44667,182.0,125.0,-1.5533294677734375,1.5533294677734375
54,37,37,123.72357,181.0,125.0,-1.27642822265625,1.27642822265625
54,38,38,123.74957,180.0,125.0,-1.25042724609375,1.25042724609375
54,39,39,123.75891,179.0,125.0,-1.2410888671875,1.2410888671875
54,40,40,123.41906,178.0,125.0,-1.5809402465820312,1.5809402465820312
54,41,41,123.97532,177.0,125.0,-1.0246810913085938,1.0246810913085938
54,42,42,123.81645,176.0,125.0,-1.1835479736328125,1.1835479736328125
54,43,43,124.09169,175.0,125.0,-0.9083099365234375,0.9083099365234375
54,44,44,123.968155,174.0,125.0,-1.0318450927734375,1.0318450927734375
54,45,45,123.90747,173.0,125.0,-1.092529296875,1.092529296875
54,46,46,124.12257,172.0,125.0,-0.8774337768554688,0.8774337768554688
54,47,47,124.0648,171.0,125.0,-0.9352035522460938,0.9352035522460938
54,48,48,123.93529,170.0,125.0,-1.0647125244140625,1.0647125244140625
54,49,49,123.57955,169.0,125.0,-1.4204483032226562,1.4204483032226562
54,50,50,123.22614,168.0,125.0,-1.7738571166992188,1.7738571166992188
54,51,51,123.88748,167.0,125.0,-1.112518310546875,1.112518310546875
54,52,52,123.66177,166.0,125.0,-1.338226318359375,1.338226318359375
54,53,53,123.58652,165.0,125.0,-1.413482666015625,1.413482666015625
54,54,54,123.4098,164.0,125.0,-1.5902023315429688,1.5902023315429688
54,55,55,123.79196,163.0,125.0,-1.208038330078125,1.208038330078125
54,56,56,123.594284,162.0,125.0,-1.4057159423828125,1.4057159423828125
54,57,57,123.92847,161.0,125.0,-1.071533203125,1.071533203125
54,58,58,123.60579,160.0,125.0,-1.3942108154296875,1.3942108154296875
54,59,59,123.856766,159.0,125.0,-1.1432342529296875,1.1432342529296875
54,60,60,123.58238,158.0,125.0,-1.4176177978515625,1.4176177978515625
54,61,61,123.64667,157.0,125.0,-1.35333251953125,1.35333251953125
54,62,62,123.94499,156.0,125.0,-1.0550079345703125,1.0550079345703125
54,63,63,123.55869,155.0,125.0,-1.4413070678710938,1.4413070678710938
54,64,64,123.692856,154.0,125.0,-1.3071441650390625,1.3071441650390625
54,65,65,123.91661,153.0,125.0,-1.0833892822265625,1.0833892822265625
54,66,66,123.565384,152.0,125.0,-1.4346160888671875,1.4346160888671875
54,67,67,124.10085,151.0,125.0,-0.8991470336914062,0.8991470336914062
54,68,68,124.09547,150.0,125.0,-0.9045333862304688,0.9045333862304688
54,69,69,123.73721,149.0,125.0,-1.262786865234375,1.262786865234375
54,70,70,123.843735,148.0,125.0,-1.1562652587890625,1.1562652587890625
54,71,71,123.53597,147.0,125.0,-1.4640274047851562,1.4640274047851562
54,72,72,123.39053,146.0,125.0,-1.609466552734375,1.609466552734375
54,73,73,123.51633,145.0,125.0,-1.483673095703125,1.483673095703125
54,74,74,123.647964,144.0,125.0,-1.3520355224609375,1.3520355224609375
54,75,75,123.473274,143.0,125.0,-1.5267257690429688,1.5267257690429688
54,76,76,123.745636,142.0,125.0,-1.254364013671875,1.254364013671875
54,77,77,123.633446,141.0,125.0,-1.3665542602539062,1.3665542602539062
54,78,78,123.445114,140.0,125.0,-1.5548858642578125,1.5548858642578125
54,79,79,123.63439,139.0,125.0,-1.3656082153320312,1.3656082153320312
54,80,80,123.65273,138.0,125.0,-1.3472671508789062,1.3472671508789062
54,81,81,124.13972,137.0,125.0,-0.8602828979492188,0.8602828979492188
54,82,82,124.09987,136.0,125.0,-0.9001312255859375,0.9001312255859375
54,83,83,124.024574,135.0,125.0,-0.9754257202148438,0.9754257202148438
54,84,84,123.801956,134.0,125.0,-1.1980438232421875,1.1980438232421875
54,85,85,123.38516,133.0,125.0,-1.614837646484375,1.614837646484375
54,86,86,123.37198,132.0,125.0,-1.628021240234375,1.628021240234375
54,87,87,123.503914,131.0,125.0,-1.4960861206054688,1.4960861206054688
54,88,88,123.8635,130.0,125.0,-1.1364974975585938,1.1364974975585938
54,89,89,123.53299,129.0,125.0,-1.467010498046875,1.467010498046875
54,90,90,123.69095,128.0,125.0,-1.309051513671875,1.309051513671875
54,91,91,123.44264,127.0,125.0,-1.5573577880859375,1.5573577880859375
54,92,92,122.94232,126.0,125.0,-2.05767822265625,2.05767822265625
54,93,93,123.14766,125.0,125.0,-1.8523406982421875,1.8523406982421875
54,94,94,123.30963,124.0,124.0,-0.69036865234375,0.69036865234375
54,95,95,123.336044,123.0,123.0,0.3360443115234375,0.3360443115234375
54,96,96,123.29585,122.0,122.0,1.2958526611328125,1.2958526611328125
54,97,97,123.47518,121.0,121.0,2.4751815795898438,2.4751815795898438
54,98,98,123.74188,120.0,120.0,3.74188232421875,3.74188232421875
54,99,99,123.19014,119.0,119.0,4.1901397705078125,4.1901397705078125
54,100,100,122.910255,118.0,118.0,4.910255432128906,4.910255432128906
54,101,101,122.47811,117.0,117.0,5.478111267089844,5.478111267089844
54,102,102,122.44485,116.0,116.0,6.444847106933594,6.444847106933594
54,103,103,121.4574,115.0,115.0,6.4573974609375,6.4573974609375
54,104,104,120.88483,114.0,114.0,6.88482666015625,6.88482666015625
54,105,105,122.40782,113.0,113.0,9.407821655273438,9.407821655273438
54,106,106,120.94177,112.0,112.0,8.9417724609375,8.9417724609375
54,107,107,121.201485,111.0,111.0,10.201484680175781,10.201484680175781
54,108,108,121.01723,110.0,110.0,11.017227172851562,11.017227172851562
54,109,109,120.605545,109.0,109.0,11.605545043945312,11.605545043945312
54,110,110,117.91922,108.0,108.0,9.919219970703125,9.919219970703125
54,111,111,117.87348,107.0,107.0,10.873481750488281,10.873481750488281
54,112,112,118.758484,106.0,106.0,12.75848388671875,12.75848388671875
54,113,113,119.26635,105.0,105.0,14.266349792480469,14.266349792480469
54,114,114,121.1373,104.0,104.0,17.137298583984375,17.137298583984375
54,115,115,120.908134,103.0,103.0,17.90813446044922,17.90813446044922
54,116,116,121.58182,102.0,102.0,19.581817626953125,19.581817626953125
54,117,117,120.31033,101.0,101.0,19.310333251953125,19.310333251953125
54,118,118,119.23321,100.0,100.0,19.23320770263672,19.23320770263672
54,119,119,118.64418,99.0,99.0,19.644180297851562,19.644180297851562
54,120,120,120.19841,98.0,98.0,22.198410034179688,22.198410034179688
54,121,121,120.92749,97.0,97.0,23.927490234375,23.927490234375
55,1,1,121.247475,249.0,125.0,-3.7525253295898438,3.7525253295898438
55,2,2,121.07315,248.0,125.0,-3.926849365234375,3.926849365234375
55,3,3,123.36463,247.0,125.0,-1.6353683471679688,1.6353683471679688
55,4,4,123.94188,246.0,125.0,-1.0581207275390625,1.0581207275390625
55,5,5,124.36624,245.0,125.0,-0.633758544921875,0.633758544921875
55,6,6,124.765045,244.0,125.0,-0.234954833984375,0.234954833984375
55,7,7,124.728615,243.0,125.0,-0.27138519287109375,0.27138519287109375
55,8,8,124.57064,242.0,125.0,-0.42935943603515625,0.42935943603515625
55,9,9,124.55363,241.0,125.0,-0.44637298583984375,0.44637298583984375
55,10,10,124.37865,240.0,125.0,-0.6213531494140625,0.6213531494140625
55,11,11,124.87894,239.0,125.0,-0.121063232421875,0.121063232421875
55,12,12,124.49484,238.0,125.0,-0.505157470703125,0.505157470703125
55,13,13,124.43291,237.0,125.0,-0.5670928955078125,0.5670928955078125
55,14,14,124.26001,236.0,125.0,-0.739990234375,0.739990234375
55,15,15,123.97168,235.0,125.0,-1.0283203125,1.0283203125
55,16,16,124.475296,234.0,125.0,-0.5247039794921875,0.5247039794921875
55,17,17,124.50421,233.0,125.0,-0.49578857421875,0.49578857421875
55,18,18,123.86724,232.0,125.0,-1.1327590942382812,1.1327590942382812
55,19,19,123.607086,231.0,125.0,-1.392913818359375,1.392913818359375
55,20,20,123.34143,230.0,125.0,-1.6585693359375,1.6585693359375
55,21,21,124.1647,229.0,125.0,-0.835296630859375,0.835296630859375
55,22,22,124.58272,228.0,125.0,-0.4172821044921875,0.4172821044921875
55,23,23,123.85668,227.0,125.0,-1.1433181762695312,1.1433181762695312
55,24,24,124.314606,226.0,125.0,-0.685394287109375,0.685394287109375
55,25,25,124.170654,225.0,125.0,-0.829345703125,0.829345703125
55,26,26,124.19852,224.0,125.0,-0.801483154296875,0.801483154296875
55,27,27,123.90988,223.0,125.0,-1.090118408203125,1.090118408203125
55,28,28,122.527725,222.0,125.0,-2.4722747802734375,2.4722747802734375
55,29,29,122.851944,221.0,125.0,-2.1480560302734375,2.1480560302734375
55,30,30,121.86755,220.0,125.0,-3.1324462890625,3.1324462890625
55,31,31,121.152306,219.0,125.0,-3.8476943969726562,3.8476943969726562
55,32,32,120.56164,218.0,125.0,-4.438362121582031,4.438362121582031
55,33,33,119.72943,217.0,125.0,-5.27056884765625,5.27056884765625
55,34,34,120.3165,216.0,125.0,-4.683502197265625,4.683502197265625
55,35,35,120.71939,215.0,125.0,-4.280609130859375,4.280609130859375
55,36,36,120.42959,214.0,125.0,-4.570411682128906,4.570411682128906
55,37,37,121.99387,213.0,125.0,-3.0061264038085938,3.0061264038085938
55,38,38,120.26524,212.0,125.0,-4.7347564697265625,4.7347564697265625
55,39,39,116.85038,211.0,125.0,-8.149620056152344,8.149620056152344
55,40,40,114.3835,210.0,125.0,-10.616500854492188,10.616500854492188
55,41,41,114.064026,209.0,125.0,-10.93597412109375,10.93597412109375
55,42,42,115.56234,208.0,125.0,-9.437660217285156,9.437660217285156
55,43,43,114.61119,207.0,125.0,-10.388809204101562,10.388809204101562
55,44,44,115.73755,206.0,125.0,-9.262451171875,9.262451171875
55,45,45,118.40839,205.0,125.0,-6.59161376953125,6.59161376953125
55,46,46,118.65234,204.0,125.0,-6.34765625,6.34765625
55,47,47,115.586365,203.0,125.0,-9.41363525390625,9.41363525390625
55,48,48,113.59973,202.0,125.0,-11.4002685546875,11.4002685546875
55,49,49,114.79271,201.0,125.0,-10.207290649414062,10.207290649414062
55,50,50,116.79292,200.0,125.0,-8.207077026367188,8.207077026367188
55,51,51,118.92244,199.0,125.0,-6.0775604248046875,6.0775604248046875
55,52,52,118.393135,198.0,125.0,-6.606864929199219,6.606864929199219
55,53,53,116.82245,197.0,125.0,-8.17755126953125,8.17755126953125
55,54,54,117.6078,196.0,125.0,-7.3921966552734375,7.3921966552734375
55,55,55,117.479225,195.0,125.0,-7.520774841308594,7.520774841308594
55,56,56,117.73573,194.0,125.0,-7.2642669677734375,7.2642669677734375
55,57,57,117.92835,193.0,125.0,-7.071647644042969,7.071647644042969
55,58,58,116.15228,192.0,125.0,-8.84771728515625,8.84771728515625
55,59,59,118.64638,191.0,125.0,-6.3536224365234375,6.3536224365234375
55,60,60,118.89577,190.0,125.0,-6.1042327880859375,6.1042327880859375
55,61,61,116.83142,189.0,125.0,-8.1685791015625,8.1685791015625
55,62,62,118.636185,188.0,125.0,-6.3638153076171875,6.3638153076171875
55,63,63,119.25784,187.0,125.0,-5.742156982421875,5.742156982421875
55,64,64,121.74608,186.0,125.0,-3.2539215087890625,3.2539215087890625
55,65,65,121.732315,185.0,125.0,-3.2676849365234375,3.2676849365234375
55,66,66,120.909966,184.0,125.0,-4.090034484863281,4.090034484863281
55,67,67,122.45547,183.0,125.0,-2.5445327758789062,2.5445327758789062
55,68,68,122.011345,182.0,125.0,-2.9886550903320312,2.9886550903320312
55,69,69,119.695335,181.0,125.0,-5.304664611816406,5.304664611816406
55,70,70,117.7124,180.0,125.0,-7.28759765625,7.28759765625
55,71,71,112.53165,179.0,125.0,-12.468353271484375,12.468353271484375
55,72,72,108.71355,178.0,125.0,-16.286453247070312,16.286453247070312
55,73,73,108.93824,177.0,125.0,-16.06175994873047,16.06175994873047
55,74,74,110.46626,176.0,125.0,-14.533737182617188,14.533737182617188
55,75,75,108.845764,175.0,125.0,-16.15423583984375,16.15423583984375
55,76,76,104.00575,174.0,125.0,-20.994247436523438,20.994247436523438
55,77,77,101.0888,173.0,125.0,-23.91120147705078,23.91120147705078
55,78,78,104.91452,172.0,125.0,-20.085479736328125,20.085479736328125
55,79,79,113.454926,171.0,125.0,-11.545074462890625,11.545074462890625
55,80,80,118.23891,170.0,125.0,-6.7610931396484375,6.7610931396484375
55,81,81,117.90085,169.0,125.0,-7.099151611328125,7.099151611328125
55,82,82,115.40187,168.0,125.0,-9.598129272460938,9.598129272460938
55,83,83,114.423874,167.0,125.0,-10.576126098632812,10.576126098632812
55,84,84,113.627,166.0,125.0,-11.373001098632812,11.373001098632812
55,85,85,115.26866,165.0,125.0,-9.731338500976562,9.731338500976562
55,86,86,117.94178,164.0,125.0,-7.058219909667969,7.058219909667969
55,87,87,116.479065,163.0,125.0,-8.52093505859375,8.52093505859375
55,88,88,116.213135,162.0,125.0,-8.786865234375,8.786865234375
55,89,89,116.352905,161.0,125.0,-8.6470947265625,8.6470947265625
55,90,90,116.226105,160.0,125.0,-8.773895263671875,8.773895263671875
55,91,91,115.001785,159.0,125.0,-9.998214721679688,9.998214721679688
55,92,92,108.83725,158.0,125.0,-16.162750244140625,16.162750244140625
55,93,93,109.0011,157.0,125.0,-15.9989013671875,15.9989013671875
55,94,94,115.70247,156.0,125.0,-9.297531127929688,9.297531127929688
55,95,95,117.48354,155.0,125.0,-7.516456604003906,7.516456604003906
55,96,96,119.65389,154.0,125.0,-5.346107482910156,5.346107482910156
55,97,97,118.88663,153.0,125.0,-6.113372802734375,6.113372802734375
55,98,98,121.90609,152.0,125.0,-3.0939102172851562,3.0939102172851562
55,99,99,121.35141,151.0,125.0,-3.648590087890625,3.648590087890625
55,100,100,123.297134,150.0,125.0,-1.7028656005859375,1.7028656005859375
55,101,101,121.56665,149.0,125.0,-3.433349609375,3.433349609375
55,102,102,116.62183,148.0,125.0,-8.378166198730469,8.378166198730469
55,103,103,113.75763,147.0,125.0,-11.24237060546875,11.24237060546875
55,104,104,118.28546,146.0,125.0,-6.71453857421875,6.71453857421875
55,105,105,113.15198,145.0,125.0,-11.8480224609375,11.8480224609375
55,106,106,112.33846,144.0,125.0,-12.661537170410156,12.661537170410156
55,107,107,109.58423,143.0,125.0,-15.415771484375,15.415771484375
55,108,108,116.14177,142.0,125.0,-8.858230590820312,8.858230590820312
55,109,109,119.86591,141.0,125.0,-5.134086608886719,5.134086608886719
55,110,110,118.13396,140.0,125.0,-6.8660430908203125,6.8660430908203125
55,111,111,117.312,139.0,125.0,-7.6880035400390625,7.6880035400390625
55,112,112,114.549034,138.0,125.0,-10.450965881347656,10.450965881347656
55,113,113,114.45015,137.0,125.0,-10.549850463867188,10.549850463867188
56,1,1,112.42728,150.0,125.0,-12.572723388671875,12.572723388671875
56,2,2,112.58216,149.0,125.0,-12.417839050292969,12.417839050292969
56,3,3,112.63503,148.0,125.0,-12.364967346191406,12.364967346191406
56,4,4,111.69652,147.0,125.0,-13.303482055664062,13.303482055664062
56,5,5,110.65001,146.0,125.0,-14.349990844726562,14.349990844726562
56,6,6,111.250114,145.0,125.0,-13.749885559082031,13.749885559082031
56,7,7,111.91906,144.0,125.0,-13.080940246582031,13.080940246582031
56,8,8,112.053635,143.0,125.0,-12.946365356445312,12.946365356445312
56,9,9,112.83743,142.0,125.0,-12.162567138671875,12.162567138671875
56,10,10,112.503426,141.0,125.0,-12.496574401855469,12.496574401855469
56,11,11,112.65454,140.0,125.0,-12.345458984375,12.345458984375
56,12,12,112.225204,139.0,125.0,-12.774795532226562,12.774795532226562
56,13,13,112.53733,138.0,125.0,-12.462669372558594,12.462669372558594
56,14,14,112.39249,137.0,125.0,-12.607513427734375,12.607513427734375
56,15,15,112.31915,136.0,125.0,-12.68084716796875,12.68084716796875
56,16,16,112.20384,135.0,125.0,-12.796157836914062,12.796157836914062
56,17,17,112.4547,134.0,125.0,-12.545303344726562,12.545303344726562
56,18,18,111.96517,133.0,125.0,-13.034828186035156,13.034828186035156
56,19,19,111.790985,132.0,125.0,-13.209014892578125,13.209014892578125
56,20,20,112.10238,131.0,125.0,-12.897621154785156,12.897621154785156
56,21,21,112.08415,130.0,125.0,-12.915847778320312,12.915847778320312
56,22,22,112.57963,129.0,125.0,-12.420372009277344,12.420372009277344
56,23,23,112.93758,128.0,125.0,-12.062423706054688,12.062423706054688
56,24,24,113.02845,127.0,125.0,-11.971549987792969,11.971549987792969
56,25,25,113.153694,126.0,125.0,-11.846305847167969,11.846305847167969
56,26,26,112.95983,125.0,125.0,-12.040168762207031,12.040168762207031
56,27,27,113.162895,124.0,124.0,-10.837104797363281,10.837104797363281
56,28,28,113.187096,123.0,123.0,-9.812904357910156,9.812904357910156
56,29,29,113.2012,122.0,122.0,-8.798797607421875,8.798797607421875
56,30,30,113.235,121.0,121.0,-7.7649993896484375,7.7649993896484375
56,31,31,113.22165,120.0,120.0,-6.778350830078125,6.778350830078125
56,32,32,113.519325,119.0,119.0,-5.480674743652344,5.480674743652344
56,33,33,113.48992,118.0,118.0,-4.510078430175781,4.510078430175781
56,34,34,112.331245,117.0,117.0,-4.668754577636719,4.668754577636719
56,35,35,110.30807,116.0,116.0,-5.691932678222656,5.691932678222656
56,36,36,110.73398,115.0,115.0,-4.266021728515625,4.266021728515625
56,37,37,111.9449,114.0,114.0,-2.0550994873046875,2.0550994873046875
56,38,38,111.42746,113.0,113.0,-1.572540283203125,1.572540283203125
56,39,39,112.22124,112.0,112.0,0.2212371826171875,0.2212371826171875
56,40,40,107.60228,111.0,111.0,-3.3977203369140625,3.3977203369140625
56,41,41,106.25702,110.0,110.0,-3.74298095703125,3.74298095703125
56,42,42,102.0939,109.0,109.0,-6.906097412109375,6.906097412109375
56,43,43,107.390434,108.0,108.0,-0.6095657348632812,0.6095657348632812
56,44,44,102.589294,107.0,107.0,-4.41070556640625,4.41070556640625
56,45,45,107.28444,106.0,106.0,1.2844390869140625,1.2844390869140625
56,46,46,101.06388,105.0,105.0,-3.9361190795898438,3.9361190795898438
56,47,47,108.802826,104.0,104.0,4.802825927734375,4.802825927734375
56,48,48,98.23638,103.0,103.0,-4.763618469238281,4.763618469238281
56,49,49,89.20474,102.0,102.0,-12.795257568359375,12.795257568359375
56,50,50,82.31067,101.0,101.0,-18.6893310546875,18.6893310546875
56,51,51,84.47637,100.0,100.0,-15.523628234863281,15.523628234863281
56,52,52,96.289116,99.0,99.0,-2.7108840942382812,2.7108840942382812
56,53,53,100.66053,98.0,98.0,2.6605300903320312,2.6605300903320312
56,54,54,100.67895,97.0,97.0,3.6789474487304688,3.6789474487304688
56,55,55,101.45602,96.0,96.0,5.456016540527344,5.456016540527344
56,56,56,93.97118,95.0,95.0,-1.0288162231445312,1.0288162231445312
56,57,57,85.57735,94.0,94.0,-8.422653198242188,8.422653198242188
56,58,58,85.02098,93.0,93.0,-7.9790191650390625,7.9790191650390625
56,59,59,88.85831,92.0,92.0,-3.141693115234375,3.141693115234375
56,60,60,91.79132,91.0,91.0,0.79132080078125,0.79132080078125
56,61,61,100.17096,90.0,90.0,10.17095947265625,10.17095947265625
56,62,62,103.18641,89.0,89.0,14.186408996582031,14.186408996582031
56,63,63,95.267105,88.0,88.0,7.2671051025390625,7.2671051025390625
56,64,64,99.857475,87.0,87.0,12.857475280761719,12.857475280761719
56,65,65,96.3611,86.0,86.0,10.361099243164062,10.361099243164062
56,66,66,100.15523,85.0,85.0,15.155227661132812,15.155227661132812
56,67,67,100.35444,84.0,84.0,16.35443878173828,16.35443878173828
56,68,68,100.82599,83.0,83.0,17.82598876953125,17.82598876953125
56,69,69,98.34087,82.0,82.0,16.34087371826172,16.34087371826172
56,70,70,96.87477,81.0,81.0,15.874771118164062,15.874771118164062
56,71,71,93.222336,80.0,80.0,13.222335815429688,13.222335815429688
56,72,72,88.32496,79.0,79.0,9.324958801269531,9.324958801269531
56,73,73,92.471016,78.0,78.0,14.471015930175781,14.471015930175781
56,74,74,70.79045,77.0,77.0,-6.2095489501953125,6.2095489501953125
56,75,75,68.244675,76.0,76.0,-7.7553253173828125,7.7553253173828125
56,76,76,70.651596,75.0,75.0,-4.3484039306640625,4.3484039306640625
56,77,77,75.74442,74.0,74.0,1.7444229125976562,1.7444229125976562
56,78,78,77.91876,73.0,73.0,4.91876220703125,4.91876220703125
56,79,79,70.49027,72.0,72.0,-1.5097274780273438,1.5097274780273438
56,80,80,64.78488,71.0,71.0,-6.215118408203125,6.215118408203125
56,81,81,68.32467,70.0,70.0,-1.6753311157226562,1.6753311157226562
56,82,82,73.26622,69.0,69.0,4.2662200927734375,4.2662200927734375
56,83,83,73.94746,68.0,68.0,5.947456359863281,5.947456359863281
56,84,84,64.90066,67.0,67.0,-2.0993423461914062,2.0993423461914062
56,85,85,57.469406,66.0,66.0,-8.530593872070312,8.530593872070312
56,86,86,58.67414,65.0,65.0,-6.325859069824219,6.325859069824219
56,87,87,53.93986,64.0,64.0,-10.060138702392578,10.060138702392578
56,88,88,54.435707,63.0,63.0,-8.564292907714844,8.564292907714844
56,89,89,54.03246,62.0,62.0,-7.967540740966797,7.967540740966797
56,90,90,58.339962,61.0,61.0,-2.6600379943847656,2.6600379943847656
56,91,91,61.47895,60.0,60.0,1.4789505004882812,1.4789505004882812
56,92,92,65.59651,59.0,59.0,6.5965118408203125,6.5965118408203125
56,93,93,64.539154,58.0,58.0,6.539154052734375,6.539154052734375
56,94,94,65.79251,57.0,57.0,8.792510986328125,8.792510986328125
56,95,95,64.81193,56.0,56.0,8.811927795410156,8.811927795410156
56,96,96,66.0565,55.0,55.0,11.056503295898438,11.056503295898438
56,97,97,61.715576,54.0,54.0,7.715576171875,7.715576171875
56,98,98,60.85992,53.0,53.0,7.859920501708984,7.859920501708984
56,99,99,63.85884,52.0,52.0,11.858840942382812,11.858840942382812
56,100,100,62.907627,51.0,51.0,11.90762710571289,11.90762710571289
56,101,101,61.010075,50.0,50.0,11.010074615478516,11.010074615478516
56,102,102,60.721626,49.0,49.0,11.721626281738281,11.721626281738281
56,103,103,61.60829,48.0,48.0,13.608291625976562,13.608291625976562
56,104,104,59.08993,47.0,47.0,12.08993148803711,12.08993148803711
56,105,105,57.76855,46.0,46.0,11.768550872802734,11.768550872802734
56,106,106,59.521725,45.0,45.0,14.521724700927734,14.521724700927734
56,107,107,57.448395,44.0,44.0,13.448394775390625,13.448394775390625
56,108,108,54.04613,43.0,43.0,11.046131134033203,11.046131134033203
56,109,109,50.91042,42.0,42.0,8.910419464111328,8.910419464111328
56,110,110,47.889786,41.0,41.0,6.8897857666015625,6.8897857666015625
56,111,111,45.485516,40.0,40.0,5.485515594482422,5.485515594482422
56,112,112,45.025845,39.0,39.0,6.025844573974609,6.025844573974609
56,113,113,40.268883,38.0,38.0,2.2688827514648438,2.2688827514648438
56,114,114,35.37381,37.0,37.0,-1.626190185546875,1.626190185546875
56,115,115,31.174713,36.0,36.0,-4.825286865234375,4.825286865234375
56,116,116,30.85531,35.0,35.0,-4.144689559936523,4.144689559936523
56,117,117,30.826593,34.0,34.0,-3.1734066009521484,3.1734066009521484
56,118,118,30.660374,33.0,33.0,-2.3396263122558594,2.3396263122558594
56,119,119,27.129658,32.0,32.0,-4.870342254638672,4.870342254638672
56,120,120,29.940794,31.0,31.0,-1.0592060089111328,1.0592060089111328
56,121,121,28.880495,30.0,30.0,-1.1195049285888672,1.1195049285888672
56,122,122,27.748472,29.0,29.0,-1.2515277862548828,1.2515277862548828
56,123,123,26.372044,28.0,28.0,-1.6279563903808594,1.6279563903808594
56,124,124,27.94672,27.0,27.0,0.9467201232910156,0.9467201232910156
56,125,125,28.338896,26.0,26.0,2.338895797729492,2.338895797729492
56,126,126,25.128641,25.0,25.0,0.12864112854003906,0.12864112854003906
56,127,127,22.558855,24.0,24.0,-1.4411449432373047,1.4411449432373047
56,128,128,21.435139,23.0,23.0,-1.5648612976074219,1.5648612976074219
56,129,129,22.761053,22.0,22.0,0.7610530853271484,0.7610530853271484
56,130,130,23.19804,21.0,21.0,2.198040008544922,2.198040008544922
56,131,131,22.31847,20.0,20.0,2.318470001220703,2.318470001220703
56,132,132,21.909573,19.0,19.0,2.9095726013183594,2.9095726013183594
56,133,133,19.488968,18.0,18.0,1.4889678955078125,1.4889678955078125
56,134,134,18.022284,17.0,17.0,1.0222835540771484,1.0222835540771484
56,135,135,18.053354,16.0,16.0,2.053354263305664,2.053354263305664
56,136,136,18.556652,15.0,15.0,3.556652069091797,3.556652069091797
57,1,1,107.670876,262.0,125.0,-17.329124450683594,17.329124450683594
57,2,2,108.2791,261.0,125.0,-16.720901489257812,16.720901489257812
57,3,3,109.83542,260.0,125.0,-15.164581298828125,15.164581298828125
57,4,4,109.91834,259.0,125.0,-15.081657409667969,15.081657409667969
57,5,5,110.54247,258.0,125.0,-14.457527160644531,14.457527160644531
57,6,6,110.74692,257.0,125.0,-14.253082275390625,14.253082275390625
57,7,7,112.041595,256.0,125.0,-12.958404541015625,12.958404541015625
57,8,8,111.64781,255.0,125.0,-13.352188110351562,13.352188110351562
57,9,9,111.85568,254.0,125.0,-13.144317626953125,13.144317626953125
57,10,10,112.20019,253.0,125.0,-12.799812316894531,12.799812316894531
57,11,11,112.38749,252.0,125.0,-12.612510681152344,12.612510681152344
57,12,12,112.574875,251.0,125.0,-12.425125122070312,12.425125122070312
57,13,13,113.03424,250.0,125.0,-11.96575927734375,11.96575927734375
57,14,14,113.176384,249.0,125.0,-11.823616027832031,11.823616027832031
57,15,15,113.19061,248.0,125.0,-11.80938720703125,11.80938720703125
57,16,16,113.30937,247.0,125.0,-11.690628051757812,11.690628051757812
57,17,17,113.25163,246.0,125.0,-11.748367309570312,11.748367309570312
57,18,18,112.749466,245.0,125.0,-12.250534057617188,12.250534057617188
57,19,19,112.82027,244.0,125.0,-12.179733276367188,12.179733276367188
57,20,20,113.06396,243.0,125.0,-11.936042785644531,11.936042785644531
57,21,21,113.07644,242.0,125.0,-11.923561096191406,11.923561096191406
57,22,22,113.172874,241.0,125.0,-11.827125549316406,11.827125549316406
57,23,23,112.9532,240.0,125.0,-12.046798706054688,12.046798706054688
57,24,24,113.02541,239.0,125.0,-11.974586486816406,11.974586486816406
57,25,25,112.99074,238.0,125.0,-12.009262084960938,12.009262084960938
57,26,26,112.88405,237.0,125.0,-12.115951538085938,12.115951538085938
57,27,27,112.398544,236.0,125.0,-12.601455688476562,12.601455688476562
57,28,28,111.009026,235.0,125.0,-13.990974426269531,13.990974426269531
57,29,29,81.56395,234.0,125.0,-43.43605041503906,43.43605041503906
57,30,30,125.0,233.0,125.0,0.0,0.0
57,31,31,124.33855,232.0,125.0,-0.6614532470703125,0.6614532470703125
57,32,32,123.36256,231.0,125.0,-1.6374435424804688,1.6374435424804688
57,33,33,121.328384,230.0,125.0,-3.6716156005859375,3.6716156005859375
57,34,34,117.982544,229.0,125.0,-7.0174560546875,7.0174560546875
57,35,35,117.61547,228.0,125.0,-7.384529113769531,7.384529113769531
57,36,36,109.980865,227.0,125.0,-15.019134521484375,15.019134521484375
57,37,37,118.26761,226.0,125.0,-6.732391357421875,6.732391357421875
57,38,38,120.83708,225.0,125.0,-4.1629180908203125,4.1629180908203125
57,39,39,111.852905,224.0,125.0,-13.1470947265625,13.1470947265625
57,40,40,109.27817,223.0,125.0,-15.721832275390625,15.721832275390625
57,41,41,100.384766,222.0,125.0,-24.615234375,24.615234375
57,42,42,96.80202,221.0,125.0,-28.197982788085938,28.197982788085938
57,43,43,108.653244,220.0,125.0,-16.346755981445312,16.346755981445312
57,44,44,115.35762,219.0,125.0,-9.642379760742188,9.642379760742188
57,45,45,108.69667,218.0,125.0,-16.303329467773438,16.303329467773438
57,46,46,114.13286,217.0,125.0,-10.867141723632812,10.867141723632812
57,47,47,77.505615,216.0,125.0,-47.494384765625,47.494384765625
57,48,48,109.06017,215.0,125.0,-15.939826965332031,15.939826965332031
57,49,49,102.797516,214.0,125.0,-22.202484130859375,22.202484130859375
57,50,50,102.84427,213.0,125.0,-22.155731201171875,22.155731201171875
57,51,51,100.45267,212.0,125.0,-24.547332763671875,24.547332763671875
57,52,52,105.61792,211.0,125.0,-19.382080078125,19.382080078125
57,53,53,113.01811,210.0,125.0,-11.981887817382812,11.981887817382812
57,54,54,113.25575,209.0,125.0,-11.744247436523438,11.744247436523438
57,55,55,113.17448,208.0,125.0,-11.825523376464844,11.825523376464844
57,56,56,113.48819,207.0,125.0,-11.511810302734375,11.511810302734375
57,57,57,113.43564,206.0,125.0,-11.564361572265625,11.564361572265625
57,58,58,111.1469,205.0,125.0,-13.853103637695312,13.853103637695312
57,59,59,111.200836,204.0,125.0,-13.799163818359375,13.799163818359375
57,60,60,112.45903,203.0,125.0,-12.540969848632812,12.540969848632812
57,61,61,111.807526,202.0,125.0,-13.192474365234375,13.192474365234375
57,62,62,112.266304,201.0,125.0,-12.733695983886719,12.733695983886719
57,63,63,111.84054,200.0,125.0,-13.159461975097656,13.159461975097656
57,64,64,111.96714,199.0,125.0,-13.032859802246094,13.032859802246094
57,65,65,111.990524,198.0,125.0,-13.009475708007812,13.009475708007812
57,66,66,110.99626,197.0,125.0,-14.003738403320312,14.003738403320312
57,67,67,111.28803,196.0,125.0,-13.711967468261719,13.711967468261719
57,68,68,113.442024,195.0,125.0,-11.557975769042969,11.557975769042969
57,69,69,113.32319,194.0,125.0,-11.676811218261719,11.676811218261719
57,70,70,113.03482,193.0,125.0,-11.965179443359375,11.965179443359375
57,71,71,113.608665,192.0,125.0,-11.391334533691406,11.391334533691406
57,72,72,113.905075,191.0,125.0,-11.094924926757812,11.094924926757812
57,73,73,113.703445,190.0,125.0,-11.296554565429688,11.296554565429688
57,74,74,113.931114,189.0,125.0,-11.068885803222656,11.068885803222656
57,75,75,113.78866,188.0,125.0,-11.211341857910156,11.211341857910156
57,76,76,113.814995,187.0,125.0,-11.185005187988281,11.185005187988281
57,77,77,114.05449,186.0,125.0,-10.945510864257812,10.945510864257812
57,78,78,123.931946,185.0,125.0,-1.06805419921875,1.06805419921875
57,79,79,125.0,184.0,125.0,0.0,0.0
57,80,80,124.87325,183.0,125.0,-0.12674713134765625,0.12674713134765625
57,81,81,123.23615,182.0,125.0,-1.7638473510742188,1.7638473510742188
57,82,82,121.46332,181.0,125.0,-3.53668212890625,3.53668212890625
57,83,83,120.193306,180.0,125.0,-4.806694030761719,4.806694030761719
57,84,84,118.78342,179.0,125.0,-6.216583251953125,6.216583251953125
57,85,85,119.82744,178.0,125.0,-5.1725616455078125,5.1725616455078125
57,86,86,116.320465,177.0,125.0,-8.679534912109375,8.679534912109375
57,87,87,102.407104,176.0,125.0,-22.5928955078125,22.5928955078125
57,88,88,113.74336,175.0,125.0,-11.256637573242188,11.256637573242188
57,89,89,113.95236,174.0,125.0,-11.047637939453125,11.047637939453125
57,90,90,113.9178,173.0,125.0,-11.082199096679688,11.082199096679688
57,91,91,113.88817,172.0,125.0,-11.111831665039062,11.111831665039062
57,92,92,114.19879,171.0,125.0,-10.80120849609375,10.80120849609375
57,93,93,113.415825,170.0,125.0,-11.584175109863281,11.584175109863281
57,94,94,113.69371,169.0,125.0,-11.306289672851562,11.306289672851562
57,95,95,113.44233,168.0,125.0,-11.557670593261719,11.557670593261719
57,96,96,112.89116,167.0,125.0,-12.108840942382812,12.108840942382812
57,97,97,109.85268,166.0,125.0,-15.147323608398438,15.147323608398438
57,98,98,111.27639,165.0,125.0,-13.723609924316406,13.723609924316406
57,99,99,112.4808,164.0,125.0,-12.519203186035156,12.519203186035156
57,100,100,111.59878,163.0,125.0,-13.401222229003906,13.401222229003906
57,101,101,113.22721,162.0,125.0,-11.772789001464844,11.772789001464844
57,102,102,112.18557,161.0,125.0,-12.814430236816406,12.814430236816406
57,103,103,112.749664,160.0,125.0,-12.250335693359375,12.250335693359375
57,104,104,113.2436,159.0,125.0,-11.756401062011719,11.756401062011719
57,105,105,111.98017,158.0,125.0,-13.019828796386719,13.019828796386719
57,106,106,107.74029,157.0,125.0,-17.25971221923828,17.25971221923828
57,107,107,109.90956,156.0,125.0,-15.090438842773438,15.090438842773438
57,108,108,111.50713,155.0,125.0,-13.492866516113281,13.492866516113281
57,109,109,111.80429,154.0,125.0,-13.195709228515625,13.195709228515625
57,110,110,110.80523,153.0,125.0,-14.194770812988281,14.194770812988281
57,111,111,111.57407,152.0,125.0,-13.425926208496094,13.425926208496094
57,112,112,111.90062,151.0,125.0,-13.099380493164062,13.099380493164062
57,113,113,111.88498,150.0,125.0,-13.115020751953125,13.115020751953125
57,114,114,110.99191,149.0,125.0,-14.008087158203125,14.008087158203125
57,115,115,113.35652,148.0,125.0,-11.643478393554688,11.643478393554688
57,116,116,112.770966,147.0,125.0,-12.229034423828125,12.229034423828125
57,117,117,109.62164,146.0,125.0,-15.37835693359375,15.37835693359375
57,118,118,112.56856,145.0,125.0,-12.431442260742188,12.431442260742188
57,119,119,113.74753,144.0,125.0,-11.252471923828125,11.252471923828125
57,120,120,113.63614,143.0,125.0,-11.363861083984375,11.363861083984375
57,121,121,113.717514,142.0,125.0,-11.282485961914062,11.282485961914062
57,122,122,114.04903,141.0,125.0,-10.950973510742188,10.950973510742188
57,123,123,112.842636,140.0,125.0,-12.157363891601562,12.157363891601562
57,124,124,112.75825,139.0,125.0,-12.241752624511719,12.241752624511719
57,125,125,112.99452,138.0,125.0,-12.005477905273438,12.005477905273438
57,126,126,112.02575,137.0,125.0,-12.974250793457031,12.974250793457031
57,127,127,112.28233,136.0,125.0,-12.717666625976562,12.717666625976562
57,128,128,111.70124,135.0,125.0,-13.298759460449219,13.298759460449219
57,129,129,112.68556,134.0,125.0,-12.314437866210938,12.314437866210938
57,130,130,112.729065,133.0,125.0,-12.27093505859375,12.27093505859375
57,131,131,112.24729,132.0,125.0,-12.752708435058594,12.752708435058594
57,132,132,111.87752,131.0,125.0,-13.122482299804688,13.122482299804688
57,133,133,111.96831,130.0,125.0,-13.031692504882812,13.031692504882812
57,134,134,112.43604,129.0,125.0,-12.563957214355469,12.563957214355469
57,135,135,112.85619,128.0,125.0,-12.143806457519531,12.143806457519531
57,136,136,112.20812,127.0,125.0,-12.791877746582031,12.791877746582031
57,137,137,112.57298,126.0,125.0,-12.427017211914062,12.427017211914062
57,138,138,112.72486,125.0,125.0,-12.275138854980469,12.275138854980469
57,139,139,112.77175,124.0,124.0,-11.228248596191406,11.228248596191406
57,140,140,112.10096,123.0,123.0,-10.899040222167969,10.899040222167969
57,141,141,113.053375,122.0,122.0,-8.946624755859375,8.946624755859375
57,142,142,111.991745,121.0,121.0,-9.008255004882812,9.008255004882812
57,143,143,110.81276,120.0,120.0,-9.187240600585938,9.187240600585938
57,144,144,102.441086,119.0,119.0,-16.558914184570312,16.558914184570312
57,145,145,100.000465,118.0,118.0,-17.999534606933594,17.999534606933594
57,146,146,105.857376,117.0,117.0,-11.142623901367188,11.142623901367188
57,147,147,92.70374,116.0,116.0,-23.29625701904297,23.29625701904297
57,148,148,94.93335,115.0,115.0,-20.066650390625,20.066650390625
57,149,149,91.82539,114.0,114.0,-22.174606323242188,22.174606323242188
57,150,150,98.62333,113.0,113.0,-14.376670837402344,14.376670837402344
57,151,151,107.32411,112.0,112.0,-4.6758880615234375,4.6758880615234375
57,152,152,107.903244,111.0,111.0,-3.0967559814453125,3.0967559814453125
57,153,153,111.18768,110.0,110.0,1.18768310546875,1.18768310546875
57,154,154,110.87801,109.0,109.0,1.8780136108398438,1.8780136108398438
57,155,155,111.49892,108.0,108.0,3.4989166259765625,3.4989166259765625
57,156,156,110.49375,107.0,107.0,3.4937515258789062,3.4937515258789062
57,157,157,111.18503,106.0,106.0,5.185028076171875,5.185028076171875
57,158,158,108.09905,105.0,105.0,3.0990524291992188,3.0990524291992188
57,159,159,109.51758,104.0,104.0,5.517578125,5.517578125
57,160,160,110.97395,103.0,103.0,7.9739532470703125,7.9739532470703125
58,1,1,122.34891,212.0,125.0,-2.651092529296875,2.651092529296875
58,2,2,123.4256,211.0,125.0,-1.57440185546875,1.57440185546875
58,3,3,122.31241,210.0,125.0,-2.687591552734375,2.687591552734375
58,4,4,122.66943,209.0,125.0,-2.33056640625,2.33056640625
58,5,5,122.887245,208.0,125.0,-2.1127548217773438,2.1127548217773438
58,6,6,122.61888,207.0,125.0,-2.3811187744140625,2.3811187744140625
58,7,7,122.82408,206.0,125.0,-2.1759185791015625,2.1759185791015625
58,8,8,122.05695,205.0,125.0,-2.9430465698242188,2.9430465698242188
58,9,9,123.29425,204.0,125.0,-1.70574951171875,1.70574951171875
58,10,10,122.50435,203.0,125.0,-2.4956512451171875,2.4956512451171875
58,11,11,122.732086,202.0,125.0,-2.267913818359375,2.267913818359375
58,12,12,123.177704,201.0,125.0,-1.822296142578125,1.822296142578125
58,13,13,122.8985,200.0,125.0,-2.10150146484375,2.10150146484375
58,14,14,123.35867,199.0,125.0,-1.641326904296875,1.641326904296875
58,15,15,123.71577,198.0,125.0,-1.2842330932617188,1.2842330932617188
58,16,16,122.81284,197.0,125.0,-2.1871566772460938,2.1871566772460938
58,17,17,120.59989,196.0,125.0,-4.400108337402344,4.400108337402344
58,18,18,120.879265,195.0,125.0,-4.120735168457031,4.120735168457031
58,19,19,120.95088,194.0,125.0,-4.0491180419921875,4.0491180419921875
58,20,20,121.90737,193.0,125.0,-3.0926284790039062,3.0926284790039062
58,21,21,121.38637,192.0,125.0,-3.6136322021484375,3.6136322021484375
58,22,22,120.99924,191.0,125.0,-4.000762939453125,4.000762939453125
58,23,23,121.73264,190.0,125.0,-3.2673568725585938,3.2673568725585938
58,24,24,121.93652,189.0,125.0,-3.0634765625,3.0634765625
58,25,25,122.28645,188.0,125.0,-2.7135467529296875,2.7135467529296875
58,26,26,120.618256,187.0,125.0,-4.381744384765625,4.381744384765625
58,27,27,121.79297,186.0,125.0,-3.20703125,3.20703125
58,28,28,121.5897,185.0,125.0,-3.4103012084960938,3.4103012084960938
58,29,29,122.562195,184.0,125.0,-2.43780517578125,2.43780517578125
58,30,30,122.6197,183.0,125.0,-2.3803024291992188,2.3803024291992188
58,31,31,122.261185,182.0,125.0,-2.7388153076171875,2.7388153076171875
58,32,32,123.03598,181.0,125.0,-1.964019775390625,1.964019775390625
58,33,33,123.41517,180.0,125.0,-1.5848312377929688,1.5848312377929688
58,34,34,122.83802,179.0,125.0,-2.1619796752929688,2.1619796752929688
58,35,35,121.71422,178.0,125.0,-3.2857818603515625,3.2857818603515625
58,36,36,121.09597,177.0,125.0,-3.9040298461914062,3.9040298461914062
58,37,37,121.47884,176.0,125.0,-3.5211563110351562,3.5211563110351562
58,38,38,122.40207,175.0,125.0,-2.597930908203125,2.597930908203125
58,39,39,123.27348,174.0,125.0,-1.7265167236328125,1.7265167236328125
58,40,40,122.46676,173.0,125.0,-2.5332412719726562,2.5332412719726562
58,41,41,122.71568,172.0,125.0,-2.2843170166015625,2.2843170166015625
58,42,42,123.44078,171.0,125.0,-1.5592193603515625,1.5592193603515625
58,43,43,123.322044,170.0,125.0,-1.6779556274414062,1.6779556274414062
58,44,44,123.91058,169.0,125.0,-1.08941650390625,1.08941650390625
58,45,45,124.81325,168.0,125.0,-0.1867523193359375,0.1867523193359375
58,46,46,124.739944,167.0,125.0,-0.2600555419921875,0.2600555419921875
58,47,47,122.832825,166.0,125.0,-2.16717529296875,2.16717529296875
58,48,48,120.96391,165.0,125.0,-4.0360870361328125,4.0360870361328125
58,49,49,120.97301,164.0,125.0,-4.0269927978515625,4.0269927978515625
58,50,50,119.144165,163.0,125.0,-5.8558349609375,5.8558349609375
58,51,51,119.2148,162.0,125.0,-5.7852020263671875,5.7852020263671875
58,52,52,119.11141,161.0,125.0,-5.888587951660156,5.888587951660156
58,53,53,118.956314,160.0,125.0,-6.0436859130859375,6.0436859130859375
58,54,54,116.82344,159.0,125.0,-8.176559448242188,8.176559448242188
58,55,55,117.92859,158.0,125.0,-7.0714111328125,7.0714111328125
58,56,56,116.90273,157.0,125.0,-8.097267150878906,8.097267150878906
58,57,57,117.79796,156.0,125.0,-7.2020416259765625,7.2020416259765625
58,58,58,118.55447,155.0,125.0,-6.445533752441406,6.445533752441406
58,59,59,118.103806,154.0,125.0,-6.8961944580078125,6.8961944580078125
58,60,60,118.45975,153.0,125.0,-6.540252685546875,6.540252685546875
58,61,61,119.994255,152.0,125.0,-5.005744934082031,5.005744934082031
58,62,62,118.93211,151.0,125.0,-6.0678863525390625,6.0678863525390625
58,63,63,120.90538,150.0,125.0,-4.0946197509765625,4.0946197509765625
58,64,64,121.7088,149.0,125.0,-3.29119873046875,3.29119873046875
58,65,65,119.01024,148.0,125.0,-5.9897613525390625,5.9897613525390625
58,66,66,117.53867,147.0,125.0,-7.461326599121094,7.461326599121094
58,67,67,117.58484,146.0,125.0,-7.4151611328125,7.4151611328125
58,68,68,118.60257,145.0,125.0,-6.397430419921875,6.397430419921875
58,69,69,118.84033,144.0,125.0,-6.15966796875,6.15966796875
58,70,70,118.450935,143.0,125.0,-6.549064636230469,6.549064636230469
58,71,71,108.0318,142.0,125.0,-16.96820068359375,16.96820068359375
58,72,72,109.423676,141.0,125.0,-15.576324462890625,15.576324462890625
58,73,73,110.119606,140.0,125.0,-14.880393981933594,14.880393981933594
58,74,74,113.051865,139.0,125.0,-11.948135375976562,11.948135375976562
58,75,75,113.75913,138.0,125.0,-11.240867614746094,11.240867614746094
58,76,76,114.85414,137.0,125.0,-10.145858764648438,10.145858764648438
58,77,77,111.47048,136.0,125.0,-13.529518127441406,13.529518127441406
58,78,78,110.43068,135.0,125.0,-14.569320678710938,14.569320678710938
58,79,79,116.44041,134.0,125.0,-8.559593200683594,8.559593200683594
58,80,80,114.21387,133.0,125.0,-10.7861328125,10.7861328125
58,81,81,117.251724,132.0,125.0,-7.7482757568359375,7.7482757568359375
58,82,82,118.62636,131.0,125.0,-6.3736419677734375,6.3736419677734375
58,83,83,116.66835,130.0,125.0,-8.331649780273438,8.331649780273438
58,84,84,108.81906,129.0,125.0,-16.180938720703125,16.180938720703125
58,85,85,105.28383,128.0,125.0,-19.716171264648438,19.716171264648438
58,86,86,104.53797,127.0,125.0,-20.46202850341797,20.46202850341797
58,87,87,101.446075,126.0,125.0,-23.553924560546875,23.553924560546875
58,88,88,98.09976,125.0,125.0,-26.900238037109375,26.900238037109375
58,89,89,102.53193,124.0,124.0,-21.46807098388672,21.46807098388672
58,90,90,104.36958,123.0,123.0,-18.630416870117188,18.630416870117188
58,91,91,100.79039,122.0,122.0,-21.209609985351562,21.209609985351562
58,92,92,99.252556,121.0,121.0,-21.74744415283203,21.74744415283203
58,93,93,100.328476,120.0,120.0,-19.671524047851562,19.671524047851562
58,94,94,105.39403,119.0,119.0,-13.605972290039062,13.605972290039062
58,95,95,109.51603,118.0,118.0,-8.483970642089844,8.483970642089844
58,96,96,109.02388,117.0,117.0,-7.9761199951171875,7.9761199951171875
58,97,97,111.07803,116.0,116.0,-4.921966552734375,4.921966552734375
58,98,98,110.788795,115.0,115.0,-4.211204528808594,4.211204528808594
58,99,99,105.56335,114.0,114.0,-8.436653137207031,8.436653137207031
58,100,100,105.57523,113.0,113.0,-7.424766540527344,7.424766540527344
58,101,101,102.77289,112.0,112.0,-9.22711181640625,9.22711181640625
58,102,102,105.199425,111.0,111.0,-5.800575256347656,5.800575256347656
58,103,103,86.83226,110.0,110.0,-23.167739868164062,23.167739868164062
58,104,104,97.38599,109.0,109.0,-11.614013671875,11.614013671875
58,105,105,92.823265,108.0,108.0,-15.176734924316406,15.176734924316406
58,106,106,95.08577,107.0,107.0,-11.914230346679688,11.914230346679688
58,107,107,92.19385,106.0,106.0,-13.80615234375,13.80615234375
58,108,108,93.77817,105.0,105.0,-11.221832275390625,11.221832275390625
58,109,109,97.444855,104.0,104.0,-6.555145263671875,6.555145263671875
58,110,110,91.26352,103.0,103.0,-11.736480712890625,11.736480712890625
58,111,111,93.045364,102.0,102.0,-8.954635620117188,8.954635620117188
58,112,112,100.655945,101.0,101.0,-0.34405517578125,0.34405517578125
58,113,113,104.85431,100.0,100.0,4.85430908203125,4.85430908203125
58,114,114,105.36711,99.0,99.0,6.3671112060546875,6.3671112060546875
58,115,115,102.68236,98.0,98.0,4.6823577880859375,4.6823577880859375
58,116,116,95.67317,97.0,97.0,-1.3268280029296875,1.3268280029296875
58,117,117,97.6862,96.0,96.0,1.6862030029296875,1.6862030029296875
58,118,118,83.10193,95.0,95.0,-11.8980712890625,11.8980712890625
58,119,119,80.310074,94.0,94.0,-13.689926147460938,13.689926147460938
58,120,120,74.434525,93.0,93.0,-18.565475463867188,18.565475463867188
58,121,121,76.70702,92.0,92.0,-15.292976379394531,15.292976379394531
58,122,122,81.63763,91.0,91.0,-9.362373352050781,9.362373352050781
58,123,123,97.17302,90.0,90.0,7.1730194091796875,7.1730194091796875
58,124,124,84.85687,89.0,89.0,-4.14312744140625,4.14312744140625
58,125,125,100.40795,88.0,88.0,12.407951354980469,12.407951354980469
58,126,126,114.78723,87.0,87.0,27.7872314453125,27.7872314453125
58,127,127,114.92622,86.0,86.0,28.926223754882812,28.926223754882812
58,128,128,115.890465,85.0,85.0,30.890464782714844,30.890464782714844
58,129,129,110.43,84.0,84.0,26.43000030517578,26.43000030517578
58,130,130,102.291214,83.0,83.0,19.291213989257812,19.291213989257812
58,131,131,106.08219,82.0,82.0,24.082191467285156,24.082191467285156
58,132,132,104.471245,81.0,81.0,23.47124481201172,23.47124481201172
58,133,133,69.69086,80.0,80.0,-10.30914306640625,10.30914306640625
58,134,134,95.417725,79.0,79.0,16.417724609375,16.417724609375
58,135,135,104.427826,78.0,78.0,26.427825927734375,26.427825927734375
58,136,136,104.170364,77.0,77.0,27.170364379882812,27.170364379882812
58,137,137,97.60198,76.0,76.0,21.60198211669922,21.60198211669922
58,138,138,94.10904,75.0,75.0,19.109039306640625,19.109039306640625
58,139,139,84.46901,74.0,74.0,10.469009399414062,10.469009399414062
58,140,140,67.255905,73.0,73.0,-5.7440948486328125,5.7440948486328125
58,141,141,59.030693,72.0,72.0,-12.969306945800781,12.969306945800781
58,142,142,67.83515,71.0,71.0,-3.1648483276367188,3.1648483276367188
58,143,143,72.55269,70.0,70.0,2.5526885986328125,2.5526885986328125
58,144,144,90.22143,69.0,69.0,21.22142791748047,21.22142791748047
58,145,145,99.485825,68.0,68.0,31.485824584960938,31.485824584960938
58,146,146,90.45619,67.0,67.0,23.456192016601562,23.456192016601562
58,147,147,96.93509,66.0,66.0,30.935089111328125,30.935089111328125
58,148,148,55.95784,65.0,65.0,-9.042160034179688,9.042160034179688
58,149,149,43.99229,64.0,64.0,-20.007709503173828,20.007709503173828
58,150,150,42.746082,63.0,63.0,-20.253917694091797,20.253917694091797
58,151,151,39.74892,62.0,62.0,-22.251079559326172,22.251079559326172
58,152,152,40.306946,61.0,61.0,-20.69305419921875,20.69305419921875
58,153,153,49.061718,60.0,60.0,-10.938282012939453,10.938282012939453
58,154,154,43.997246,59.0,59.0,-15.002754211425781,15.002754211425781
58,155,155,42.58868,58.0,58.0,-15.411319732666016,15.411319732666016
58,156,156,43.50532,57.0,57.0,-13.494678497314453,13.494678497314453
58,157,157,40.979748,56.0,56.0,-15.020252227783203,15.020252227783203
58,158,158,44.883007,55.0,55.0,-10.116992950439453,10.116992950439453
58,159,159,52.97135,54.0,54.0,-1.0286483764648438,1.0286483764648438
58,160,160,48.359962,53.0,53.0,-4.640037536621094,4.640037536621094
58,161,161,45.125362,52.0,52.0,-6.874637603759766,6.874637603759766
58,162,162,40.781986,51.0,51.0,-10.218013763427734,10.218013763427734
58,163,163,41.076885,50.0,50.0,-8.923114776611328,8.923114776611328
58,164,164,42.72469,49.0,49.0,-6.275310516357422,6.275310516357422
58,165,165,51.21478,48.0,48.0,3.2147789001464844,3.2147789001464844
58,166,166,51.500324,47.0,47.0,4.500324249267578,4.500324249267578
58,167,167,47.955387,46.0,46.0,1.9553871154785156,1.9553871154785156
58,168,168,43.451965,45.0,45.0,-1.54803466796875,1.54803466796875
58,169,169,43.213593,44.0,44.0,-0.786407470703125,0.786407470703125
58,170,170,43.164165,43.0,43.0,0.16416549682617188,0.16416549682617188
58,171,171,43.813152,42.0,42.0,1.8131523132324219,1.8131523132324219
58,172,172,44.215687,41.0,41.0,3.215686798095703,3.215686798095703
58,173,173,44.989643,40.0,40.0,4.989643096923828,4.989643096923828
58,174,174,47.534817,39.0,39.0,8.53481674194336,8.53481674194336
58,175,175,41.627003,38.0,38.0,3.627002716064453,3.627002716064453
58,176,176,38.45198,37.0,37.0,1.4519805908203125,1.4519805908203125
59,1,1,123.80945,207.0,125.0,-1.1905517578125,1.1905517578125
59,2,2,123.27306,206.0,125.0,-1.7269363403320312,1.7269363403320312
59,3,3,123.395294,205.0,125.0,-1.604705810546875,1.604705810546875
59,4,4,123.32361,204.0,125.0,-1.6763916015625,1.6763916015625
59,5,5,123.724304,203.0,125.0,-1.27569580078125,1.27569580078125
59,6,6,123.92624,202.0,125.0,-1.073760986328125,1.073760986328125
59,7,7,123.79637,201.0,125.0,-1.2036285400390625,1.2036285400390625
59,8,8,123.59745,200.0,125.0,-1.4025497436523438,1.4025497436523438
59,9,9,123.80312,199.0,125.0,-1.1968765258789062,1.1968765258789062
59,10,10,123.88135,198.0,125.0,-1.11865234375,1.11865234375
59,11,11,124.04408,197.0,125.0,-0.9559173583984375,0.9559173583984375
59,12,12,123.855545,196.0,125.0,-1.1444549560546875,1.1444549560546875
59,13,13,123.610725,195.0,125.0,-1.3892745971679688,1.3892745971679688
59,14,14,123.67078,194.0,125.0,-1.3292236328125,1.3292236328125
59,15,15,123.797424,193.0,125.0,-1.20257568359375,1.20257568359375
59,16,16,123.9378,192.0,125.0,-1.0622024536132812,1.0622024536132812
59,17,17,124.108765,191.0,125.0,-0.8912353515625,0.8912353515625
59,18,18,123.58536,190.0,125.0,-1.414642333984375,1.414642333984375
59,19,19,123.96449,189.0,125.0,-1.0355072021484375,1.0355072021484375
59,20,20,124.04638,188.0,125.0,-0.9536209106445312,0.9536209106445312
59,21,21,123.8914,187.0,125.0,-1.1085968017578125,1.1085968017578125
59,22,22,123.44603,186.0,125.0,-1.5539703369140625,1.5539703369140625
59,23,23,123.25107,185.0,125.0,-1.748931884765625,1.748931884765625
59,24,24,122.724106,184.0,125.0,-2.2758941650390625,2.2758941650390625
59,25,25,122.85577,183.0,125.0,-2.1442337036132812,2.1442337036132812
59,26,26,123.11441,182.0,125.0,-1.885589599609375,1.885589599609375
59,27,27,122.91174,181.0,125.0,-2.0882568359375,2.0882568359375
59,28,28,123.11752,180.0,125.0,-1.882476806640625,1.882476806640625
59,29,29,123.02586,179.0,125.0,-1.9741363525390625,1.9741363525390625
59,30,30,122.99899,178.0,125.0,-2.001007080078125,2.001007080078125
59,31,31,123.48169,177.0,125.0,-1.518310546875,1.518310546875
59,32,32,123.35652,176.0,125.0,-1.6434783935546875,1.6434783935546875
59,33,33,123.525055,175.0,125.0,-1.474945068359375,1.474945068359375
59,34,34,123.55184,174.0,125.0,-1.4481582641601562,1.4481582641601562
59,35,35,123.719055,173.0,125.0,-1.28094482421875,1.28094482421875
59,36,36,123.59281,172.0,125.0,-1.4071884155273438,1.4071884155273438
59,37,37,123.59937,171.0,125.0,-1.4006271362304688,1.4006271362304688
59,38,38,123.542496,170.0,125.0,-1.4575042724609375,1.4575042724609375
59,39,39,122.86877,169.0,125.0,-2.1312332153320312,2.1312332153320312
59,40,40,123.476166,168.0,125.0,-1.523834228515625,1.523834228515625
59,41,41,123.448685,167.0,125.0,-1.5513153076171875,1.5513153076171875
59,42,42,122.593666,166.0,125.0,-2.4063339233398438,2.4063339233398438
59,43,43,123.210266,165.0,125.0,-1.78973388671875,1.78973388671875
59,44,44,123.43437,164.0,125.0,-1.5656280517578125,1.5656280517578125
59,45,45,123.274605,163.0,125.0,-1.7253952026367188,1.7253952026367188
59,46,46,123.43919,162.0,125.0,-1.5608062744140625,1.5608062744140625
59,47,47,123.482956,161.0,125.0,-1.5170440673828125,1.5170440673828125
59,48,48,123.84547,160.0,125.0,-1.1545333862304688,1.1545333862304688
59,49,49,123.88085,159.0,125.0,-1.1191482543945312,1.1191482543945312
59,50,50,123.6671,158.0,125.0,-1.3329010009765625,1.3329010009765625
59,51,51,122.11755,157.0,125.0,-2.8824462890625,2.8824462890625
59,52,52,122.20841,156.0,125.0,-2.7915878295898438,2.7915878295898438
59,53,53,123.45396,155.0,125.0,-1.5460433959960938,1.5460433959960938
59,54,54,123.554184,154.0,125.0,-1.4458160400390625,1.4458160400390625
59,55,55,123.72691,153.0,125.0,-1.2730865478515625,1.2730865478515625
59,56,56,123.55514,152.0,125.0,-1.4448623657226562,1.4448623657226562
59,57,57,124.084274,151.0,125.0,-0.9157257080078125,0.9157257080078125
59,58,58,123.67249,150.0,125.0,-1.3275070190429688,1.3275070190429688
59,59,59,123.20862,149.0,125.0,-1.7913818359375,1.7913818359375
59,60,60,123.37378,148.0,125.0,-1.626220703125,1.626220703125
59,61,61,122.86322,147.0,125.0,-2.13677978515625,2.13677978515625
59,62,62,122.25218,146.0,125.0,-2.7478179931640625,2.7478179931640625
59,63,63,122.70926,145.0,125.0,-2.290740966796875,2.290740966796875
59,64,64,122.853645,144.0,125.0,-2.1463546752929688,2.1463546752929688
59,65,65,122.99675,143.0,125.0,-2.0032501220703125,2.0032501220703125
59,66,66,122.83989,142.0,125.0,-2.1601104736328125,2.1601104736328125
59,67,67,123.05997,141.0,125.0,-1.940032958984375,1.940032958984375
59,68,68,123.38162,140.0,125.0,-1.618377685546875,1.618377685546875
59,69,69,123.172844,139.0,125.0,-1.8271560668945312,1.8271560668945312
59,70,70,122.88855,138.0,125.0,-2.1114501953125,2.1114501953125
59,71,71,123.3589,137.0,125.0,-1.6410980224609375,1.6410980224609375
59,72,72,123.210236,136.0,125.0,-1.789764404296875,1.789764404296875
59,73,73,122.984924,135.0,125.0,-2.01507568359375,2.01507568359375
59,74,74,122.871895,134.0,125.0,-2.1281051635742188,2.1281051635742188
59,75,75,122.74759,133.0,125.0,-2.252410888671875,2.252410888671875
59,76,76,121.9951,132.0,125.0,-3.0048980712890625,3.0048980712890625
59,77,77,122.16539,131.0,125.0,-2.8346099853515625,2.8346099853515625
59,78,78,122.7225,130.0,125.0,-2.277496337890625,2.277496337890625
59,79,79,122.941055,129.0,125.0,-2.0589447021484375,2.0589447021484375
59,80,80,122.94791,128.0,125.0,-2.052093505859375,2.052093505859375
59,81,81,122.47302,127.0,125.0,-2.5269775390625,2.5269775390625
59,82,82,123.05208,126.0,125.0,-1.9479217529296875,1.9479217529296875
59,83,83,120.44894,125.0,125.0,-4.551063537597656,4.551063537597656
59,84,84,121.73773,124.0,124.0,-2.26226806640625,2.26226806640625
59,85,85,122.40535,123.0,123.0,-0.5946502685546875,0.5946502685546875
59,86,86,121.344376,122.0,122.0,-0.6556243896484375,0.6556243896484375
59,87,87,121.9239,121.0,121.0,0.9238967895507812,0.9238967895507812
59,88,88,120.57689,120.0,120.0,0.5768890380859375,0.5768890380859375
59,89,89,117.91118,119.0,119.0,-1.0888214111328125,1.0888214111328125
59,90,90,119.37881,118.0,118.0,1.3788070678710938,1.3788070678710938
59,91,91,117.19066,117.0,117.0,0.1906585693359375,0.1906585693359375
59,92,92,116.70805,116.0,116.0,0.7080535888671875,0.7080535888671875
59,93,93,114.061035,115.0,115.0,-0.93896484375,0.93896484375
59,94,94,116.68298,114.0,114.0,2.6829833984375,2.6829833984375
60,1,1,119.542,246.0,125.0,-5.458000183105469,5.458000183105469
60,2,2,118.27563,245.0,125.0,-6.724372863769531,6.724372863769531
60,3,3,116.99721,244.0,125.0,-8.002792358398438,8.002792358398438
60,4,4,119.148026,243.0,125.0,-5.8519744873046875,5.8519744873046875
60,5,5,121.46452,242.0,125.0,-3.5354766845703125,3.5354766845703125
60,6,6,121.06434,241.0,125.0,-3.9356613159179688,3.9356613159179688
60,7,7,122.28383,240.0,125.0,-2.7161712646484375,2.7161712646484375
60,8,8,121.810616,239.0,125.0,-3.1893844604492188,3.1893844604492188
60,9,9,123.58455,238.0,125.0,-1.4154510498046875,1.4154510498046875
60,10,10,124.326675,237.0,125.0,-0.6733245849609375,0.6733245849609375
60,11,11,119.715775,236.0,125.0,-5.2842254638671875,5.2842254638671875
60,12,12,120.47089,235.0,125.0,-4.52911376953125,4.52911376953125
60,13,13,119.74958,234.0,125.0,-5.250419616699219,5.250419616699219
60,14,14,119.80921,233.0,125.0,-5.190788269042969,5.190788269042969
60,15,15,119.54183,232.0,125.0,-5.458168029785156,5.458168029785156
60,16,16,120.06971,231.0,125.0,-4.930290222167969,4.930290222167969
60,17,17,118.68849,230.0,125.0,-6.3115081787109375,6.3115081787109375
60,18,18,113.90178,229.0,125.0,-11.098220825195312,11.098220825195312
60,19,19,114.821304,228.0,125.0,-10.178695678710938,10.178695678710938
60,20,20,112.93859,227.0,125.0,-12.061408996582031,12.061408996582031
60,21,21,110.14956,226.0,125.0,-14.850440979003906,14.850440979003906
60,22,22,110.26677,225.0,125.0,-14.733230590820312,14.733230590820312
60,23,23,110.28546,224.0,125.0,-14.71453857421875,14.71453857421875
60,24,24,101.06359,223.0,125.0,-23.93640899658203,23.93640899658203
60,25,25,105.24283,222.0,125.0,-19.757171630859375,19.757171630859375
60,26,26,110.09453,221.0,125.0,-14.905471801757812,14.905471801757812
60,27,27,109.93222,220.0,125.0,-15.067779541015625,15.067779541015625
60,28,28,110.55307,219.0,125.0,-14.446929931640625,14.446929931640625
60,29,29,109.84746,218.0,125.0,-15.152542114257812,15.152542114257812
60,30,30,108.859665,217.0,125.0,-16.140335083007812,16.140335083007812
60,31,31,112.30141,216.0,125.0,-12.698593139648438,12.698593139648438
60,32,32,115.04108,215.0,125.0,-9.95892333984375,9.95892333984375
60,33,33,118.98291,214.0,125.0,-6.01708984375,6.01708984375
60,34,34,119.94481,213.0,125.0,-5.0551910400390625,5.0551910400390625
60,35,35,125.0,212.0,125.0,0.0,0.0
60,36,36,125.0,211.0,125.0,0.0,0.0
60,37,37,125.0,210.0,125.0,0.0,0.0
60,38,38,125.0,209.0,125.0,0.0,0.0
60,39,39,124.48004,208.0,125.0,-0.51995849609375,0.51995849609375
60,40,40,125.0,207.0,125.0,0.0,0.0
60,41,41,123.37096,206.0,125.0,-1.6290435791015625,1.6290435791015625
60,42,42,124.17343,205.0,125.0,-0.826568603515625,0.826568603515625
60,43,43,122.03345,204.0,125.0,-2.966552734375,2.966552734375
60,44,44,120.88887,203.0,125.0,-4.1111297607421875,4.1111297607421875
60,45,45,121.61234,202.0,125.0,-3.3876571655273438,3.3876571655273438
60,46,46,121.787766,201.0,125.0,-3.2122344970703125,3.2122344970703125
60,47,47,121.1646,200.0,125.0,-3.8354034423828125,3.8354034423828125
60,48,48,121.457886,199.0,125.0,-3.5421142578125,3.5421142578125
60,49,49,123.08087,198.0,125.0,-1.91912841796875,1.91912841796875
60,50,50,122.104034,197.0,125.0,-2.895965576171875,2.895965576171875
60,51,51,120.9996,196.0,125.0,-4.000396728515625,4.000396728515625
60,52,52,117.57046,195.0,125.0,-7.429542541503906,7.429542541503906
60,53,53,115.42623,194.0,125.0,-9.573768615722656,9.573768615722656
60,54,54,108.21804,193.0,125.0,-16.781959533691406,16.781959533691406
60,55,55,111.519196,192.0,125.0,-13.480804443359375,13.480804443359375
60,56,56,118.05014,191.0,125.0,-6.949859619140625,6.949859619140625
60,57,57,115.02013,190.0,125.0,-9.979873657226562,9.979873657226562
60,58,58,113.84416,189.0,125.0,-11.155838012695312,11.155838012695312
60,59,59,107.5977,188.0,125.0,-17.402297973632812,17.402297973632812
60,60,60,107.32124,187.0,125.0,-17.678756713867188,17.678756713867188
60,61,61,105.23154,186.0,125.0,-19.768463134765625,19.768463134765625
60,62,62,108.895996,185.0,125.0,-16.10400390625,16.10400390625
60,63,63,117.94343,184.0,125.0,-7.056571960449219,7.056571960449219
60,64,64,120.562775,183.0,125.0,-4.437225341796875,4.437225341796875
60,65,65,122.84653,182.0,125.0,-2.153472900390625,2.153472900390625
60,66,66,124.39734,181.0,125.0,-0.6026611328125,0.6026611328125
60,67,67,122.62239,180.0,125.0,-2.3776092529296875,2.3776092529296875
60,68,68,124.07506,179.0,125.0,-0.9249420166015625,0.9249420166015625
60,69,69,121.35533,178.0,125.0,-3.6446685791015625,3.6446685791015625
60,70,70,116.55632,177.0,125.0,-8.443679809570312,8.443679809570312
60,71,71,117.15521,176.0,125.0,-7.84478759765625,7.84478759765625
60,72,72,116.848274,175.0,125.0,-8.151725769042969,8.151725769042969
60,73,73,109.533646,174.0,125.0,-15.466354370117188,15.466354370117188
60,74,74,111.46416,173.0,125.0,-13.535842895507812,13.535842895507812
60,75,75,122.143036,172.0,125.0,-2.856964111328125,2.856964111328125
60,76,76,124.07807,171.0,125.0,-0.9219284057617188,0.9219284057617188
60,77,77,122.55463,170.0,125.0,-2.44537353515625,2.44537353515625
60,78,78,124.822586,169.0,125.0,-0.1774139404296875,0.1774139404296875
60,79,79,125.0,168.0,125.0,0.0,0.0
60,80,80,125.0,167.0,125.0,0.0,0.0
60,81,81,125.0,166.0,125.0,0.0,0.0
60,82,82,124.57332,165.0,125.0,-0.4266815185546875,0.4266815185546875
60,83,83,124.22255,164.0,125.0,-0.7774505615234375,0.7774505615234375
60,84,84,124.7733,163.0,125.0,-0.2266998291015625,0.2266998291015625
60,85,85,125.0,162.0,125.0,0.0,0.0
60,86,86,124.305275,161.0,125.0,-0.6947250366210938,0.6947250366210938
60,87,87,125.0,160.0,125.0,0.0,0.0
60,88,88,124.74513,159.0,125.0,-0.2548675537109375,0.2548675537109375
60,89,89,123.610214,158.0,125.0,-1.3897857666015625,1.3897857666015625
60,90,90,124.61277,157.0,125.0,-0.38722991943359375,0.38722991943359375
60,91,91,124.85712,156.0,125.0,-0.14288330078125,0.14288330078125
60,92,92,125.0,155.0,125.0,0.0,0.0
60,93,93,124.99103,154.0,125.0,-0.00897216796875,0.00897216796875
60,94,94,125.0,153.0,125.0,0.0,0.0
60,95,95,125.0,152.0,125.0,0.0,0.0
60,96,96,124.35048,151.0,125.0,-0.6495208740234375,0.6495208740234375
60,97,97,121.73994,150.0,125.0,-3.2600631713867188,3.2600631713867188
60,98,98,124.22189,149.0,125.0,-0.778106689453125,0.778106689453125
60,99,99,122.11089,148.0,125.0,-2.8891067504882812,2.8891067504882812
60,100,100,120.778046,147.0,125.0,-4.221954345703125,4.221954345703125
60,101,101,121.12114,146.0,125.0,-3.8788604736328125,3.8788604736328125
60,102,102,117.214584,145.0,125.0,-7.7854156494140625,7.7854156494140625
60,103,103,102.6414,144.0,125.0,-22.358596801757812,22.358596801757812
60,104,104,116.07143,143.0,125.0,-8.928573608398438,8.928573608398438
60,105,105,112.42035,142.0,125.0,-12.57965087890625,12.57965087890625
60,106,106,116.985214,141.0,125.0,-8.014785766601562,8.014785766601562
60,107,107,110.21269,140.0,125.0,-14.787307739257812,14.787307739257812
60,108,108,109.59358,139.0,125.0,-15.406417846679688,15.406417846679688
60,109,109,103.75915,138.0,125.0,-21.24085235595703,21.24085235595703
60,110,110,110.874725,137.0,125.0,-14.125274658203125,14.125274658203125
60,111,111,109.45604,136.0,125.0,-15.543960571289062,15.543960571289062
60,112,112,112.44205,135.0,125.0,-12.557952880859375,12.557952880859375
60,113,113,105.12771,134.0,125.0,-19.872291564941406,19.872291564941406
60,114,114,103.910065,133.0,125.0,-21.089935302734375,21.089935302734375
60,115,115,111.36908,132.0,125.0,-13.63092041015625,13.63092041015625
60,116,116,111.155136,131.0,125.0,-13.844863891601562,13.844863891601562
60,117,117,112.3959,130.0,125.0,-12.604103088378906,12.604103088378906
60,118,118,111.96521,129.0,125.0,-13.0347900390625,13.0347900390625
60,119,119,111.85231,128.0,125.0,-13.147689819335938,13.147689819335938
60,120,120,112.93464,127.0,125.0,-12.065361022949219,12.065361022949219
60,121,121,112.41337,126.0,125.0,-12.586631774902344,12.586631774902344
60,122,122,111.85063,125.0,125.0,-13.149368286132812,13.149368286132812
60,123,123,112.2702,124.0,124.0,-11.72979736328125,11.72979736328125
60,124,124,113.12802,123.0,123.0,-9.871978759765625,9.871978759765625
60,125,125,112.78379,122.0,122.0,-9.216209411621094,9.216209411621094
60,126,126,111.43057,121.0,121.0,-9.569427490234375,9.569427490234375
60,127,127,98.925705,120.0,120.0,-21.074295043945312,21.074295043945312
60,128,128,111.42214,119.0,119.0,-7.577857971191406,7.577857971191406
60,129,129,108.97857,118.0,118.0,-9.021430969238281,9.021430969238281
60,130,130,104.754715,117.0,117.0,-12.245285034179688,12.245285034179688
60,131,131,103.20082,116.0,116.0,-12.799179077148438,12.799179077148438
60,132,132,97.86626,115.0,115.0,-17.133743286132812,17.133743286132812
60,133,133,110.2085,114.0,114.0,-3.7914962768554688,3.7914962768554688
60,134,134,111.77478,113.0,113.0,-1.2252197265625,1.2252197265625
60,135,135,112.65579,112.0,112.0,0.655792236328125,0.655792236328125
60,136,136,112.38533,111.0,111.0,1.3853302001953125,1.3853302001953125
60,137,137,111.5636,110.0,110.0,1.5635986328125,1.5635986328125
60,138,138,111.36191,109.0,109.0,2.361907958984375,2.361907958984375
60,139,139,101.36015,108.0,108.0,-6.6398468017578125,6.6398468017578125
60,140,140,107.09336,107.0,107.0,0.09336090087890625,0.09336090087890625
60,141,141,103.381355,106.0,106.0,-2.6186447143554688,2.6186447143554688
60,142,142,108.87449,105.0,105.0,3.8744888305664062,3.8744888305664062
60,143,143,105.13933,104.0,104.0,1.1393280029296875,1.1393280029296875
60,144,144,103.9185,103.0,103.0,0.9185028076171875,0.9185028076171875
60,145,145,108.39059,102.0,102.0,6.390586853027344,6.390586853027344
60,146,146,110.39188,101.0,101.0,9.391876220703125,9.391876220703125
60,147,147,111.18151,100.0,100.0,11.181510925292969,11.181510925292969
61,1,1,123.14643,179.0,125.0,-1.8535690307617188,1.8535690307617188
61,2,2,123.35155,178.0,125.0,-1.6484527587890625,1.6484527587890625
61,3,3,122.939,177.0,125.0,-2.0609970092773438,2.0609970092773438
61,4,4,122.81156,176.0,125.0,-2.1884384155273438,2.1884384155273438
61,5,5,121.9888,175.0,125.0,-3.011199951171875,3.011199951171875
61,6,6,122.90068,174.0,125.0,-2.0993194580078125,2.0993194580078125
61,7,7,122.92082,173.0,125.0,-2.0791778564453125,2.0791778564453125
61,8,8,122.295074,172.0,125.0,-2.704925537109375,2.704925537109375
61,9,9,122.39965,171.0,125.0,-2.6003494262695312,2.6003494262695312
61,10,10,122.92539,170.0,125.0,-2.0746078491210938,2.0746078491210938
61,11,11,122.72211,169.0,125.0,-2.27789306640625,2.27789306640625
61,12,12,122.93726,168.0,125.0,-2.0627365112304688,2.0627365112304688
61,13,13,122.022545,167.0,125.0,-2.9774551391601562,2.9774551391601562
61,14,14,122.68059,166.0,125.0,-2.3194122314453125,2.3194122314453125
61,15,15,121.53858,165.0,125.0,-3.4614181518554688,3.4614181518554688
61,16,16,121.168274,164.0,125.0,-3.83172607421875,3.83172607421875
61,17,17,119.87334,163.0,125.0,-5.1266632080078125,5.1266632080078125
61,18,18,119.51389,162.0,125.0,-5.486106872558594,5.486106872558594
61,19,19,118.83399,161.0,125.0,-6.166007995605469,6.166007995605469
61,20,20,119.17337,160.0,125.0,-5.826629638671875,5.826629638671875
61,21,21,121.51706,159.0,125.0,-3.482940673828125,3.482940673828125
61,22,22,120.92993,158.0,125.0,-4.070068359375,4.070068359375
61,23,23,120.09843,157.0,125.0,-4.901573181152344,4.901573181152344
61,24,24,120.522026,156.0,125.0,-4.477973937988281,4.477973937988281
61,25,25,120.899826,155.0,125.0,-4.1001739501953125,4.1001739501953125
61,26,26,119.99832,154.0,125.0,-5.001678466796875,5.001678466796875
61,27,27,121.09512,153.0,125.0,-3.904876708984375,3.904876708984375
61,28,28,120.525246,152.0,125.0,-4.474754333496094,4.474754333496094
61,29,29,120.472946,151.0,125.0,-4.5270538330078125,4.5270538330078125
61,30,30,120.863235,150.0,125.0,-4.1367645263671875,4.1367645263671875
61,31,31,121.727356,149.0,125.0,-3.27264404296875,3.27264404296875
61,32,32,122.22802,148.0,125.0,-2.7719802856445312,2.7719802856445312
61,33,33,122.26369,147.0,125.0,-2.7363128662109375,2.7363128662109375
61,34,34,120.91982,146.0,125.0,-4.080177307128906,4.080177307128906
61,35,35,122.254585,145.0,125.0,-2.7454147338867188,2.7454147338867188
61,36,36,121.647255,144.0,125.0,-3.3527450561523438,3.3527450561523438
61,37,37,122.00512,143.0,125.0,-2.9948806762695312,2.9948806762695312
61,38,38,121.73544,142.0,125.0,-3.264556884765625,3.264556884765625
61,39,39,121.868546,141.0,125.0,-3.1314544677734375,3.1314544677734375
61,40,40,121.232285,140.0,125.0,-3.7677154541015625,3.7677154541015625
61,41,41,119.94416,139.0,125.0,-5.055839538574219,5.055839538574219
61,42,42,122.57738,138.0,125.0,-2.4226226806640625,2.4226226806640625
61,43,43,122.56842,137.0,125.0,-2.43157958984375,2.43157958984375
61,44,44,122.87622,136.0,125.0,-2.123779296875,2.123779296875
61,45,45,123.22708,135.0,125.0,-1.772918701171875,1.772918701171875
61,46,46,122.547554,134.0,125.0,-2.4524459838867188,2.4524459838867188
61,47,47,123.06927,133.0,125.0,-1.9307327270507812,1.9307327270507812
61,48,48,123.5728,132.0,125.0,-1.4272003173828125,1.4272003173828125
61,49,49,123.539246,131.0,125.0,-1.46075439453125,1.46075439453125
61,50,50,123.00464,130.0,125.0,-1.995361328125,1.995361328125
61,51,51,123.47565,129.0,125.0,-1.52435302734375,1.52435302734375
61,52,52,122.79563,128.0,125.0,-2.2043685913085938,2.2043685913085938
61,53,53,122.29808,127.0,125.0,-2.7019195556640625,2.7019195556640625
61,54,54,120.13238,126.0,125.0,-4.867622375488281,4.867622375488281
61,55,55,122.30274,125.0,125.0,-2.6972579956054688,2.6972579956054688
61,56,56,121.99703,124.0,124.0,-2.0029678344726562,2.0029678344726562
61,57,57,121.37628,123.0,123.0,-1.62371826171875,1.62371826171875
61,58,58,121.44294,122.0,122.0,-0.5570602416992188,0.5570602416992188
61,59,59,118.77077,121.0,121.0,-2.2292327880859375,2.2292327880859375
61,60,60,118.20618,120.0,120.0,-1.7938232421875,1.7938232421875
61,61,61,116.48033,119.0,119.0,-2.5196685791015625,2.5196685791015625
61,62,62,118.51653,118.0,118.0,0.5165328979492188,0.5165328979492188
61,63,63,117.66863,117.0,117.0,0.6686325073242188,0.6686325073242188
61,64,64,114.075066,116.0,116.0,-1.9249343872070312,1.9249343872070312
61,65,65,116.122215,115.0,115.0,1.1222152709960938,1.1222152709960938
61,66,66,116.57785,114.0,114.0,2.577850341796875,2.577850341796875
61,67,67,118.50685,113.0,113.0,5.5068511962890625,5.5068511962890625
61,68,68,118.58157,112.0,112.0,6.581573486328125,6.581573486328125
61,69,69,117.98515,111.0,111.0,6.9851531982421875,6.9851531982421875
61,70,70,116.04199,110.0,110.0,6.0419921875,6.0419921875
61,71,71,116.95064,109.0,109.0,7.9506378173828125,7.9506378173828125
61,72,72,119.83796,108.0,108.0,11.837959289550781,11.837959289550781
61,73,73,118.903015,107.0,107.0,11.90301513671875,11.90301513671875
61,74,74,119.41316,106.0,106.0,13.413162231445312,13.413162231445312
61,75,75,120.48091,105.0,105.0,15.480911254882812,15.480911254882812
61,76,76,117.39818,104.0,104.0,13.398178100585938,13.398178100585938
61,77,77,119.07446,103.0,103.0,16.074462890625,16.074462890625
61,78,78,114.94118,102.0,102.0,12.941177368164062,12.941177368164062
61,79,79,116.718704,101.0,101.0,15.718704223632812,15.718704223632812
61,80,80,118.19822,100.0,100.0,18.198219299316406,18.198219299316406
61,81,81,114.98947,99.0,99.0,15.989471435546875,15.989471435546875
61,82,82,112.62529,98.0,98.0,14.625289916992188,14.625289916992188
61,83,83,110.34886,97.0,97.0,13.348861694335938,13.348861694335938
61,84,84,106.63187,96.0,96.0,10.631866455078125,10.631866455078125
61,85,85,110.52452,95.0,95.0,15.524520874023438,15.524520874023438
61,86,86,113.17171,94.0,94.0,19.171707153320312,19.171707153320312
61,87,87,109.37915,93.0,93.0,16.379150390625,16.379150390625
61,88,88,111.1168,92.0,92.0,19.116798400878906,19.116798400878906
61,89,89,107.23,91.0,91.0,16.230003356933594,16.230003356933594
61,90,90,103.493805,90.0,90.0,13.493804931640625,13.493804931640625
61,91,91,105.90047,89.0,89.0,16.900466918945312,16.900466918945312
61,92,92,110.96776,88.0,88.0,22.967758178710938,22.967758178710938
61,93,93,111.55806,87.0,87.0,24.558059692382812,24.558059692382812
61,94,94,102.58638,86.0,86.0,16.586380004882812,16.586380004882812
61,95,95,101.48978,85.0,85.0,16.489776611328125,16.489776611328125
61,96,96,108.317505,84.0,84.0,24.3175048828125,24.3175048828125
61,97,97,106.308014,83.0,83.0,23.308013916015625,23.308013916015625
61,98,98,105.408936,82.0,82.0,23.408935546875,23.408935546875
61,99,99,104.19786,81.0,81.0,23.197860717773438,23.197860717773438
61,100,100,91.72928,80.0,80.0,11.729278564453125,11.729278564453125
61,101,101,96.535446,79.0,79.0,17.535446166992188,17.535446166992188
61,102,102,99.62862,78.0,78.0,21.628616333007812,21.628616333007812
61,103,103,98.814545,77.0,77.0,21.814544677734375,21.814544677734375
61,104,104,100.58623,76.0,76.0,24.586227416992188,24.586227416992188
61,105,105,105.31828,75.0,75.0,30.318283081054688,30.318283081054688
61,106,106,106.573425,74.0,74.0,32.57342529296875,32.57342529296875
61,107,107,93.942184,73.0,73.0,20.942184448242188,20.942184448242188
61,108,108,77.21535,72.0,72.0,5.2153472900390625,5.2153472900390625
61,109,109,80.74966,71.0,71.0,9.749656677246094,9.749656677246094
61,110,110,78.90101,70.0,70.0,8.901008605957031,8.901008605957031
61,111,111,78.59958,69.0,69.0,9.599578857421875,9.599578857421875
61,112,112,79.16963,68.0,68.0,11.169631958007812,11.169631958007812
61,113,113,81.125885,67.0,67.0,14.125885009765625,14.125885009765625
61,114,114,76.22614,66.0,66.0,10.226142883300781,10.226142883300781
61,115,115,69.15239,65.0,65.0,4.1523895263671875,4.1523895263671875
61,116,116,63.20182,64.0,64.0,-0.7981796264648438,0.7981796264648438
61,117,117,62.81923,63.0,63.0,-0.1807708740234375,0.1807708740234375
61,118,118,60.68795,62.0,62.0,-1.3120498657226562,1.3120498657226562
61,119,119,61.99842,61.0,61.0,0.9984207153320312,0.9984207153320312
61,120,120,58.411865,60.0,60.0,-1.588134765625,1.588134765625
61,121,121,57.58892,59.0,59.0,-1.4110794067382812,1.4110794067382812
61,122,122,57.208736,58.0,58.0,-0.7912635803222656,0.7912635803222656
61,123,123,57.586254,57.0,57.0,0.5862541198730469,0.5862541198730469
61,124,124,54.726887,56.0,56.0,-1.2731132507324219,1.2731132507324219
61,125,125,52.93881,55.0,55.0,-2.0611915588378906,2.0611915588378906
61,126,126,54.6066,54.0,54.0,0.6066017150878906,0.6066017150878906
61,127,127,46.549053,53.0,53.0,-6.450946807861328,6.450946807861328
61,128,128,52.601276,52.0,52.0,0.6012763977050781,0.6012763977050781
61,129,129,54.985233,51.0,51.0,3.9852333068847656,3.9852333068847656
61,130,130,54.136993,50.0,50.0,4.136993408203125,4.136993408203125
61,131,131,51.85702,49.0,49.0,2.8570213317871094,2.8570213317871094
61,132,132,51.317257,48.0,48.0,3.3172569274902344,3.3172569274902344
61,133,133,57.508865,47.0,47.0,10.508865356445312,10.508865356445312
61,134,134,57.938152,46.0,46.0,11.938152313232422,11.938152313232422
61,135,135,59.674595,45.0,45.0,14.67459487915039,14.67459487915039
61,136,136,59.72791,44.0,44.0,15.727909088134766,15.727909088134766
61,137,137,52.668495,43.0,43.0,9.668495178222656,9.668495178222656
61,138,138,49.63532,42.0,42.0,7.635318756103516,7.635318756103516
61,139,139,51.342617,41.0,41.0,10.34261703491211,10.34261703491211
61,140,140,51.387493,40.0,40.0,11.387493133544922,11.387493133544922
61,141,141,48.19129,39.0,39.0,9.191291809082031,9.191291809082031
61,142,142,50.06393,38.0,38.0,12.06393051147461,12.06393051147461
61,143,143,51.42623,37.0,37.0,14.426231384277344,14.426231384277344
61,144,144,49.955173,36.0,36.0,13.95517349243164,13.95517349243164
61,145,145,41.81404,35.0,35.0,6.8140411376953125,6.8140411376953125
61,146,146,42.555492,34.0,34.0,8.555492401123047,8.555492401123047
61,147,147,40.775524,33.0,33.0,7.775524139404297,7.775524139404297
61,148,148,37.601555,32.0,32.0,5.601554870605469,5.601554870605469
61,149,149,38.245583,31.0,31.0,7.245582580566406,7.245582580566406
61,150,150,29.95232,30.0,30.0,-0.047679901123046875,0.047679901123046875
61,151,151,28.650507,29.0,29.0,-0.34949302673339844,0.34949302673339844
61,152,152,28.413092,28.0,28.0,0.41309165954589844,0.41309165954589844
61,153,153,26.89933,27.0,27.0,-0.10066986083984375,0.10066986083984375
61,154,154,25.441061,26.0,26.0,-0.5589389801025391,0.5589389801025391
61,155,155,25.868391,25.0,25.0,0.8683910369873047,0.8683910369873047
61,156,156,23.828918,24.0,24.0,-0.17108154296875,0.17108154296875
61,157,157,21.759293,23.0,23.0,-1.2407073974609375,1.2407073974609375
61,158,158,20.165173,22.0,22.0,-1.8348274230957031,1.8348274230957031
61,159,159,18.300344,21.0,21.0,-2.699655532836914,2.699655532836914
62,1,1,123.98094,285.0,125.0,-1.0190582275390625,1.0190582275390625
62,2,2,123.77795,284.0,125.0,-1.2220535278320312,1.2220535278320312
62,3,3,123.52802,283.0,125.0,-1.4719772338867188,1.4719772338867188
62,4,4,123.97416,282.0,125.0,-1.0258407592773438,1.0258407592773438
62,5,5,124.087296,281.0,125.0,-0.9127044677734375,0.9127044677734375
62,6,6,123.88453,280.0,125.0,-1.1154708862304688,1.1154708862304688
62,7,7,124.08194,279.0,125.0,-0.918060302734375,0.918060302734375
62,8,8,124.27113,278.0,125.0,-0.7288665771484375,0.7288665771484375
62,9,9,124.21721,277.0,125.0,-0.7827911376953125,0.7827911376953125
62,10,10,124.24552,276.0,125.0,-0.7544784545898438,0.7544784545898438
62,11,11,124.261246,275.0,125.0,-0.7387542724609375,0.7387542724609375
62,12,12,124.2773,274.0,125.0,-0.7227020263671875,0.7227020263671875
62,13,13,124.10971,273.0,125.0,-0.890289306640625,0.890289306640625
62,14,14,124.26659,272.0,125.0,-0.7334136962890625,0.7334136962890625
62,15,15,123.99998,271.0,125.0,-1.0000228881835938,1.0000228881835938
62,16,16,124.159225,270.0,125.0,-0.8407745361328125,0.8407745361328125
62,17,17,124.28905,269.0,125.0,-0.7109527587890625,0.7109527587890625
62,18,18,124.21143,268.0,125.0,-0.7885665893554688,0.7885665893554688
62,19,19,124.281685,267.0,125.0,-0.7183151245117188,0.7183151245117188
62,20,20,124.15236,266.0,125.0,-0.8476409912109375,0.8476409912109375
62,21,21,124.22813,265.0,125.0,-0.7718734741210938,0.7718734741210938
62,22,22,124.12588,264.0,125.0,-0.8741226196289062,0.8741226196289062
62,23,23,124.165016,263.0,125.0,-0.8349838256835938,0.8349838256835938
62,24,24,124.140175,262.0,125.0,-0.8598251342773438,0.8598251342773438
62,25,25,124.19911,261.0,125.0,-0.8008880615234375,0.8008880615234375
62,26,26,124.19589,260.0,125.0,-0.804107666015625,0.804107666015625
62,27,27,124.072525,259.0,125.0,-0.9274749755859375,0.9274749755859375
62,28,28,123.99742,258.0,125.0,-1.0025787353515625,1.0025787353515625
62,29,29,124.16789,257.0,125.0,-0.8321075439453125,0.8321075439453125
62,30,30,124.1044,256.0,125.0,-0.895599365234375,0.895599365234375
62,31,31,123.66022,255.0,125.0,-1.33978271484375,1.33978271484375
62,32,32,123.19476,254.0,125.0,-1.80523681640625,1.80523681640625
62,33,33,123.71284,253.0,125.0,-1.2871627807617188,1.2871627807617188
62,34,34,123.93704,252.0,125.0,-1.062957763671875,1.062957763671875
62,35,35,123.51916,251.0,125.0,-1.4808425903320312,1.4808425903320312
62,36,36,124.03809,250.0,125.0,-0.9619064331054688,0.9619064331054688
62,37,37,123.97124,249.0,125.0,-1.0287628173828125,1.0287628173828125
62,38,38,124.12636,248.0,125.0,-0.8736419677734375,0.8736419677734375
62,39,39,124.16372,247.0,125.0,-0.8362808227539062,0.8362808227539062
62,40,40,123.812836,246.0,125.0,-1.187164306640625,1.187164306640625
62,41,41,123.697495,245.0,125.0,-1.3025054931640625,1.3025054931640625
62,42,42,123.39944,244.0,125.0,-1.6005630493164062,1.6005630493164062
62,43,43,123.9001,243.0,125.0,-1.0998992919921875,1.0998992919921875
62,44,44,123.3687,242.0,125.0,-1.6313018798828125,1.6313018798828125
62,45,45,123.55666,241.0,125.0,-1.4433364868164062,1.4433364868164062
62,46,46,123.61285,240.0,125.0,-1.3871536254882812,1.3871536254882812
62,47,47,123.333466,239.0,125.0,-1.666534423828125,1.666534423828125
62,48,48,123.54477,238.0,125.0,-1.455230712890625,1.455230712890625
62,49,49,123.889694,237.0,125.0,-1.1103057861328125,1.1103057861328125
62,50,50,123.829834,236.0,125.0,-1.170166015625,1.170166015625
62,51,51,123.47245,235.0,125.0,-1.5275497436523438,1.5275497436523438
62,52,52,123.50261,234.0,125.0,-1.4973907470703125,1.4973907470703125
62,53,53,124.10918,233.0,125.0,-0.8908233642578125,0.8908233642578125
62,54,54,124.12254,232.0,125.0,-0.8774566650390625,0.8774566650390625
62,55,55,123.88112,231.0,125.0,-1.1188812255859375,1.1188812255859375
62,56,56,123.54625,230.0,125.0,-1.4537506103515625,1.4537506103515625
62,57,57,123.9222,229.0,125.0,-1.0777969360351562,1.0777969360351562
62,58,58,123.977585,228.0,125.0,-1.0224151611328125,1.0224151611328125
62,59,59,124.07341,227.0,125.0,-0.9265899658203125,0.9265899658203125
62,60,60,124.14036,226.0,125.0,-0.8596420288085938,0.8596420288085938
62,61,61,124.324844,225.0,125.0,-0.6751556396484375,0.6751556396484375
62,62,62,124.16638,224.0,125.0,-0.8336181640625,0.8336181640625
62,63,63,123.80113,223.0,125.0,-1.1988677978515625,1.1988677978515625
62,64,64,123.79952,222.0,125.0,-1.2004776000976562,1.2004776000976562
62,65,65,123.68414,221.0,125.0,-1.31585693359375,1.31585693359375
62,66,66,124.10413,220.0,125.0,-0.8958663940429688,0.8958663940429688
62,67,67,123.76488,219.0,125.0,-1.2351226806640625,1.2351226806640625
62,68,68,123.289955,218.0,125.0,-1.7100448608398438,1.7100448608398438
62,69,69,123.22194,217.0,125.0,-1.7780609130859375,1.7780609130859375
62,70,70,123.924065,216.0,125.0,-1.0759353637695312,1.0759353637695312
62,71,71,124.05194,215.0,125.0,-0.94805908203125,0.94805908203125
62,72,72,123.634544,214.0,125.0,-1.3654556274414062,1.3654556274414062
62,73,73,123.54904,213.0,125.0,-1.450958251953125,1.450958251953125
62,74,74,123.32576,212.0,125.0,-1.6742401123046875,1.6742401123046875
62,75,75,123.85159,211.0,125.0,-1.148406982421875,1.148406982421875
62,76,76,123.58899,210.0,125.0,-1.4110107421875,1.4110107421875
62,77,77,123.35399,209.0,125.0,-1.6460113525390625,1.6460113525390625
62,78,78,124.09761,208.0,125.0,-0.9023895263671875,0.9023895263671875
62,79,79,124.089676,207.0,125.0,-0.9103240966796875,0.9103240966796875
62,80,80,124.11965,206.0,125.0,-0.8803482055664062,0.8803482055664062
62,81,81,123.71501,205.0,125.0,-1.2849884033203125,1.2849884033203125
62,82,82,123.95221,204.0,125.0,-1.04779052734375,1.04779052734375
62,83,83,123.94299,203.0,125.0,-1.0570068359375,1.0570068359375
62,84,84,124.17532,202.0,125.0,-0.824676513671875,0.824676513671875
62,85,85,124.17135,201.0,125.0,-0.8286514282226562,0.8286514282226562
62,86,86,124.1727,200.0,125.0,-0.827301025390625,0.827301025390625
62,87,87,123.90048,199.0,125.0,-1.099517822265625,1.099517822265625
62,88,88,123.97049,198.0,125.0,-1.029510498046875,1.029510498046875
62,89,89,124.098785,197.0,125.0,-0.901214599609375,0.901214599609375
62,90,90,123.61264,196.0,125.0,-1.387359619140625,1.387359619140625
62,91,91,124.03978,195.0,125.0,-0.9602203369140625,0.9602203369140625
62,92,92,123.62895,194.0,125.0,-1.3710479736328125,1.3710479736328125
62,93,93,123.86442,193.0,125.0,-1.1355819702148438,1.1355819702148438
62,94,94,123.11755,192.0,125.0,-1.8824462890625,1.8824462890625
62,95,95,123.46408,191.0,125.0,-1.535919189453125,1.535919189453125
62,96,96,123.540985,190.0,125.0,-1.459014892578125,1.459014892578125
62,97,97,123.23733,189.0,125.0,-1.7626724243164062,1.7626724243164062
62,98,98,123.47301,188.0,125.0,-1.5269927978515625,1.5269927978515625
62,99,99,123.500015,187.0,125.0,-1.4999847412109375,1.4999847412109375
62,100,100,123.508194,186.0,125.0,-1.4918060302734375,1.4918060302734375
62,101,101,124.05597,185.0,125.0,-0.94403076171875,0.94403076171875
62,102,102,123.807465,184.0,125.0,-1.192535400390625,1.192535400390625
62,103,103,124.0618,183.0,125.0,-0.938201904296875,0.938201904296875
62,104,104,123.69745,182.0,125.0,-1.30255126953125,1.30255126953125
62,105,105,123.9916,181.0,125.0,-1.0083999633789062,1.0083999633789062
62,106,106,122.57536,180.0,125.0,-2.4246368408203125,2.4246368408203125
62,107,107,123.0833,179.0,125.0,-1.9167022705078125,1.9167022705078125
62,108,108,122.93742,178.0,125.0,-2.0625762939453125,2.0625762939453125
62,109,109,122.509674,177.0,125.0,-2.490325927734375,2.490325927734375
62,110,110,123.04351,176.0,125.0,-1.9564895629882812,1.9564895629882812
62,111,111,121.89476,175.0,125.0,-3.1052398681640625,3.1052398681640625
62,112,112,122.67416,174.0,125.0,-2.3258438110351562,2.3258438110351562
62,113,113,122.368774,173.0,125.0,-2.6312255859375,2.6312255859375
62,114,114,122.45564,172.0,125.0,-2.5443572998046875,2.5443572998046875
62,115,115,122.131905,171.0,125.0,-2.8680953979492188,2.8680953979492188
62,116,116,123.12567,170.0,125.0,-1.87432861328125,1.87432861328125
62,117,117,123.567184,169.0,125.0,-1.4328155517578125,1.4328155517578125
62,118,118,123.80797,168.0,125.0,-1.1920318603515625,1.1920318603515625
62,119,119,123.63106,167.0,125.0,-1.3689422607421875,1.3689422607421875
62,120,120,123.66531,166.0,125.0,-1.334686279296875,1.334686279296875
62,121,121,123.40222,165.0,125.0,-1.5977783203125,1.5977783203125
62,122,122,123.493706,164.0,125.0,-1.5062942504882812,1.5062942504882812
62,123,123,123.41083,163.0,125.0,-1.58917236328125,1.58917236328125
62,124,124,123.78137,162.0,125.0,-1.2186279296875,1.2186279296875
62,125,125,123.85252,161.0,125.0,-1.1474761962890625,1.1474761962890625
62,126,126,123.71652,160.0,125.0,-1.283477783203125,1.283477783203125
62,127,127,123.30226,159.0,125.0,-1.6977386474609375,1.6977386474609375
62,128,128,123.58428,158.0,125.0,-1.4157180786132812,1.4157180786132812
62,129,129,123.64967,157.0,125.0,-1.3503265380859375,1.3503265380859375
62,130,130,123.17689,156.0,125.0,-1.8231124877929688,1.8231124877929688
62,131,131,123.69266,155.0,125.0,-1.307342529296875,1.307342529296875
62,132,132,122.91066,154.0,125.0,-2.0893402099609375,2.0893402099609375
62,133,133,122.72333,153.0,125.0,-2.27667236328125,2.27667236328125
62,134,134,122.24436,152.0,125.0,-2.7556381225585938,2.7556381225585938
62,135,135,122.45291,151.0,125.0,-2.547088623046875,2.547088623046875
62,136,136,122.252914,150.0,125.0,-2.7470855712890625,2.7470855712890625
62,137,137,122.61148,149.0,125.0,-2.388519287109375,2.388519287109375
62,138,138,122.90411,148.0,125.0,-2.09588623046875,2.09588623046875
62,139,139,122.83359,147.0,125.0,-2.166412353515625,2.166412353515625
62,140,140,123.536514,146.0,125.0,-1.4634857177734375,1.4634857177734375
62,141,141,122.09567,145.0,125.0,-2.904327392578125,2.904327392578125
62,142,142,122.95833,144.0,125.0,-2.0416717529296875,2.0416717529296875
62,143,143,122.400314,143.0,125.0,-2.5996856689453125,2.5996856689453125
62,144,144,122.319565,142.0,125.0,-2.6804351806640625,2.6804351806640625
62,145,145,120.89984,141.0,125.0,-4.10015869140625,4.10015869140625
62,146,146,121.3775,140.0,125.0,-3.62249755859375,3.62249755859375
62,147,147,121.21014,139.0,125.0,-3.7898635864257812,3.7898635864257812
62,148,148,120.570496,138.0,125.0,-4.42950439453125,4.42950439453125
62,149,149,121.34077,137.0,125.0,-3.6592330932617188,3.6592330932617188
62,150,150,121.61369,136.0,125.0,-3.3863067626953125,3.3863067626953125
62,151,151,121.91506,135.0,125.0,-3.0849380493164062,3.0849380493164062
62,152,152,119.89998,134.0,125.0,-5.1000213623046875,5.1000213623046875
62,153,153,118.69536,133.0,125.0,-6.3046417236328125,6.3046417236328125
62,154,154,117.92004,132.0,125.0,-7.079963684082031,7.079963684082031
62,155,155,119.49987,131.0,125.0,-5.500129699707031,5.500129699707031
62,156,156,120.432274,130.0,125.0,-4.567726135253906,4.567726135253906
62,157,157,115.84032,129.0,125.0,-9.159683227539062,9.159683227539062
62,158,158,117.804634,128.0,125.0,-7.195365905761719,7.195365905761719
62,159,159,117.083595,127.0,125.0,-7.916404724121094,7.916404724121094
62,160,160,115.23954,126.0,125.0,-9.760459899902344,9.760459899902344
62,161,161,117.43524,125.0,125.0,-7.56475830078125,7.56475830078125
62,162,162,117.14815,124.0,124.0,-6.8518524169921875,6.8518524169921875
62,163,163,117.49733,123.0,123.0,-5.5026702880859375,5.5026702880859375
62,164,164,118.20099,122.0,122.0,-3.79901123046875,3.79901123046875
62,165,165,116.47557,121.0,121.0,-4.5244293212890625,4.5244293212890625
62,166,166,117.07002,120.0,120.0,-2.9299774169921875,2.9299774169921875
62,167,167,115.42021,119.0,119.0,-3.5797882080078125,3.5797882080078125
62,168,168,113.30157,118.0,118.0,-4.698432922363281,4.698432922363281
62,169,169,112.90338,117.0,117.0,-4.09661865234375,4.09661865234375
62,170,170,112.31078,116.0,116.0,-3.6892166137695312,3.6892166137695312
62,171,171,106.352554,115.0,115.0,-8.647445678710938,8.647445678710938
62,172,172,104.05472,114.0,114.0,-9.945281982421875,9.945281982421875
62,173,173,102.16182,113.0,113.0,-10.838180541992188,10.838180541992188
62,174,174,105.7476,112.0,112.0,-6.252403259277344,6.252403259277344
62,175,175,98.18525,111.0,111.0,-12.814750671386719,12.814750671386719
62,176,176,106.75882,110.0,110.0,-3.241180419921875,3.241180419921875
62,177,177,105.08739,109.0,109.0,-3.9126129150390625,3.9126129150390625
62,178,178,110.84675,108.0,108.0,2.8467483520507812,2.8467483520507812
62,179,179,111.00339,107.0,107.0,4.003387451171875,4.003387451171875
62,180,180,108.23514,106.0,106.0,2.235137939453125,2.235137939453125
62,181,181,100.505356,105.0,105.0,-4.4946441650390625,4.4946441650390625
62,182,182,100.403656,104.0,104.0,-3.596343994140625,3.596343994140625
62,183,183,102.06262,103.0,103.0,-0.9373779296875,0.9373779296875
62,184,184,92.76825,102.0,102.0,-9.23175048828125,9.23175048828125
62,185,185,99.81961,101.0,101.0,-1.180389404296875,1.180389404296875
62,186,186,103.360794,100.0,100.0,3.3607940673828125,3.3607940673828125
62,187,187,99.050865,99.0,99.0,0.05086517333984375,0.05086517333984375
62,188,188,94.45124,98.0,98.0,-3.5487594604492188,3.5487594604492188
62,189,189,90.46829,97.0,97.0,-6.531707763671875,6.531707763671875
62,190,190,89.338196,96.0,96.0,-6.66180419921875,6.66180419921875
62,191,191,81.36638,95.0,95.0,-13.633621215820312,13.633621215820312
62,192,192,84.499466,94.0,94.0,-9.500534057617188,9.500534057617188
62,193,193,86.71953,93.0,93.0,-6.2804718017578125,6.2804718017578125
62,194,194,96.94057,92.0,92.0,4.9405670166015625,4.9405670166015625
62,195,195,92.41957,91.0,91.0,1.4195709228515625,1.4195709228515625
62,196,196,90.95596,90.0,90.0,0.955963134765625,0.955963134765625
62,197,197,90.40471,89.0,89.0,1.4047088623046875,1.4047088623046875
62,198,198,90.04785,88.0,88.0,2.0478515625,2.0478515625
62,199,199,87.16992,87.0,87.0,0.169921875,0.169921875
62,200,200,93.003746,86.0,86.0,7.003746032714844,7.003746032714844
62,201,201,98.90341,85.0,85.0,13.903411865234375,13.903411865234375
62,202,202,89.09872,84.0,84.0,5.098716735839844,5.098716735839844
62,203,203,88.08096,83.0,83.0,5.080963134765625,5.080963134765625
62,204,204,90.858444,82.0,82.0,8.858444213867188,8.858444213867188
62,205,205,95.55986,81.0,81.0,14.559860229492188,14.559860229492188
62,206,206,93.19452,80.0,80.0,13.19451904296875,13.19451904296875
62,207,207,89.31506,79.0,79.0,10.3150634765625,10.3150634765625
62,208,208,94.59204,78.0,78.0,16.592041015625,16.592041015625
62,209,209,89.22914,77.0,77.0,12.229141235351562,12.229141235351562
62,210,210,80.25802,76.0,76.0,4.258018493652344,4.258018493652344
62,211,211,78.262726,75.0,75.0,3.262725830078125,3.262725830078125
62,212,212,79.35088,74.0,74.0,5.350883483886719,5.350883483886719
62,213,213,71.79233,73.0,73.0,-1.207672119140625,1.207672119140625
62,214,214,73.28827,72.0,72.0,1.28826904296875,1.28826904296875
62,215,215,74.43862,71.0,71.0,3.4386215209960938,3.4386215209960938
62,216,216,67.973145,70.0,70.0,-2.02685546875,2.02685546875
62,217,217,66.81976,69.0,69.0,-2.18023681640625,2.18023681640625
62,218,218,61.835007,68.0,68.0,-6.1649932861328125,6.1649932861328125
62,219,219,68.11668,67.0,67.0,1.1166763305664062,1.1166763305664062
62,220,220,62.15048,66.0,66.0,-3.8495216369628906,3.8495216369628906
62,221,221,62.545376,65.0,65.0,-2.4546241760253906,2.4546241760253906
62,222,222,61.64262,64.0,64.0,-2.357379913330078,2.357379913330078
62,223,223,62.66679,63.0,63.0,-0.3332099914550781,0.3332099914550781
62,224,224,61.102364,62.0,62.0,-0.8976364135742188,0.8976364135742188
62,225,225,59.742085,61.0,61.0,-1.2579154968261719,1.2579154968261719
62,226,226,58.976322,60.0,60.0,-1.0236778259277344,1.0236778259277344
62,227,227,59.329414,59.0,59.0,0.32941436767578125,0.32941436767578125
62,228,228,56.828815,58.0,58.0,-1.1711845397949219,1.1711845397949219
62,229,229,55.005093,57.0,57.0,-1.9949073791503906,1.9949073791503906
62,230,230,53.843456,56.0,56.0,-2.156543731689453,2.156543731689453
62,231,231,48.416637,55.0,55.0,-6.583362579345703,6.583362579345703
62,232,232,43.234993,54.0,54.0,-10.765007019042969,10.765007019042969
63,1,1,105.957275,226.0,125.0,-19.042724609375,19.042724609375
63,2,2,108.861115,225.0,125.0,-16.138885498046875,16.138885498046875
63,3,3,110.17345,224.0,125.0,-14.826553344726562,14.826553344726562
63,4,4,111.62022,223.0,125.0,-13.379783630371094,13.379783630371094
63,5,5,112.29482,222.0,125.0,-12.705177307128906,12.705177307128906
63,6,6,113.169586,221.0,125.0,-11.830413818359375,11.830413818359375
63,7,7,113.54748,220.0,125.0,-11.452522277832031,11.452522277832031
63,8,8,113.903145,219.0,125.0,-11.096855163574219,11.096855163574219
63,9,9,113.98994,218.0,125.0,-11.010063171386719,11.010063171386719
63,10,10,114.094864,217.0,125.0,-10.905136108398438,10.905136108398438
63,11,11,114.18069,216.0,125.0,-10.819313049316406,10.819313049316406
63,12,12,114.243,215.0,125.0,-10.757003784179688,10.757003784179688
63,13,13,114.31167,214.0,125.0,-10.688331604003906,10.688331604003906
63,14,14,114.353676,213.0,125.0,-10.646324157714844,10.646324157714844
63,15,15,114.370834,212.0,125.0,-10.629165649414062,10.629165649414062
63,16,16,114.40251,211.0,125.0,-10.597488403320312,10.597488403320312
63,17,17,114.433815,210.0,125.0,-10.566184997558594,10.566184997558594
63,18,18,114.43112,209.0,125.0,-10.568878173828125,10.568878173828125
63,19,19,114.42551,208.0,125.0,-10.574493408203125,10.574493408203125
63,20,20,114.440414,207.0,125.0,-10.559585571289062,10.559585571289062
63,21,21,114.44212,206.0,125.0,-10.557876586914062,10.557876586914062
63,22,22,114.43073,205.0,125.0,-10.569267272949219,10.569267272949219
63,23,23,114.4265,204.0,125.0,-10.573501586914062,10.573501586914062
63,24,24,114.43263,203.0,125.0,-10.567367553710938,10.567367553710938
63,25,25,114.42142,202.0,125.0,-10.578582763671875,10.578582763671875
63,26,26,114.398315,201.0,125.0,-10.6016845703125,10.6016845703125
63,27,27,114.39714,200.0,125.0,-10.602859497070312,10.602859497070312
63,28,28,114.354485,199.0,125.0,-10.645515441894531,10.645515441894531
63,29,29,114.32991,198.0,125.0,-10.670089721679688,10.670089721679688
63,30,30,114.312325,197.0,125.0,-10.687675476074219,10.687675476074219
63,31,31,114.13261,196.0,125.0,-10.867393493652344,10.867393493652344
63,32,32,114.075455,195.0,125.0,-10.924545288085938,10.924545288085938
63,33,33,114.002045,194.0,125.0,-10.997955322265625,10.997955322265625
63,34,34,113.95189,193.0,125.0,-11.048110961914062,11.048110961914062
63,35,35,65.1212,192.0,125.0,-59.87879943847656,59.87879943847656
63,36,36,101.6232,191.0,125.0,-23.376800537109375,23.376800537109375
63,37,37,117.67029,190.0,125.0,-7.3297119140625,7.3297119140625
63,38,38,112.11865,189.0,125.0,-12.88134765625,12.88134765625
63,39,39,113.1009,188.0,125.0,-11.899101257324219,11.899101257324219
63,40,40,113.88376,187.0,125.0,-11.116241455078125,11.116241455078125
63,41,41,113.91245,186.0,125.0,-11.087547302246094,11.087547302246094
63,42,42,113.904,185.0,125.0,-11.096000671386719,11.096000671386719
63,43,43,114.03893,184.0,125.0,-10.961067199707031,10.961067199707031
63,44,44,114.05249,183.0,125.0,-10.947509765625,10.947509765625
63,45,45,114.0948,182.0,125.0,-10.905197143554688,10.905197143554688
63,46,46,114.13605,181.0,125.0,-10.86395263671875,10.86395263671875
63,47,47,114.176445,180.0,125.0,-10.823554992675781,10.823554992675781
63,48,48,114.16371,179.0,125.0,-10.836288452148438,10.836288452148438
63,49,49,114.23824,178.0,125.0,-10.761756896972656,10.761756896972656
63,50,50,114.12549,177.0,125.0,-10.87451171875,10.87451171875
63,51,51,114.00292,176.0,125.0,-10.997077941894531,10.997077941894531
63,52,52,113.900604,175.0,125.0,-11.099395751953125,11.099395751953125
63,53,53,113.915924,174.0,125.0,-11.084075927734375,11.084075927734375
63,54,54,113.94131,173.0,125.0,-11.058692932128906,11.058692932128906
63,55,55,113.8516,172.0,125.0,-11.148399353027344,11.148399353027344
63,56,56,113.73473,171.0,125.0,-11.265266418457031,11.265266418457031
63,57,57,112.985344,170.0,125.0,-12.014656066894531,12.014656066894531
63,58,58,113.89462,169.0,125.0,-11.105377197265625,11.105377197265625
63,59,59,111.14487,168.0,125.0,-13.855133056640625,13.855133056640625
63,60,60,113.072655,167.0,125.0,-11.927345275878906,11.927345275878906
63,61,61,113.09197,166.0,125.0,-11.908027648925781,11.908027648925781
63,62,62,112.03912,165.0,125.0,-12.96087646484375,12.96087646484375
63,63,63,113.17943,164.0,125.0,-11.820571899414062,11.820571899414062
63,64,64,113.16916,163.0,125.0,-11.830841064453125,11.830841064453125
63,65,65,111.973946,162.0,125.0,-13.026054382324219,13.026054382324219
63,66,66,112.75204,161.0,125.0,-12.247962951660156,12.247962951660156
63,67,67,112.9648,160.0,125.0,-12.035202026367188,12.035202026367188
63,68,68,112.44131,159.0,125.0,-12.558692932128906,12.558692932128906
63,69,69,111.918625,158.0,125.0,-13.081375122070312,13.081375122070312
63,70,70,110.06479,157.0,125.0,-14.935211181640625,14.935211181640625
63,71,71,108.047874,156.0,125.0,-16.952125549316406,16.952125549316406
63,72,72,112.712234,155.0,125.0,-12.287765502929688,12.287765502929688
63,73,73,113.52486,154.0,125.0,-11.475143432617188,11.475143432617188
63,74,74,113.57668,153.0,125.0,-11.423316955566406,11.423316955566406
63,75,75,113.51512,152.0,125.0,-11.484878540039062,11.484878540039062
63,76,76,113.51352,151.0,125.0,-11.486480712890625,11.486480712890625
63,77,77,113.343796,150.0,125.0,-11.656204223632812,11.656204223632812
63,78,78,113.74989,149.0,125.0,-11.250106811523438,11.250106811523438
63,79,79,113.75427,148.0,125.0,-11.2457275390625,11.2457275390625
63,80,80,112.08251,147.0,125.0,-12.917488098144531,12.917488098144531
63,81,81,112.7491,146.0,125.0,-12.250900268554688,12.250900268554688
63,82,82,112.697014,145.0,125.0,-12.302986145019531,12.302986145019531
63,83,83,113.348915,144.0,125.0,-11.651084899902344,11.651084899902344
63,84,84,111.300446,143.0,125.0,-13.699554443359375,13.699554443359375
63,85,85,113.055305,142.0,125.0,-11.944694519042969,11.944694519042969
63,86,86,112.85036,141.0,125.0,-12.149642944335938,12.149642944335938
63,87,87,112.198074,140.0,125.0,-12.801925659179688,12.801925659179688
63,88,88,113.109985,139.0,125.0,-11.8900146484375,11.8900146484375
63,89,89,110.02353,138.0,125.0,-14.976470947265625,14.976470947265625
63,90,90,111.92913,137.0,125.0,-13.070869445800781,13.070869445800781
63,91,91,111.97839,136.0,125.0,-13.0216064453125,13.0216064453125
63,92,92,107.89618,135.0,125.0,-17.10382080078125,17.10382080078125
63,93,93,111.069,134.0,125.0,-13.930999755859375,13.930999755859375
63,94,94,108.7974,133.0,125.0,-16.202598571777344,16.202598571777344
63,95,95,101.568146,132.0,125.0,-23.431854248046875,23.431854248046875
63,96,96,105.6632,131.0,125.0,-19.33679962158203,19.33679962158203
63,97,97,111.14279,130.0,125.0,-13.857208251953125,13.857208251953125
63,98,98,113.26643,129.0,125.0,-11.733566284179688,11.733566284179688
63,99,99,113.2962,128.0,125.0,-11.70379638671875,11.70379638671875
63,100,100,112.7449,127.0,125.0,-12.255096435546875,12.255096435546875
63,101,101,111.5826,126.0,125.0,-13.417396545410156,13.417396545410156
63,102,102,112.02742,125.0,125.0,-12.972579956054688,12.972579956054688
63,103,103,111.55298,124.0,124.0,-12.447021484375,12.447021484375
63,104,104,112.98454,123.0,123.0,-10.015457153320312,10.015457153320312
63,105,105,113.17798,122.0,122.0,-8.822021484375,8.822021484375
63,106,106,113.43425,121.0,121.0,-7.5657501220703125,7.5657501220703125
63,107,107,113.709274,120.0,120.0,-6.2907257080078125,6.2907257080078125
63,108,108,113.904144,119.0,119.0,-5.095855712890625,5.095855712890625
63,109,109,113.73415,118.0,118.0,-4.265846252441406,4.265846252441406
63,110,110,113.371735,117.0,117.0,-3.628265380859375,3.628265380859375
63,111,111,113.89072,116.0,116.0,-2.109283447265625,2.109283447265625
63,112,112,113.9408,115.0,115.0,-1.0591964721679688,1.0591964721679688
63,113,113,113.85915,114.0,114.0,-0.14084625244140625,0.14084625244140625
63,114,114,114.054955,113.0,113.0,1.0549545288085938,1.0549545288085938
63,115,115,114.1891,112.0,112.0,2.1891021728515625,2.1891021728515625
63,116,116,114.18227,111.0,111.0,3.1822662353515625,3.1822662353515625
63,117,117,113.29975,110.0,110.0,3.2997512817382812,3.2997512817382812
63,118,118,113.55974,109.0,109.0,4.5597381591796875,4.5597381591796875
63,119,119,111.85472,108.0,108.0,3.8547210693359375,3.8547210693359375
63,120,120,112.447495,107.0,107.0,5.4474945068359375,5.4474945068359375
63,121,121,111.244965,106.0,106.0,5.244964599609375,5.244964599609375
63,122,122,112.47265,105.0,105.0,7.472648620605469,7.472648620605469
63,123,123,112.40775,104.0,104.0,8.407752990722656,8.407752990722656
63,124,124,112.38913,103.0,103.0,9.389129638671875,9.389129638671875
63,125,125,109.788086,102.0,102.0,7.7880859375,7.7880859375
63,126,126,109.043846,101.0,101.0,8.043846130371094,8.043846130371094
63,127,127,106.96677,100.0,100.0,6.966766357421875,6.966766357421875
63,128,128,109.70183,99.0,99.0,10.701828002929688,10.701828002929688
63,129,129,99.11864,98.0,98.0,1.1186370849609375,1.1186370849609375
63,130,130,98.65245,97.0,97.0,1.6524505615234375,1.6524505615234375
63,131,131,75.26157,96.0,96.0,-20.738426208496094,20.738426208496094
63,132,132,82.14873,95.0,95.0,-12.851272583007812,12.851272583007812
63,133,133,105.75158,94.0,94.0,11.751579284667969,11.751579284667969
63,134,134,104.11275,93.0,93.0,11.112747192382812,11.112747192382812
63,135,135,104.8275,92.0,92.0,12.827499389648438,12.827499389648438
63,136,136,82.264084,91.0,91.0,-8.735916137695312,8.735916137695312
63,137,137,78.372086,90.0,90.0,-11.627914428710938,11.627914428710938
63,138,138,67.24596,89.0,89.0,-21.754043579101562,21.754043579101562
63,139,139,54.509205,88.0,88.0,-33.49079513549805,33.49079513549805
63,140,140,46.28347,87.0,87.0,-40.716529846191406,40.716529846191406
63,141,141,46.35895,86.0,86.0,-39.641048431396484,39.641048431396484
63,142,142,41.79325,85.0,85.0,-43.206748962402344,43.206748962402344
63,143,143,42.63965,84.0,84.0,-41.3603515625,41.3603515625
63,144,144,43.623066,83.0,83.0,-39.37693405151367,39.37693405151367
63,145,145,56.372562,82.0,82.0,-25.627437591552734,25.627437591552734
63,146,146,63.947414,81.0,81.0,-17.05258560180664,17.05258560180664
63,147,147,54.29158,80.0,80.0,-25.708419799804688,25.708419799804688
63,148,148,54.20419,79.0,79.0,-24.79581069946289,24.79581069946289
63,149,149,63.219025,78.0,78.0,-14.780975341796875,14.780975341796875
63,150,150,78.07848,77.0,77.0,1.0784835815429688,1.0784835815429688
63,151,151,74.72617,76.0,76.0,-1.2738265991210938,1.2738265991210938
63,152,152,71.26276,75.0,75.0,-3.73724365234375,3.73724365234375
63,153,153,73.31499,74.0,74.0,-0.6850128173828125,0.6850128173828125
63,154,154,77.29661,73.0,73.0,4.296607971191406,4.296607971191406
63,155,155,73.18814,72.0,72.0,1.188140869140625,1.188140869140625
64,1,1,122.64696,195.0,125.0,-2.3530426025390625,2.3530426025390625
64,2,2,122.52638,194.0,125.0,-2.4736175537109375,2.4736175537109375
64,3,3,120.28386,193.0,125.0,-4.7161407470703125,4.7161407470703125
64,4,4,116.77555,192.0,125.0,-8.224449157714844,8.224449157714844
64,5,5,116.971214,191.0,125.0,-8.028785705566406,8.028785705566406
64,6,6,114.982834,190.0,125.0,-10.017166137695312,10.017166137695312
64,7,7,112.90953,189.0,125.0,-12.090469360351562,12.090469360351562
64,8,8,113.30173,188.0,125.0,-11.698272705078125,11.698272705078125
64,9,9,104.78914,187.0,125.0,-20.210861206054688,20.210861206054688
64,10,10,107.765,186.0,125.0,-17.235000610351562,17.235000610351562
64,11,11,113.88131,185.0,125.0,-11.118690490722656,11.118690490722656
64,12,12,115.51425,184.0,125.0,-9.485748291015625,9.485748291015625
64,13,13,117.94934,183.0,125.0,-7.0506591796875,7.0506591796875
64,14,14,112.81331,182.0,125.0,-12.186691284179688,12.186691284179688
64,15,15,114.49516,181.0,125.0,-10.504837036132812,10.504837036132812
64,16,16,114.93444,180.0,125.0,-10.065559387207031,10.065559387207031
64,17,17,113.21869,179.0,125.0,-11.78131103515625,11.78131103515625
64,18,18,113.94182,178.0,125.0,-11.058181762695312,11.058181762695312
64,19,19,113.04644,177.0,125.0,-11.953559875488281,11.953559875488281
64,20,20,104.22395,176.0,125.0,-20.776046752929688,20.776046752929688
64,21,21,100.58098,175.0,125.0,-24.419021606445312,24.419021606445312
64,22,22,101.54562,174.0,125.0,-23.454376220703125,23.454376220703125
64,23,23,87.31347,173.0,125.0,-37.68653106689453,37.68653106689453
64,24,24,85.15548,172.0,125.0,-39.844520568847656,39.844520568847656
64,25,25,96.01768,171.0,125.0,-28.982322692871094,28.982322692871094
64,26,26,105.84794,170.0,125.0,-19.152061462402344,19.152061462402344
64,27,27,111.46599,169.0,125.0,-13.534011840820312,13.534011840820312
64,28,28,114.32553,168.0,125.0,-10.674468994140625,10.674468994140625
64,29,29,114.907005,167.0,125.0,-10.092994689941406,10.092994689941406
64,30,30,120.31178,166.0,125.0,-4.6882171630859375,4.6882171630859375
64,31,31,121.03419,165.0,125.0,-3.9658126831054688,3.9658126831054688
64,32,32,120.75746,164.0,125.0,-4.2425384521484375,4.2425384521484375
64,33,33,121.49312,163.0,125.0,-3.5068817138671875,3.5068817138671875
64,34,34,119.58862,162.0,125.0,-5.411376953125,5.411376953125
64,35,35,120.19136,161.0,125.0,-4.8086395263671875,4.8086395263671875
64,36,36,122.20962,160.0,125.0,-2.7903823852539062,2.7903823852539062
64,37,37,121.54932,159.0,125.0,-3.45068359375,3.45068359375
64,38,38,121.24824,158.0,125.0,-3.7517623901367188,3.7517623901367188
64,39,39,120.184685,157.0,125.0,-4.815315246582031,4.815315246582031
64,40,40,121.02,156.0,125.0,-3.9800033569335938,3.9800033569335938
64,41,41,121.18262,155.0,125.0,-3.8173828125,3.8173828125
64,42,42,121.23684,154.0,125.0,-3.7631607055664062,3.7631607055664062
64,43,43,121.279724,153.0,125.0,-3.72027587890625,3.72027587890625
64,44,44,117.807465,152.0,125.0,-7.192535400390625,7.192535400390625
64,45,45,120.56413,151.0,125.0,-4.4358673095703125,4.4358673095703125
64,46,46,122.651764,150.0,125.0,-2.348236083984375,2.348236083984375
64,47,47,120.44391,149.0,125.0,-4.55609130859375,4.55609130859375
64,48,48,119.197266,148.0,125.0,-5.802734375,5.802734375
64,49,49,120.680466,147.0,125.0,-4.3195343017578125,4.3195343017578125
64,50,50,118.165985,146.0,125.0,-6.834014892578125,6.834014892578125
64,51,51,114.55383,145.0,125.0,-10.4461669921875,10.4461669921875
64,52,52,116.30664,144.0,125.0,-8.693359375,8.693359375
64,53,53,115.64775,143.0,125.0,-9.352249145507812,9.352249145507812
64,54,54,115.299515,142.0,125.0,-9.700485229492188,9.700485229492188
64,55,55,113.34218,141.0,125.0,-11.657821655273438,11.657821655273438
64,56,56,116.66578,140.0,125.0,-8.334220886230469,8.334220886230469
64,57,57,116.857796,139.0,125.0,-8.142204284667969,8.142204284667969
64,58,58,118.07454,138.0,125.0,-6.9254608154296875,6.9254608154296875
64,59,59,118.97969,137.0,125.0,-6.0203094482421875,6.0203094482421875
64,60,60,120.12399,136.0,125.0,-4.876007080078125,4.876007080078125
64,61,61,117.99234,135.0,125.0,-7.007659912109375,7.007659912109375
64,62,62,118.80569,134.0,125.0,-6.194313049316406,6.194313049316406
64,63,63,116.54553,133.0,125.0,-8.4544677734375,8.4544677734375
64,64,64,114.37178,132.0,125.0,-10.628219604492188,10.628219604492188
64,65,65,117.17271,131.0,125.0,-7.827293395996094,7.827293395996094
64,66,66,114.76413,130.0,125.0,-10.235870361328125,10.235870361328125
64,67,67,108.00434,129.0,125.0,-16.99565887451172,16.99565887451172
64,68,68,106.25878,128.0,125.0,-18.74121856689453,18.74121856689453
64,69,69,105.6526,127.0,125.0,-19.347396850585938,19.347396850585938
64,70,70,110.42647,126.0,125.0,-14.573532104492188,14.573532104492188
64,71,71,112.324585,125.0,125.0,-12.6754150390625,12.6754150390625
64,72,72,116.4543,124.0,124.0,-7.5457000732421875,7.5457000732421875
64,73,73,119.25308,123.0,123.0,-3.746917724609375,3.746917724609375
64,74,74,109.48422,122.0,122.0,-12.515777587890625,12.515777587890625
64,75,75,113.88177,121.0,121.0,-7.118232727050781,7.118232727050781
64,76,76,112.28848,120.0,120.0,-7.711517333984375,7.711517333984375
64,77,77,101.110855,119.0,119.0,-17.889144897460938,17.889144897460938
64,78,78,94.70951,118.0,118.0,-23.290489196777344,23.290489196777344
64,79,79,82.8553,117.0,117.0,-34.14469909667969,34.14469909667969
64,80,80,89.31302,116.0,116.0,-26.686981201171875,26.686981201171875
64,81,81,89.258514,115.0,115.0,-25.741485595703125,25.741485595703125
64,82,82,95.980865,114.0,114.0,-18.019134521484375,18.019134521484375
64,83,83,98.93916,113.0,113.0,-14.060836791992188,14.060836791992188
64,84,84,91.96957,112.0,112.0,-20.030433654785156,20.030433654785156
64,85,85,90.67915,111.0,111.0,-20.320846557617188,20.320846557617188
64,86,86,91.270004,110.0,110.0,-18.729995727539062,18.729995727539062
64,87,87,100.55935,109.0,109.0,-8.440650939941406,8.440650939941406
64,88,88,103.75052,108.0,108.0,-4.249481201171875,4.249481201171875
64,89,89,113.13231,107.0,107.0,6.1323089599609375,6.1323089599609375
64,90,90,112.068954,106.0,106.0,6.0689544677734375,6.0689544677734375
64,91,91,110.45235,105.0,105.0,5.4523468017578125,5.4523468017578125
64,92,92,105.00044,104.0,104.0,1.0004425048828125,1.0004425048828125
64,93,93,108.92193,103.0,103.0,5.921928405761719,5.921928405761719
64,94,94,99.38913,102.0,102.0,-2.610870361328125,2.610870361328125
64,95,95,96.59218,101.0,101.0,-4.4078216552734375,4.4078216552734375
64,96,96,81.833275,100.0,100.0,-18.166725158691406,18.166725158691406
64,97,97,79.355515,99.0,99.0,-19.644485473632812,19.644485473632812
64,98,98,77.65136,98.0,98.0,-20.34864044189453,20.34864044189453
64,99,99,75.918274,97.0,97.0,-21.08172607421875,21.08172607421875
64,100,100,83.57704,96.0,96.0,-12.422958374023438,12.422958374023438
64,101,101,91.54964,95.0,95.0,-3.4503631591796875,3.4503631591796875
64,102,102,110.01291,94.0,94.0,16.012908935546875,16.012908935546875
64,103,103,116.67001,93.0,93.0,23.670013427734375,23.670013427734375
64,104,104,115.37117,92.0,92.0,23.371170043945312,23.371170043945312
64,105,105,113.43593,91.0,91.0,22.435928344726562,22.435928344726562
64,106,106,103.355515,90.0,90.0,13.355514526367188,13.355514526367188
64,107,107,103.61805,89.0,89.0,14.618049621582031,14.618049621582031
64,108,108,93.57287,88.0,88.0,5.572868347167969,5.572868347167969
64,109,109,88.692825,87.0,87.0,1.6928253173828125,1.6928253173828125
64,110,110,104.06085,86.0,86.0,18.06085205078125,18.06085205078125
64,111,111,106.62836,85.0,85.0,21.62835693359375,21.62835693359375
64,112,112,112.25687,84.0,84.0,28.256866455078125,28.256866455078125
64,113,113,117.08781,83.0,83.0,34.087806701660156,34.087806701660156
64,114,114,118.54859,82.0,82.0,36.54859161376953,36.54859161376953
64,115,115,114.42343,81.0,81.0,33.423431396484375,33.423431396484375
64,116,116,110.70734,80.0,80.0,30.70733642578125,30.70733642578125
64,117,117,116.69302,79.0,79.0,37.693023681640625,37.693023681640625
64,118,118,121.44228,78.0,78.0,43.442283630371094,43.442283630371094
64,119,119,117.565254,77.0,77.0,40.56525421142578,40.56525421142578
64,120,120,108.87497,76.0,76.0,32.874969482421875,32.874969482421875
64,121,121,110.802315,75.0,75.0,35.80231475830078,35.80231475830078
64,122,122,101.70503,74.0,74.0,27.705032348632812,27.705032348632812
64,123,123,106.27184,73.0,73.0,33.27184295654297,33.27184295654297
64,124,124,107.125,72.0,72.0,35.125,35.125
64,125,125,105.23695,71.0,71.0,34.23695373535156,34.23695373535156
64,126,126,80.05992,70.0,70.0,10.059921264648438,10.059921264648438
64,127,127,108.34071,69.0,69.0,39.34071350097656,39.34071350097656
64,128,128,93.63846,68.0,68.0,25.638458251953125,25.638458251953125
64,129,129,68.27364,67.0,67.0,1.2736434936523438,1.2736434936523438
64,130,130,68.50149,66.0,66.0,2.5014877319335938,2.5014877319335938
64,131,131,62.511047,65.0,65.0,-2.48895263671875,2.48895263671875
64,132,132,67.11419,64.0,64.0,3.1141891479492188,3.1141891479492188
64,133,133,60.898758,63.0,63.0,-2.1012420654296875,2.1012420654296875
64,134,134,60.203445,62.0,62.0,-1.7965545654296875,1.7965545654296875
64,135,135,53.893646,61.0,61.0,-7.106353759765625,7.106353759765625
64,136,136,50.787617,60.0,60.0,-9.212383270263672,9.212383270263672
64,137,137,55.218285,59.0,59.0,-3.7817153930664062,3.7817153930664062
64,138,138,55.096565,58.0,58.0,-2.9034347534179688,2.9034347534179688
64,139,139,71.973495,57.0,57.0,14.973495483398438,14.973495483398438
64,140,140,66.87024,56.0,56.0,10.8702392578125,10.8702392578125
64,141,141,62.844826,55.0,55.0,7.844825744628906,7.844825744628906
64,142,142,62.128117,54.0,54.0,8.128116607666016,8.128116607666016
64,143,143,69.01821,53.0,53.0,16.018211364746094,16.018211364746094
64,144,144,66.70609,52.0,52.0,14.706092834472656,14.706092834472656
64,145,145,55.698875,51.0,51.0,4.698875427246094,4.698875427246094
64,146,146,57.458843,50.0,50.0,7.458843231201172,7.458843231201172
64,147,147,52.83232,49.0,49.0,3.8323211669921875,3.8323211669921875
64,148,148,62.04549,48.0,48.0,14.045490264892578,14.045490264892578
64,149,149,54.694798,47.0,47.0,7.694797515869141,7.694797515869141
64,150,150,54.86411,46.0,46.0,8.86410903930664,8.86410903930664
64,151,151,47.79189,45.0,45.0,2.791889190673828,2.791889190673828
64,152,152,44.77281,44.0,44.0,0.7728118896484375,0.7728118896484375
64,153,153,45.749805,43.0,43.0,2.749805450439453,2.749805450439453
64,154,154,47.743618,42.0,42.0,5.743618011474609,5.743618011474609
64,155,155,52.241203,41.0,41.0,11.241203308105469,11.241203308105469
64,156,156,61.890224,40.0,40.0,21.89022445678711,21.89022445678711
64,157,157,52.197174,39.0,39.0,13.197174072265625,13.197174072265625
64,158,158,42.46397,38.0,38.0,4.463970184326172,4.463970184326172
64,159,159,35.636242,37.0,37.0,-1.3637580871582031,1.3637580871582031
64,160,160,32.84119,36.0,36.0,-3.1588096618652344,3.1588096618652344
64,161,161,33.382763,35.0,35.0,-1.6172370910644531,1.6172370910644531
64,162,162,32.966988,34.0,34.0,-1.0330123901367188,1.0330123901367188
64,163,163,30.842812,33.0,33.0,-2.1571884155273438,2.1571884155273438
64,164,164,25.154055,32.0,32.0,-6.845945358276367,6.845945358276367
64,165,165,23.537334,31.0,31.0,-7.462665557861328,7.462665557861328
64,166,166,22.99131,30.0,30.0,-7.008689880371094,7.008689880371094
64,167,167,21.160114,29.0,29.0,-7.839885711669922,7.839885711669922
64,168,168,21.138481,28.0,28.0,-6.861518859863281,6.861518859863281
65,1,1,123.51227,198.0,125.0,-1.48773193359375,1.48773193359375
65,2,2,123.47192,197.0,125.0,-1.5280838012695312,1.5280838012695312
65,3,3,123.162895,196.0,125.0,-1.8371047973632812,1.8371047973632812
65,4,4,122.722336,195.0,125.0,-2.2776641845703125,2.2776641845703125
65,5,5,123.23122,194.0,125.0,-1.7687835693359375,1.7687835693359375
65,6,6,123.23743,193.0,125.0,-1.7625732421875,1.7625732421875
65,7,7,123.27577,192.0,125.0,-1.7242279052734375,1.7242279052734375
65,8,8,123.44847,191.0,125.0,-1.5515289306640625,1.5515289306640625
65,9,9,123.07433,190.0,125.0,-1.9256668090820312,1.9256668090820312
65,10,10,123.191025,189.0,125.0,-1.8089752197265625,1.8089752197265625
65,11,11,123.27692,188.0,125.0,-1.72308349609375,1.72308349609375
65,12,12,122.92553,187.0,125.0,-2.0744705200195312,2.0744705200195312
65,13,13,123.246765,186.0,125.0,-1.75323486328125,1.75323486328125
65,14,14,123.00392,185.0,125.0,-1.9960784912109375,1.9960784912109375
65,15,15,123.15576,184.0,125.0,-1.84423828125,1.84423828125
65,16,16,123.17668,183.0,125.0,-1.8233184814453125,1.8233184814453125
65,17,17,122.79593,182.0,125.0,-2.204071044921875,2.204071044921875
65,18,18,122.986084,181.0,125.0,-2.013916015625,2.013916015625
65,19,19,122.55382,180.0,125.0,-2.4461822509765625,2.4461822509765625
65,20,20,122.66051,179.0,125.0,-2.3394927978515625,2.3394927978515625
65,21,21,122.82797,178.0,125.0,-2.172027587890625,2.172027587890625
65,22,22,122.75421,177.0,125.0,-2.24578857421875,2.24578857421875
65,23,23,123.0641,176.0,125.0,-1.9358978271484375,1.9358978271484375
65,24,24,122.993965,175.0,125.0,-2.0060348510742188,2.0060348510742188
65,25,25,123.26808,174.0,125.0,-1.7319183349609375,1.7319183349609375
65,26,26,122.043,173.0,125.0,-2.957000732421875,2.957000732421875
65,27,27,121.10333,172.0,125.0,-3.89666748046875,3.89666748046875
65,28,28,122.88721,171.0,125.0,-2.11279296875,2.11279296875
65,29,29,122.85373,170.0,125.0,-2.146270751953125,2.146270751953125
65,30,30,122.66496,169.0,125.0,-2.3350372314453125,2.3350372314453125
65,31,31,123.3999,168.0,125.0,-1.60009765625,1.60009765625
65,32,32,123.39235,167.0,125.0,-1.6076507568359375,1.6076507568359375
65,33,33,123.20993,166.0,125.0,-1.790069580078125,1.790069580078125
65,34,34,122.057785,165.0,125.0,-2.9422149658203125,2.9422149658203125
65,35,35,122.89052,164.0,125.0,-2.1094818115234375,2.1094818115234375
65,36,36,123.19953,163.0,125.0,-1.8004684448242188,1.8004684448242188
65,37,37,122.48355,162.0,125.0,-2.516448974609375,2.516448974609375
65,38,38,122.66823,161.0,125.0,-2.3317718505859375,2.3317718505859375
65,39,39,122.43538,160.0,125.0,-2.5646209716796875,2.5646209716796875
65,40,40,123.0693,159.0,125.0,-1.9307022094726562,1.9307022094726562
65,41,41,122.58826,158.0,125.0,-2.4117431640625,2.4117431640625
65,42,42,122.31496,157.0,125.0,-2.6850433349609375,2.6850433349609375
65,43,43,122.30422,156.0,125.0,-2.6957778930664062,2.6957778930664062
65,44,44,122.81729,155.0,125.0,-2.182708740234375,2.182708740234375
65,45,45,123.10179,154.0,125.0,-1.8982086181640625,1.8982086181640625
65,46,46,122.27881,153.0,125.0,-2.72119140625,2.72119140625
65,47,47,121.91028,152.0,125.0,-3.0897216796875,3.0897216796875
65,48,48,122.46787,151.0,125.0,-2.5321273803710938,2.5321273803710938
65,49,49,122.88885,150.0,125.0,-2.1111526489257812,2.1111526489257812
65,50,50,122.51623,149.0,125.0,-2.4837722778320312,2.4837722778320312
65,51,51,121.7892,148.0,125.0,-3.2108001708984375,3.2108001708984375
65,52,52,120.6051,147.0,125.0,-4.3948974609375,4.3948974609375
65,53,53,121.68784,146.0,125.0,-3.3121566772460938,3.3121566772460938
65,54,54,121.67388,145.0,125.0,-3.3261184692382812,3.3261184692382812
65,55,55,121.753136,144.0,125.0,-3.2468643188476562,3.2468643188476562
65,56,56,122.08807,143.0,125.0,-2.91192626953125,2.91192626953125
65,57,57,121.05968,142.0,125.0,-3.9403228759765625,3.9403228759765625
65,58,58,120.453224,141.0,125.0,-4.546775817871094,4.546775817871094
65,59,59,121.01255,140.0,125.0,-3.9874496459960938,3.9874496459960938
65,60,60,122.217354,139.0,125.0,-2.7826461791992188,2.7826461791992188
65,61,61,122.16624,138.0,125.0,-2.8337631225585938,2.8337631225585938
65,62,62,122.006905,137.0,125.0,-2.9930953979492188,2.9930953979492188
65,63,63,121.92178,136.0,125.0,-3.078216552734375,3.078216552734375
65,64,64,120.33617,135.0,125.0,-4.6638336181640625,4.6638336181640625
65,65,65,121.49336,134.0,125.0,-3.5066375732421875,3.5066375732421875
65,66,66,122.67469,133.0,125.0,-2.3253097534179688,2.3253097534179688
65,67,67,122.47601,132.0,125.0,-2.52398681640625,2.52398681640625
65,68,68,122.41661,131.0,125.0,-2.5833892822265625,2.5833892822265625
65,69,69,122.53037,130.0,125.0,-2.4696273803710938,2.4696273803710938
65,70,70,122.63203,129.0,125.0,-2.3679733276367188,2.3679733276367188
65,71,71,121.885956,128.0,125.0,-3.114044189453125,3.114044189453125
66,1,1,123.949196,160.0,125.0,-1.0508041381835938,1.0508041381835938
66,2,2,124.623856,159.0,125.0,-0.3761444091796875,0.3761444091796875
66,3,3,124.95498,158.0,125.0,-0.04502105712890625,0.04502105712890625
66,4,4,124.18802,157.0,125.0,-0.811981201171875,0.811981201171875
66,5,5,125.0,156.0,125.0,0.0,0.0
66,6,6,124.30418,155.0,125.0,-0.6958236694335938,0.6958236694335938
66,7,7,125.0,154.0,125.0,0.0,0.0
66,8,8,125.0,153.0,125.0,0.0,0.0
66,9,9,125.0,152.0,125.0,0.0,0.0
66,10,10,124.30242,151.0,125.0,-0.6975784301757812,0.6975784301757812
66,11,11,125.0,150.0,125.0,0.0,0.0
66,12,12,125.0,149.0,125.0,0.0,0.0
66,13,13,125.0,148.0,125.0,0.0,0.0
66,14,14,125.0,147.0,125.0,0.0,0.0
66,15,15,123.70517,146.0,125.0,-1.294830322265625,1.294830322265625
66,16,16,124.3826,145.0,125.0,-0.617401123046875,0.617401123046875
66,17,17,123.41619,144.0,125.0,-1.5838088989257812,1.5838088989257812
66,18,18,125.0,143.0,125.0,0.0,0.0
66,19,19,125.0,142.0,125.0,0.0,0.0
66,20,20,124.26229,141.0,125.0,-0.7377090454101562,0.7377090454101562
66,21,21,122.048134,140.0,125.0,-2.9518661499023438,2.9518661499023438
66,22,22,123.174545,139.0,125.0,-1.8254547119140625,1.8254547119140625
66,23,23,124.77042,138.0,125.0,-0.229583740234375,0.229583740234375
66,24,24,122.44535,137.0,125.0,-2.5546493530273438,2.5546493530273438
66,25,25,120.80316,136.0,125.0,-4.19683837890625,4.19683837890625
66,26,26,116.37411,135.0,125.0,-8.625892639160156,8.625892639160156
66,27,27,117.529785,134.0,125.0,-7.47021484375,7.47021484375
66,28,28,117.092514,133.0,125.0,-7.9074859619140625,7.9074859619140625
66,29,29,117.24963,132.0,125.0,-7.7503662109375,7.7503662109375
66,30,30,115.06599,131.0,125.0,-9.934013366699219,9.934013366699219
66,31,31,116.99611,130.0,125.0,-8.003890991210938,8.003890991210938
66,32,32,117.045364,129.0,125.0,-7.9546356201171875,7.9546356201171875
66,33,33,120.82027,128.0,125.0,-4.1797332763671875,4.1797332763671875
66,34,34,124.28013,127.0,125.0,-0.7198715209960938,0.7198715209960938
66,35,35,123.6755,126.0,125.0,-1.3245010375976562,1.3245010375976562
66,36,36,120.023415,125.0,125.0,-4.976585388183594,4.976585388183594
66,37,37,121.6152,124.0,124.0,-2.3848037719726562,2.3848037719726562
66,38,38,114.08852,123.0,123.0,-8.911483764648438,8.911483764648438
66,39,39,112.88445,122.0,122.0,-9.115547180175781,9.115547180175781
66,40,40,118.59604,121.0,121.0,-2.403961181640625,2.403961181640625
66,41,41,90.05288,120.0,120.0,-29.947120666503906,29.947120666503906
66,42,42,112.53901,119.0,119.0,-6.460990905761719,6.460990905761719
66,43,43,112.89072,118.0,118.0,-5.109283447265625,5.109283447265625
66,44,44,112.90439,117.0,117.0,-4.095611572265625,4.095611572265625
66,45,45,112.094635,116.0,116.0,-3.905364990234375,3.905364990234375
66,46,46,112.665436,115.0,115.0,-2.334564208984375,2.334564208984375
66,47,47,111.993004,114.0,114.0,-2.0069961547851562,2.0069961547851562
66,48,48,113.11198,113.0,113.0,0.11197662353515625,0.11197662353515625
66,49,49,113.65802,112.0,112.0,1.65802001953125,1.65802001953125
66,50,50,112.21796,111.0,111.0,1.21795654296875,1.21795654296875
66,51,51,111.79316,110.0,110.0,1.7931594848632812,1.7931594848632812
66,52,52,112.48665,109.0,109.0,3.4866485595703125,3.4866485595703125
66,53,53,113.24225,108.0,108.0,5.24224853515625,5.24224853515625
66,54,54,112.74376,107.0,107.0,5.7437591552734375,5.7437591552734375
66,55,55,104.58831,106.0,106.0,-1.4116897583007812,1.4116897583007812
66,56,56,121.26203,105.0,105.0,16.26203155517578,16.26203155517578
66,57,57,120.4048,104.0,104.0,16.404800415039062,16.404800415039062
66,58,58,118.82832,103.0,103.0,15.828323364257812,15.828323364257812
66,59,59,113.35193,102.0,102.0,11.3519287109375,11.3519287109375
66,60,60,113.63531,101.0,101.0,12.635307312011719,12.635307312011719
66,61,61,116.46497,100.0,100.0,16.46497344970703,16.46497344970703
66,62,62,116.033966,99.0,99.0,17.033966064453125,17.033966064453125
66,63,63,114.91104,98.0,98.0,16.911041259765625,16.911041259765625
66,64,64,117.76807,97.0,97.0,20.76806640625,20.76806640625
66,65,65,107.52203,96.0,96.0,11.52203369140625,11.52203369140625
66,66,66,118.53734,95.0,95.0,23.537338256835938,23.537338256835938
66,67,67,115.996765,94.0,94.0,21.99676513671875,21.99676513671875
66,68,68,117.26778,93.0,93.0,24.267776489257812,24.267776489257812
66,69,69,113.933945,92.0,92.0,21.933944702148438,21.933944702148438
66,70,70,114.718445,91.0,91.0,23.71844482421875,23.71844482421875
66,71,71,107.94856,90.0,90.0,17.948562622070312,17.948562622070312
66,72,72,109.189255,89.0,89.0,20.189254760742188,20.189254760742188
66,73,73,112.96769,88.0,88.0,24.967689514160156,24.967689514160156
66,74,74,108.50083,87.0,87.0,21.500831604003906,21.500831604003906
66,75,75,101.99122,86.0,86.0,15.991218566894531,15.991218566894531
66,76,76,93.85316,85.0,85.0,8.853157043457031,8.853157043457031
66,77,77,98.23419,84.0,84.0,14.23419189453125,14.23419189453125
66,78,78,106.74934,83.0,83.0,23.74933624267578,23.74933624267578
66,79,79,103.17877,82.0,82.0,21.17877197265625,21.17877197265625
66,80,80,92.70826,81.0,81.0,11.708259582519531,11.708259582519531
66,81,81,97.53826,80.0,80.0,17.53826141357422,17.53826141357422
66,82,82,96.23097,79.0,79.0,17.230972290039062,17.230972290039062
66,83,83,98.39236,78.0,78.0,20.392356872558594,20.392356872558594
66,84,84,105.17699,77.0,77.0,28.176986694335938,28.176986694335938
66,85,85,101.99652,76.0,76.0,25.99652099609375,25.99652099609375
66,86,86,104.186455,75.0,75.0,29.18645477294922,29.18645477294922
66,87,87,83.158134,74.0,74.0,9.158134460449219,9.158134460449219
66,88,88,77.58694,73.0,73.0,4.586936950683594,4.586936950683594
66,89,89,66.537415,72.0,72.0,-5.46258544921875,5.46258544921875
66,90,90,60.71887,71.0,71.0,-10.281131744384766,10.281131744384766
66,91,91,63.664963,70.0,70.0,-6.3350372314453125,6.3350372314453125
66,92,92,59.94752,69.0,69.0,-9.052478790283203,9.052478790283203
66,93,93,55.37237,68.0,68.0,-12.627628326416016,12.627628326416016
66,94,94,53.38126,67.0,67.0,-13.61874008178711,13.61874008178711
66,95,95,51.52085,66.0,66.0,-14.479148864746094,14.479148864746094
66,96,96,57.152325,65.0,65.0,-7.847675323486328,7.847675323486328
66,97,97,61.225433,64.0,64.0,-2.774566650390625,2.774566650390625
66,98,98,73.22801,63.0,63.0,10.228012084960938,10.228012084960938
66,99,99,58.303394,62.0,62.0,-3.696605682373047,3.696605682373047
66,100,100,59.691673,61.0,61.0,-1.3083267211914062,1.3083267211914062
66,101,101,54.195335,60.0,60.0,-5.804664611816406,5.804664611816406
66,102,102,58.426334,59.0,59.0,-0.5736656188964844,0.5736656188964844
66,103,103,58.271297,58.0,58.0,0.2712974548339844,0.2712974548339844
66,104,104,53.654755,57.0,57.0,-3.345245361328125,3.345245361328125
66,105,105,52.827866,56.0,56.0,-3.1721343994140625,3.1721343994140625
66,106,106,52.331726,55.0,55.0,-2.66827392578125,2.66827392578125
66,107,107,57.64223,54.0,54.0,3.642230987548828,3.642230987548828
66,108,108,67.84164,53.0,53.0,14.841636657714844,14.841636657714844
66,109,109,73.95,52.0,52.0,21.949996948242188,21.949996948242188
66,110,110,62.66103,51.0,51.0,11.661029815673828,11.661029815673828
66,111,111,63.954433,50.0,50.0,13.95443344116211,13.95443344116211
66,112,112,65.02268,49.0,49.0,16.022682189941406,16.022682189941406
66,113,113,65.60863,48.0,48.0,17.608627319335938,17.608627319335938
66,114,114,59.23495,47.0,47.0,12.23495101928711,12.23495101928711
66,115,115,56.658115,46.0,46.0,10.65811538696289,10.65811538696289
66,116,116,57.042328,45.0,45.0,12.042327880859375,12.042327880859375
66,117,117,52.658745,44.0,44.0,8.658744812011719,8.658744812011719
66,118,118,47.837955,43.0,43.0,4.837955474853516,4.837955474853516
66,119,119,45.995964,42.0,42.0,3.9959640502929688,3.9959640502929688
66,120,120,40.909298,41.0,41.0,-0.09070205688476562,0.09070205688476562
66,121,121,36.684174,40.0,40.0,-3.315826416015625,3.315826416015625
66,122,122,32.941605,39.0,39.0,-6.0583953857421875,6.0583953857421875
66,123,123,33.368805,38.0,38.0,-4.631195068359375,4.631195068359375
66,124,124,30.839535,37.0,37.0,-6.160465240478516,6.160465240478516
66,125,125,31.386303,36.0,36.0,-4.613697052001953,4.613697052001953
66,126,126,31.22029,35.0,35.0,-3.7797107696533203,3.7797107696533203
66,127,127,28.345444,34.0,34.0,-5.6545562744140625,5.6545562744140625
66,128,128,31.23785,33.0,33.0,-1.7621498107910156,1.7621498107910156
66,129,129,29.196716,32.0,32.0,-2.80328369140625,2.80328369140625
66,130,130,28.84203,31.0,31.0,-2.157970428466797,2.157970428466797
66,131,131,30.037397,30.0,30.0,0.03739738464355469,0.03739738464355469
66,132,132,30.627445,29.0,29.0,1.6274452209472656,1.6274452209472656
66,133,133,30.42814,28.0,28.0,2.428140640258789,2.428140640258789
66,134,134,29.190655,27.0,27.0,2.190654754638672,2.190654754638672
66,135,135,28.70379,26.0,26.0,2.7037906646728516,2.7037906646728516
66,136,136,27.825115,25.0,25.0,2.825115203857422,2.825115203857422
66,137,137,27.437805,24.0,24.0,3.43780517578125,3.43780517578125
66,138,138,27.078014,23.0,23.0,4.078014373779297,4.078014373779297
66,139,139,25.704475,22.0,22.0,3.7044754028320312,3.7044754028320312
66,140,140,24.934547,21.0,21.0,3.9345474243164062,3.9345474243164062
66,141,141,27.075563,20.0,20.0,7.075563430786133,7.075563430786133
66,142,142,27.28067,19.0,19.0,8.280670166015625,8.280670166015625
66,143,143,27.239677,18.0,18.0,9.239677429199219,9.239677429199219
66,144,144,24.690853,17.0,17.0,7.690853118896484,7.690853118896484
66,145,145,25.335218,16.0,16.0,9.33521842956543,9.33521842956543
66,146,146,25.874317,15.0,15.0,10.874317169189453,10.874317169189453
66,147,147,23.683674,14.0,14.0,9.683673858642578,9.683673858642578
67,1,1,123.23724,147.0,125.0,-1.76275634765625,1.76275634765625
67,2,2,120.81189,146.0,125.0,-4.1881103515625,4.1881103515625
67,3,3,118.35362,145.0,125.0,-6.6463775634765625,6.6463775634765625
67,4,4,115.00994,144.0,125.0,-9.990058898925781,9.990058898925781
67,5,5,112.364716,143.0,125.0,-12.635284423828125,12.635284423828125
67,6,6,110.150696,142.0,125.0,-14.84930419921875,14.84930419921875
67,7,7,108.88051,141.0,125.0,-16.119491577148438,16.119491577148438
67,8,8,105.121735,140.0,125.0,-19.878265380859375,19.878265380859375
67,9,9,105.849434,139.0,125.0,-19.15056610107422,19.15056610107422
67,10,10,100.76636,138.0,125.0,-24.233642578125,24.233642578125
67,11,11,105.96983,137.0,125.0,-19.030166625976562,19.030166625976562
67,12,12,110.1295,136.0,125.0,-14.870498657226562,14.870498657226562
67,13,13,110.46904,135.0,125.0,-14.530960083007812,14.530960083007812
67,14,14,113.37865,134.0,125.0,-11.621353149414062,11.621353149414062
67,15,15,112.7955,133.0,125.0,-12.204498291015625,12.204498291015625
67,16,16,113.55626,132.0,125.0,-11.443740844726562,11.443740844726562
67,17,17,116.38301,131.0,125.0,-8.616989135742188,8.616989135742188
67,18,18,109.00888,130.0,125.0,-15.991119384765625,15.991119384765625
67,19,19,109.03764,129.0,125.0,-15.962356567382812,15.962356567382812
67,20,20,99.39258,128.0,125.0,-25.607421875,25.607421875
67,21,21,103.68021,127.0,125.0,-21.319793701171875,21.319793701171875
67,22,22,103.540634,126.0,125.0,-21.459365844726562,21.459365844726562
67,23,23,99.24608,125.0,125.0,-25.753921508789062,25.753921508789062
67,24,24,91.48674,124.0,124.0,-32.51325988769531,32.51325988769531
67,25,25,89.79997,123.0,123.0,-33.20002746582031,33.20002746582031
67,26,26,96.11627,122.0,122.0,-25.88372802734375,25.88372802734375
67,27,27,105.18469,121.0,121.0,-15.8153076171875,15.8153076171875
67,28,28,108.36748,120.0,120.0,-11.632522583007812,11.632522583007812
67,29,29,112.90512,119.0,119.0,-6.094879150390625,6.094879150390625
67,30,30,115.68309,118.0,118.0,-2.3169097900390625,2.3169097900390625
67,31,31,118.88528,117.0,117.0,1.8852767944335938,1.8852767944335938
67,32,32,112.62179,116.0,116.0,-3.3782119750976562,3.3782119750976562
67,33,33,115.28438,115.0,115.0,0.2843780517578125,0.2843780517578125
67,34,34,116.73196,114.0,114.0,2.7319564819335938,2.7319564819335938
67,35,35,117.30392,113.0,113.0,4.303916931152344,4.303916931152344
67,36,36,118.99711,112.0,112.0,6.997108459472656,6.997108459472656
67,37,37,116.2556,111.0,111.0,5.2555999755859375,5.2555999755859375
67,38,38,106.50405,110.0,110.0,-3.4959487915039062,3.4959487915039062
67,39,39,108.813446,109.0,109.0,-0.186553955078125,0.186553955078125
67,40,40,105.21009,108.0,108.0,-2.7899093627929688,2.7899093627929688
67,41,41,109.053986,107.0,107.0,2.053985595703125,2.053985595703125
67,42,42,114.60925,106.0,106.0,8.6092529296875,8.6092529296875
67,43,43,115.59483,105.0,105.0,10.594833374023438,10.594833374023438
67,44,44,117.953316,104.0,104.0,13.953315734863281,13.953315734863281
67,45,45,114.26922,103.0,103.0,11.269218444824219,11.269218444824219
67,46,46,114.233475,102.0,102.0,12.233474731445312,12.233474731445312
67,47,47,115.73689,101.0,101.0,14.736892700195312,14.736892700195312
67,48,48,109.638275,100.0,100.0,9.638275146484375,9.638275146484375
67,49,49,114.72831,99.0,99.0,15.728309631347656,15.728309631347656
67,50,50,115.184296,98.0,98.0,17.184295654296875,17.184295654296875
67,51,51,120.13465,97.0,97.0,23.13465118408203,23.13465118408203
67,52,52,120.09299,96.0,96.0,24.092987060546875,24.092987060546875
67,53,53,120.29442,95.0,95.0,25.294418334960938,25.294418334960938
67,54,54,120.40672,94.0,94.0,26.406723022460938,26.406723022460938
67,55,55,118.77681,93.0,93.0,25.776809692382812,25.776809692382812
67,56,56,120.00943,92.0,92.0,28.009429931640625,28.009429931640625
67,57,57,118.695114,91.0,91.0,27.695114135742188,27.695114135742188
67,58,58,117.64648,90.0,90.0,27.64647674560547,27.64647674560547
67,59,59,115.61786,89.0,89.0,26.61785888671875,26.61785888671875
67,60,60,112.15697,88.0,88.0,24.156967163085938,24.156967163085938
67,61,61,108.398895,87.0,87.0,21.398895263671875,21.398895263671875
67,62,62,108.51308,86.0,86.0,22.513076782226562,22.513076782226562
67,63,63,110.68501,85.0,85.0,25.685012817382812,25.685012817382812
67,64,64,109.42496,84.0,84.0,25.424957275390625,25.424957275390625
67,65,65,116.49671,83.0,83.0,33.49671173095703,33.49671173095703
67,66,66,120.54988,82.0,82.0,38.54988098144531,38.54988098144531
67,67,67,121.89686,81.0,81.0,40.89685821533203,40.89685821533203
67,68,68,118.34805,80.0,80.0,38.348052978515625,38.348052978515625
67,69,69,119.54533,79.0,79.0,40.545326232910156,40.545326232910156
67,70,70,118.54367,78.0,78.0,40.543670654296875,40.543670654296875
67,71,71,118.36757,77.0,77.0,41.36756896972656,41.36756896972656
68,1,1,121.475945,194.0,125.0,-3.5240554809570312,3.5240554809570312
68,2,2,121.42898,193.0,125.0,-3.5710220336914062,3.5710220336914062
68,3,3,122.24165,192.0,125.0,-2.7583465576171875,2.7583465576171875
68,4,4,123.45146,191.0,125.0,-1.5485382080078125,1.5485382080078125
68,5,5,123.183624,190.0,125.0,-1.816375732421875,1.816375732421875
68,6,6,123.2138,189.0,125.0,-1.7862014770507812,1.7862014770507812
68,7,7,124.55362,188.0,125.0,-0.446380615234375,0.446380615234375
68,8,8,124.633896,187.0,125.0,-0.3661041259765625,0.3661041259765625
68,9,9,124.63313,186.0,125.0,-0.3668670654296875,0.3668670654296875
68,10,10,124.49031,185.0,125.0,-0.5096893310546875,0.5096893310546875
68,11,11,124.557236,184.0,125.0,-0.4427642822265625,0.4427642822265625
68,12,12,124.863144,183.0,125.0,-0.1368560791015625,0.1368560791015625
68,13,13,125.0,182.0,125.0,0.0,0.0
68,14,14,124.811356,181.0,125.0,-0.1886444091796875,0.1886444091796875
68,15,15,124.79074,180.0,125.0,-0.209259033203125,0.209259033203125
68,16,16,124.46814,179.0,125.0,-0.5318603515625,0.5318603515625
68,17,17,124.7224,178.0,125.0,-0.2776031494140625,0.2776031494140625
68,18,18,124.38409,177.0,125.0,-0.6159133911132812,0.6159133911132812
68,19,19,124.59985,176.0,125.0,-0.400146484375,0.400146484375
68,20,20,124.97622,175.0,125.0,-0.02378082275390625,0.02378082275390625
68,21,21,124.82581,174.0,125.0,-0.17418670654296875,0.17418670654296875
68,22,22,124.8103,173.0,125.0,-0.189697265625,0.189697265625
68,23,23,124.926704,172.0,125.0,-0.07329559326171875,0.07329559326171875
68,24,24,124.5454,171.0,125.0,-0.45459747314453125,0.45459747314453125
68,25,25,124.492935,170.0,125.0,-0.5070648193359375,0.5070648193359375
68,26,26,124.691246,169.0,125.0,-0.30875396728515625,0.30875396728515625
68,27,27,123.83594,168.0,125.0,-1.1640625,1.1640625
68,28,28,123.55122,167.0,125.0,-1.4487762451171875,1.4487762451171875
68,29,29,122.011246,166.0,125.0,-2.9887542724609375,2.9887542724609375
68,30,30,120.990265,165.0,125.0,-4.009735107421875,4.009735107421875
68,31,31,119.057724,164.0,125.0,-5.9422760009765625,5.9422760009765625
68,32,32,121.320946,163.0,125.0,-3.6790542602539062,3.6790542602539062
68,33,33,120.32715,162.0,125.0,-4.6728515625,4.6728515625
68,34,34,121.800125,161.0,125.0,-3.1998748779296875,3.1998748779296875
68,35,35,115.38658,160.0,125.0,-9.613418579101562,9.613418579101562
68,36,36,113.17515,159.0,125.0,-11.824851989746094,11.824851989746094
68,37,37,113.05142,158.0,125.0,-11.948577880859375,11.948577880859375
68,38,38,114.02321,157.0,125.0,-10.976791381835938,10.976791381835938
68,39,39,114.40325,156.0,125.0,-10.596748352050781,10.596748352050781
68,40,40,116.89868,155.0,125.0,-8.101318359375,8.101318359375
68,41,41,114.99684,154.0,125.0,-10.003158569335938,10.003158569335938
68,42,42,117.738655,153.0,125.0,-7.261344909667969,7.261344909667969
68,43,43,120.79997,152.0,125.0,-4.2000274658203125,4.2000274658203125
68,44,44,119.44769,151.0,125.0,-5.55230712890625,5.55230712890625
68,45,45,119.60913,150.0,125.0,-5.390869140625,5.390869140625
68,46,46,116.07716,149.0,125.0,-8.922836303710938,8.922836303710938
68,47,47,117.5138,148.0,125.0,-7.486198425292969,7.486198425292969
68,48,48,115.90256,147.0,125.0,-9.097442626953125,9.097442626953125
68,49,49,116.62479,146.0,125.0,-8.375213623046875,8.375213623046875
68,50,50,120.77864,145.0,125.0,-4.2213592529296875,4.2213592529296875
68,51,51,119.76057,144.0,125.0,-5.239433288574219,5.239433288574219
68,52,52,120.53131,143.0,125.0,-4.46868896484375,4.46868896484375
68,53,53,121.46419,142.0,125.0,-3.5358123779296875,3.5358123779296875
68,54,54,120.8329,141.0,125.0,-4.1670989990234375,4.1670989990234375
68,55,55,123.06722,140.0,125.0,-1.9327774047851562,1.9327774047851562
68,56,56,121.9798,139.0,125.0,-3.02020263671875,3.02020263671875
68,57,57,122.64015,138.0,125.0,-2.3598480224609375,2.3598480224609375
68,58,58,121.4201,137.0,125.0,-3.5799026489257812,3.5799026489257812
68,59,59,119.86394,136.0,125.0,-5.1360626220703125,5.1360626220703125
68,60,60,117.69511,135.0,125.0,-7.304893493652344,7.304893493652344
68,61,61,116.36141,134.0,125.0,-8.638587951660156,8.638587951660156
68,62,62,113.39396,133.0,125.0,-11.606040954589844,11.606040954589844
68,63,63,113.3615,132.0,125.0,-11.638496398925781,11.638496398925781
68,64,64,111.3029,131.0,125.0,-13.697097778320312,13.697097778320312
68,65,65,106.74017,130.0,125.0,-18.25982666015625,18.25982666015625
68,66,66,107.66516,129.0,125.0,-17.3348388671875,17.3348388671875
68,67,67,93.007515,128.0,125.0,-31.99248504638672,31.99248504638672
68,68,68,91.203674,127.0,125.0,-33.79632568359375,33.79632568359375
68,69,69,93.2952,126.0,125.0,-31.704803466796875,31.704803466796875
68,70,70,97.67756,125.0,125.0,-27.32244110107422,27.32244110107422
68,71,71,96.17964,124.0,124.0,-27.820358276367188,27.820358276367188
68,72,72,98.84073,123.0,123.0,-24.159271240234375,24.159271240234375
68,73,73,109.18854,122.0,122.0,-12.81146240234375,12.81146240234375
68,74,74,109.19169,121.0,121.0,-11.808311462402344,11.808311462402344
68,75,75,113.841385,120.0,120.0,-6.1586151123046875,6.1586151123046875
68,76,76,113.15263,119.0,119.0,-5.8473663330078125,5.8473663330078125
68,77,77,114.08909,118.0,118.0,-3.9109115600585938,3.9109115600585938
68,78,78,113.790306,117.0,117.0,-3.2096939086914062,3.2096939086914062
68,79,79,110.45201,116.0,116.0,-5.5479888916015625,5.5479888916015625
68,80,80,111.46547,115.0,115.0,-3.5345306396484375,3.5345306396484375
68,81,81,115.62991,114.0,114.0,1.629913330078125,1.629913330078125
68,82,82,115.72615,113.0,113.0,2.7261505126953125,2.7261505126953125
68,83,83,119.784134,112.0,112.0,7.7841339111328125,7.7841339111328125
68,84,84,120.10466,111.0,111.0,9.104660034179688,9.104660034179688
68,85,85,122.26829,110.0,110.0,12.268287658691406,12.268287658691406
68,86,86,120.8406,109.0,109.0,11.840599060058594,11.840599060058594
68,87,87,120.787506,108.0,108.0,12.787506103515625,12.787506103515625
68,88,88,121.20712,107.0,107.0,14.207122802734375,14.207122802734375
68,89,89,121.1796,106.0,106.0,15.179603576660156,15.179603576660156
68,90,90,114.88866,105.0,105.0,9.888656616210938,9.888656616210938
68,91,91,113.56299,104.0,104.0,9.56298828125,9.56298828125
68,92,92,115.58777,103.0,103.0,12.5877685546875,12.5877685546875
68,93,93,119.294586,102.0,102.0,17.294586181640625,17.294586181640625
68,94,94,117.33429,101.0,101.0,16.33428955078125,16.33428955078125
68,95,95,115.805786,100.0,100.0,15.8057861328125,15.8057861328125
68,96,96,116.523834,99.0,99.0,17.523834228515625,17.523834228515625
68,97,97,111.20127,98.0,98.0,13.201271057128906,13.201271057128906
68,98,98,109.24194,97.0,97.0,12.241943359375,12.241943359375
68,99,99,106.78169,96.0,96.0,10.781692504882812,10.781692504882812
68,100,100,105.87297,95.0,95.0,10.872970581054688,10.872970581054688
68,101,101,81.93582,94.0,94.0,-12.064178466796875,12.064178466796875
68,102,102,68.21862,93.0,93.0,-24.78137969970703,24.78137969970703
68,103,103,65.486984,92.0,92.0,-26.513015747070312,26.513015747070312
68,104,104,70.66666,91.0,91.0,-20.333343505859375,20.333343505859375
68,105,105,77.3,90.0,90.0,-12.699996948242188,12.699996948242188
68,106,106,77.76543,89.0,89.0,-11.234573364257812,11.234573364257812
68,107,107,75.89226,88.0,88.0,-12.107742309570312,12.107742309570312
68,108,108,69.37602,87.0,87.0,-17.623977661132812,17.623977661132812
68,109,109,73.73337,86.0,86.0,-12.266632080078125,12.266632080078125
68,110,110,76.81555,85.0,85.0,-8.1844482421875,8.1844482421875
68,111,111,83.28581,84.0,84.0,-0.7141876220703125,0.7141876220703125
68,112,112,80.636795,83.0,83.0,-2.3632049560546875,2.3632049560546875
68,113,113,80.46436,82.0,82.0,-1.5356369018554688,1.5356369018554688
68,114,114,73.31859,81.0,81.0,-7.6814117431640625,7.6814117431640625
68,115,115,75.17493,80.0,80.0,-4.8250732421875,4.8250732421875
68,116,116,70.33325,79.0,79.0,-8.666748046875,8.666748046875
68,117,117,73.8377,78.0,78.0,-4.162300109863281,4.162300109863281
68,118,118,73.334915,77.0,77.0,-3.6650848388671875,3.6650848388671875
68,119,119,62.56819,76.0,76.0,-13.431808471679688,13.431808471679688
68,120,120,58.242085,75.0,75.0,-16.757915496826172,16.757915496826172
68,121,121,57.085163,74.0,74.0,-16.914836883544922,16.914836883544922
68,122,122,55.630077,73.0,73.0,-17.369922637939453,17.369922637939453
68,123,123,60.323074,72.0,72.0,-11.676925659179688,11.676925659179688
68,124,124,55.04809,71.0,71.0,-15.951908111572266,15.951908111572266
68,125,125,45.904457,70.0,70.0,-24.095542907714844,24.095542907714844
68,126,126,58.45023,69.0,69.0,-10.54977035522461,10.54977035522461
68,127,127,59.072956,68.0,68.0,-8.927043914794922,8.927043914794922
68,128,128,56.653515,67.0,67.0,-10.346485137939453,10.346485137939453
68,129,129,55.180363,66.0,66.0,-10.819637298583984,10.819637298583984
68,130,130,66.00258,65.0,65.0,1.0025787353515625,1.0025787353515625
68,131,131,56.322018,64.0,64.0,-7.677982330322266,7.677982330322266
68,132,132,50.812096,63.0,63.0,-12.187904357910156,12.187904357910156
68,133,133,50.306515,62.0,62.0,-11.693485260009766,11.693485260009766
68,134,134,61.28529,61.0,61.0,0.2852897644042969,0.2852897644042969
68,135,135,72.87996,60.0,60.0,12.879959106445312,12.879959106445312
68,136,136,70.42958,59.0,59.0,11.429580688476562,11.429580688476562
68,137,137,68.88512,58.0,58.0,10.885116577148438,10.885116577148438
68,138,138,60.031185,57.0,57.0,3.0311851501464844,3.0311851501464844
68,139,139,68.51412,56.0,56.0,12.514122009277344,12.514122009277344
68,140,140,69.355446,55.0,55.0,14.355445861816406,14.355445861816406
68,141,141,69.36094,54.0,54.0,15.360939025878906,15.360939025878906
68,142,142,77.10596,53.0,53.0,24.10595703125,24.10595703125
68,143,143,77.414505,52.0,52.0,25.414505004882812,25.414505004882812
68,144,144,70.483635,51.0,51.0,19.48363494873047,19.48363494873047
68,145,145,65.38688,50.0,50.0,15.386878967285156,15.386878967285156
68,146,146,65.27431,49.0,49.0,16.274307250976562,16.274307250976562
68,147,147,66.21275,48.0,48.0,18.212753295898438,18.212753295898438
68,148,148,67.99478,47.0,47.0,20.994781494140625,20.994781494140625
68,149,149,47.261307,46.0,46.0,1.2613067626953125,1.2613067626953125
68,150,150,54.353706,45.0,45.0,9.353706359863281,9.353706359863281
68,151,151,51.72971,44.0,44.0,7.729709625244141,7.729709625244141
68,152,152,48.770607,43.0,43.0,5.770606994628906,5.770606994628906
68,153,153,49.494816,42.0,42.0,7.494815826416016,7.494815826416016
68,154,154,39.68779,41.0,41.0,-1.3122100830078125,1.3122100830078125
68,155,155,44.29976,40.0,40.0,4.2997589111328125,4.2997589111328125
68,156,156,43.329136,39.0,39.0,4.329135894775391,4.329135894775391
68,157,157,41.208836,38.0,38.0,3.2088356018066406,3.2088356018066406
68,158,158,38.913857,37.0,37.0,1.9138565063476562,1.9138565063476562
68,159,159,37.300575,36.0,36.0,1.3005752563476562,1.3005752563476562
68,160,160,36.48621,35.0,35.0,1.4862098693847656,1.4862098693847656
68,161,161,34.61065,34.0,34.0,0.6106491088867188,0.6106491088867188
68,162,162,33.514324,33.0,33.0,0.5143241882324219,0.5143241882324219
68,163,163,33.05718,32.0,32.0,1.0571784973144531,1.0571784973144531
68,164,164,32.575764,31.0,31.0,1.5757637023925781,1.5757637023925781
68,165,165,35.176235,30.0,30.0,5.176235198974609,5.176235198974609
68,166,166,33.52729,29.0,29.0,4.527290344238281,4.527290344238281
68,167,167,29.67771,28.0,28.0,1.6777095794677734,1.6777095794677734
68,168,168,26.543682,27.0,27.0,-0.4563179016113281,0.4563179016113281
68,169,169,26.038845,26.0,26.0,0.038845062255859375,0.038845062255859375
68,170,170,25.766376,25.0,25.0,0.7663764953613281,0.7663764953613281
68,171,171,24.620605,24.0,24.0,0.62060546875,0.62060546875
68,172,172,26.757399,23.0,23.0,3.7573986053466797,3.7573986053466797
68,173,173,25.910076,22.0,22.0,3.910076141357422,3.910076141357422
68,174,174,22.302006,21.0,21.0,1.3020057678222656,1.3020057678222656
68,175,175,19.905375,20.0,20.0,-0.09462547302246094,0.09462547302246094
68,176,176,20.597195,19.0,19.0,1.5971946716308594,1.5971946716308594
68,177,177,17.877468,18.0,18.0,-0.12253189086914062,0.12253189086914062
68,178,178,16.760582,17.0,17.0,-0.23941802978515625,0.23941802978515625
68,179,179,15.548564,16.0,16.0,-0.45143604278564453,0.45143604278564453
68,180,180,15.107312,15.0,15.0,0.10731220245361328,0.10731220245361328
68,181,181,15.242359,14.0,14.0,1.2423591613769531,1.2423591613769531
68,182,182,13.347145,13.0,13.0,0.34714508056640625,0.34714508056640625
68,183,183,11.214484,12.0,12.0,-0.7855157852172852,0.7855157852172852
68,184,184,10.952751,11.0,11.0,-0.04724884033203125,0.04724884033203125
68,185,185,11.391192,10.0,10.0,1.3911924362182617,1.3911924362182617
68,186,186,8.726383,9.0,9.0,-0.2736167907714844,0.2736167907714844
68,187,187,8.368096,8.0,8.0,0.36809635162353516,0.36809635162353516
69,1,1,117.835754,174.0,125.0,-7.16424560546875,7.16424560546875
69,2,2,116.1279,173.0,125.0,-8.872100830078125,8.872100830078125
69,3,3,109.6816,172.0,125.0,-15.318397521972656,15.318397521972656
69,4,4,109.25511,171.0,125.0,-15.744888305664062,15.744888305664062
69,5,5,111.66205,170.0,125.0,-13.33795166015625,13.33795166015625
69,6,6,103.80922,169.0,125.0,-21.190780639648438,21.190780639648438
69,7,7,103.77373,168.0,125.0,-21.226272583007812,21.226272583007812
69,8,8,101.13847,167.0,125.0,-23.861526489257812,23.861526489257812
69,9,9,102.40953,166.0,125.0,-22.590469360351562,22.590469360351562
69,10,10,95.76288,165.0,125.0,-29.23712158203125,29.23712158203125
69,11,11,93.101974,164.0,125.0,-31.898025512695312,31.898025512695312
69,12,12,90.64606,163.0,125.0,-34.35394287109375,34.35394287109375
69,13,13,96.70201,162.0,125.0,-28.297988891601562,28.297988891601562
69,14,14,92.54903,161.0,125.0,-32.45097351074219,32.45097351074219
69,15,15,92.08147,160.0,125.0,-32.91853332519531,32.91853332519531
69,16,16,81.9241,159.0,125.0,-43.075897216796875,43.075897216796875
69,17,17,71.08002,158.0,125.0,-53.91998291015625,53.91998291015625
69,18,18,72.92131,157.0,125.0,-52.07868957519531,52.07868957519531
69,19,19,69.00159,156.0,125.0,-55.9984130859375,55.9984130859375
69,20,20,64.935486,155.0,125.0,-60.06451416015625,60.06451416015625
69,21,21,64.46373,154.0,125.0,-60.53627014160156,60.53627014160156
69,22,22,62.0786,153.0,125.0,-62.9213981628418,62.9213981628418
69,23,23,61.316006,152.0,125.0,-63.68399429321289,63.68399429321289
69,24,24,61.22915,151.0,125.0,-63.770851135253906,63.770851135253906
69,25,25,62.873093,150.0,125.0,-62.12690734863281,62.12690734863281
69,26,26,66.08818,149.0,125.0,-58.91181945800781,58.91181945800781
69,27,27,67.58988,148.0,125.0,-57.410118103027344,57.410118103027344
69,28,28,66.6389,147.0,125.0,-58.36109924316406,58.36109924316406
69,29,29,70.17528,146.0,125.0,-54.82472229003906,54.82472229003906
69,30,30,83.118004,145.0,125.0,-41.881996154785156,41.881996154785156
69,31,31,100.12183,144.0,125.0,-24.87816619873047,24.87816619873047
69,32,32,112.63955,143.0,125.0,-12.360450744628906,12.360450744628906
69,33,33,118.04452,142.0,125.0,-6.955482482910156,6.955482482910156
69,34,34,120.474915,141.0,125.0,-4.52508544921875,4.52508544921875
69,35,35,119.26753,140.0,125.0,-5.7324676513671875,5.7324676513671875
69,36,36,120.45696,139.0,125.0,-4.543037414550781,4.543037414550781
69,37,37,124.09218,138.0,125.0,-0.9078216552734375,0.9078216552734375
69,38,38,124.996155,137.0,125.0,-0.00384521484375,0.00384521484375
69,39,39,112.008545,136.0,125.0,-12.991455078125,12.991455078125
69,40,40,113.445595,135.0,125.0,-11.554405212402344,11.554405212402344
69,41,41,111.70893,134.0,125.0,-13.291069030761719,13.291069030761719
69,42,42,111.314026,133.0,125.0,-13.68597412109375,13.68597412109375
69,43,43,113.852425,132.0,125.0,-11.147575378417969,11.147575378417969
69,44,44,113.9156,131.0,125.0,-11.084396362304688,11.084396362304688
69,45,45,114.103195,130.0,125.0,-10.896804809570312,10.896804809570312
69,46,46,114.0623,129.0,125.0,-10.937698364257812,10.937698364257812
69,47,47,113.55484,128.0,125.0,-11.445159912109375,11.445159912109375
69,48,48,113.917984,127.0,125.0,-11.082015991210938,11.082015991210938
69,49,49,113.86599,126.0,125.0,-11.134010314941406,11.134010314941406
69,50,50,113.46343,125.0,125.0,-11.536567687988281,11.536567687988281
69,51,51,113.27371,124.0,124.0,-10.726287841796875,10.726287841796875
69,52,52,86.75963,123.0,123.0,-36.24037170410156,36.24037170410156
69,53,53,113.73262,122.0,122.0,-8.267379760742188,8.267379760742188
69,54,54,107.22188,121.0,121.0,-13.778121948242188,13.778121948242188
70,1,1,113.232994,245.0,125.0,-11.767005920410156,11.767005920410156
70,2,2,116.7209,244.0,125.0,-8.279098510742188,8.279098510742188
70,3,3,121.10207,243.0,125.0,-3.8979263305664062,3.8979263305664062
70,4,4,122.52553,242.0,125.0,-2.4744720458984375,2.4744720458984375
70,5,5,124.58131,241.0,125.0,-0.41869354248046875,0.41869354248046875
70,6,6,125.0,240.0,125.0,0.0,0.0
70,7,7,125.0,239.0,125.0,0.0,0.0
70,8,8,125.0,238.0,125.0,0.0,0.0
70,9,9,125.0,237.0,125.0,0.0,0.0
70,10,10,125.0,236.0,125.0,0.0,0.0
70,11,11,125.0,235.0,125.0,0.0,0.0
70,12,12,125.0,234.0,125.0,0.0,0.0
70,13,13,125.0,233.0,125.0,0.0,0.0
70,14,14,124.736725,232.0,125.0,-0.263275146484375,0.263275146484375
70,15,15,125.0,231.0,125.0,0.0,0.0
70,16,16,124.87221,230.0,125.0,-0.1277923583984375,0.1277923583984375
70,17,17,123.887955,229.0,125.0,-1.1120452880859375,1.1120452880859375
70,18,18,124.66507,228.0,125.0,-0.334930419921875,0.334930419921875
70,19,19,124.964905,227.0,125.0,-0.03509521484375,0.03509521484375
70,20,20,124.94891,226.0,125.0,-0.05108642578125,0.05108642578125
70,21,21,124.549286,225.0,125.0,-0.450714111328125,0.450714111328125
70,22,22,124.52913,224.0,125.0,-0.4708709716796875,0.4708709716796875
70,23,23,125.0,223.0,125.0,0.0,0.0
70,24,24,125.0,222.0,125.0,0.0,0.0
70,25,25,124.635345,221.0,125.0,-0.364654541015625,0.364654541015625
70,26,26,123.79398,220.0,125.0,-1.2060165405273438,1.2060165405273438
70,27,27,122.72049,219.0,125.0,-2.279510498046875,2.279510498046875
70,28,28,123.37445,218.0,125.0,-1.62554931640625,1.62554931640625
70,29,29,121.94598,217.0,125.0,-3.0540237426757812,3.0540237426757812
70,30,30,122.04779,216.0,125.0,-2.95220947265625,2.95220947265625
70,31,31,122.147736,215.0,125.0,-2.852264404296875,2.852264404296875
70,32,32,123.753136,214.0,125.0,-1.2468643188476562,1.2468643188476562
70,33,33,125.0,213.0,125.0,0.0,0.0
70,34,34,125.0,212.0,125.0,0.0,0.0
70,35,35,125.0,211.0,125.0,0.0,0.0
70,36,36,125.0,210.0,125.0,0.0,0.0
70,37,37,125.0,209.0,125.0,0.0,0.0
70,38,38,125.0,208.0,125.0,0.0,0.0
70,39,39,125.0,207.0,125.0,0.0,0.0
70,40,40,125.0,206.0,125.0,0.0,0.0
70,41,41,125.0,205.0,125.0,0.0,0.0
70,42,42,125.0,204.0,125.0,0.0,0.0
70,43,43,125.0,203.0,125.0,0.0,0.0
70,44,44,125.0,202.0,125.0,0.0,0.0
70,45,45,125.0,201.0,125.0,0.0,0.0
70,46,46,125.0,200.0,125.0,0.0,0.0
70,47,47,125.0,199.0,125.0,0.0,0.0
70,48,48,125.0,198.0,125.0,0.0,0.0
70,49,49,125.0,197.0,125.0,0.0,0.0
70,50,50,125.0,196.0,125.0,0.0,0.0
70,51,51,122.58244,195.0,125.0,-2.4175567626953125,2.4175567626953125
70,52,52,124.54564,194.0,125.0,-0.4543609619140625,0.4543609619140625
70,53,53,124.95899,193.0,125.0,-0.04100799560546875,0.04100799560546875
70,54,54,124.50879,192.0,125.0,-0.4912109375,0.4912109375
70,55,55,123.182076,191.0,125.0,-1.8179244995117188,1.8179244995117188
70,56,56,119.48363,190.0,125.0,-5.5163726806640625,5.5163726806640625
70,57,57,118.93371,189.0,125.0,-6.066291809082031,6.066291809082031
70,58,58,119.22387,188.0,125.0,-5.776130676269531,5.776130676269531
70,59,59,115.371414,187.0,125.0,-9.628585815429688,9.628585815429688
70,60,60,105.94689,186.0,125.0,-19.05310821533203,19.05310821533203
70,61,61,106.32546,185.0,125.0,-18.674537658691406,18.674537658691406
70,62,62,93.40698,184.0,125.0,-31.593017578125,31.593017578125
70,63,63,88.95441,183.0,125.0,-36.04559326171875,36.04559326171875
70,64,64,88.7619,182.0,125.0,-36.23809814453125,36.23809814453125
70,65,65,83.257385,181.0,125.0,-41.74261474609375,41.74261474609375
70,66,66,93.143234,180.0,125.0,-31.856765747070312,31.856765747070312
70,67,67,107.20243,179.0,125.0,-17.797569274902344,17.797569274902344
70,68,68,111.65338,178.0,125.0,-13.34661865234375,13.34661865234375
70,69,69,118.81166,177.0,125.0,-6.1883392333984375,6.1883392333984375
70,70,70,111.65923,176.0,125.0,-13.340766906738281,13.340766906738281
70,71,71,110.2079,175.0,125.0,-14.792098999023438,14.792098999023438
70,72,72,115.21748,174.0,125.0,-9.782516479492188,9.782516479492188
70,73,73,115.92323,173.0,125.0,-9.076766967773438,9.076766967773438
70,74,74,104.75488,172.0,125.0,-20.2451171875,20.2451171875
70,75,75,101.91472,171.0,125.0,-23.085281372070312,23.085281372070312
70,76,76,106.47203,170.0,125.0,-18.527969360351562,18.527969360351562
70,77,77,111.05614,169.0,125.0,-13.943862915039062,13.943862915039062
70,78,78,117.57108,168.0,125.0,-7.428916931152344,7.428916931152344
70,79,79,117.30153,167.0,125.0,-7.6984710693359375,7.6984710693359375
70,80,80,118.533966,166.0,125.0,-6.466033935546875,6.466033935546875
70,81,81,118.534065,165.0,125.0,-6.465934753417969,6.465934753417969
70,82,82,117.5535,164.0,125.0,-7.446502685546875,7.446502685546875
70,83,83,124.446594,163.0,125.0,-0.55340576171875,0.55340576171875
70,84,84,124.7989,162.0,125.0,-0.20110321044921875,0.20110321044921875
70,85,85,123.47599,161.0,125.0,-1.5240097045898438,1.5240097045898438
70,86,86,117.26729,160.0,125.0,-7.7327117919921875,7.7327117919921875
70,87,87,121.193596,159.0,125.0,-3.8064041137695312,3.8064041137695312
70,88,88,119.90599,158.0,125.0,-5.0940093994140625,5.0940093994140625
70,89,89,113.93063,157.0,125.0,-11.069366455078125,11.069366455078125
70,90,90,98.47482,156.0,125.0,-26.525177001953125,26.525177001953125
70,91,91,114.052666,155.0,125.0,-10.947334289550781,10.947334289550781
70,92,92,60.799934,154.0,125.0,-64.20006561279297,64.20006561279297
70,93,93,122.698105,153.0,125.0,-2.3018951416015625,2.3018951416015625
70,94,94,122.92187,152.0,125.0,-2.0781326293945312,2.0781326293945312
70,95,95,123.496086,151.0,125.0,-1.5039138793945312,1.5039138793945312
70,96,96,122.783066,150.0,125.0,-2.2169342041015625,2.2169342041015625
70,97,97,119.48173,149.0,125.0,-5.518272399902344,5.518272399902344
70,98,98,123.24811,148.0,125.0,-1.75189208984375,1.75189208984375
70,99,99,113.587425,147.0,125.0,-11.412574768066406,11.412574768066406
70,100,100,113.76334,146.0,125.0,-11.236656188964844,11.236656188964844
70,101,101,114.027954,145.0,125.0,-10.9720458984375,10.9720458984375
70,102,102,113.99885,144.0,125.0,-11.001152038574219,11.001152038574219
70,103,103,114.093834,143.0,125.0,-10.906166076660156,10.906166076660156
70,104,104,113.553055,142.0,125.0,-11.446945190429688,11.446945190429688
70,105,105,114.24804,141.0,125.0,-10.751960754394531,10.751960754394531
70,106,106,113.3056,140.0,125.0,-11.69439697265625,11.69439697265625
70,107,107,94.98371,139.0,125.0,-30.01628875732422,30.01628875732422
70,108,108,113.5581,138.0,125.0,-11.441902160644531,11.441902160644531
70,109,109,111.85197,137.0,125.0,-13.148033142089844,13.148033142089844
70,110,110,103.38496,136.0,125.0,-21.61504364013672,21.61504364013672
70,111,111,106.53112,135.0,125.0,-18.46887969970703,18.46887969970703
70,112,112,108.70213,134.0,125.0,-16.297866821289062,16.297866821289062
70,113,113,111.539375,133.0,125.0,-13.460624694824219,13.460624694824219
70,114,114,112.93724,132.0,125.0,-12.062759399414062,12.062759399414062
70,115,115,111.76236,131.0,125.0,-13.237640380859375,13.237640380859375
70,116,116,107.703735,130.0,125.0,-17.2962646484375,17.2962646484375
70,117,117,112.43066,129.0,125.0,-12.569343566894531,12.569343566894531
70,118,118,113.09914,128.0,125.0,-11.900863647460938,11.900863647460938
70,119,119,112.443115,127.0,125.0,-12.556884765625,12.556884765625
70,120,120,112.78417,126.0,125.0,-12.215827941894531,12.215827941894531
70,121,121,111.34071,125.0,125.0,-13.659286499023438,13.659286499023438
70,122,122,109.55505,124.0,124.0,-14.4449462890625,14.4449462890625
70,123,123,111.33766,123.0,123.0,-11.662338256835938,11.662338256835938
70,124,124,111.66208,122.0,122.0,-10.337921142578125,10.337921142578125
70,125,125,110.820305,121.0,121.0,-10.179695129394531,10.179695129394531
70,126,126,108.91586,120.0,120.0,-11.084136962890625,11.084136962890625
70,127,127,108.52229,119.0,119.0,-10.477706909179688,10.477706909179688
70,128,128,111.01065,118.0,118.0,-6.989349365234375,6.989349365234375
70,129,129,112.61381,117.0,117.0,-4.386192321777344,4.386192321777344
70,130,130,111.77332,116.0,116.0,-4.226676940917969,4.226676940917969
70,131,131,108.319046,115.0,115.0,-6.6809539794921875,6.6809539794921875
70,132,132,111.422615,114.0,114.0,-2.5773849487304688,2.5773849487304688
70,133,133,112.910164,113.0,113.0,-0.08983612060546875,0.08983612060546875
70,134,134,112.9606,112.0,112.0,0.960601806640625,0.960601806640625
70,135,135,112.53997,111.0,111.0,1.5399703979492188,1.5399703979492188
70,136,136,112.49397,110.0,110.0,2.4939727783203125,2.4939727783203125
70,137,137,113.61653,109.0,109.0,4.6165313720703125,4.6165313720703125
70,138,138,113.91577,108.0,108.0,5.915771484375,5.915771484375
70,139,139,113.51282,107.0,107.0,6.5128173828125,6.5128173828125
70,140,140,107.57245,106.0,106.0,1.57244873046875,1.57244873046875
70,141,141,103.79573,105.0,105.0,-1.2042694091796875,1.2042694091796875
70,142,142,93.75915,104.0,104.0,-10.240852355957031,10.240852355957031
70,143,143,92.036125,103.0,103.0,-10.963874816894531,10.963874816894531
70,144,144,88.646675,102.0,102.0,-13.353324890136719,13.353324890136719
70,145,145,107.28232,101.0,101.0,6.282318115234375,6.282318115234375
70,146,146,110.82405,100.0,100.0,10.824050903320312,10.824050903320312
70,147,147,111.516235,99.0,99.0,12.5162353515625,12.5162353515625
70,148,148,111.998924,98.0,98.0,13.998924255371094,13.998924255371094
70,149,149,109.41609,97.0,97.0,12.416091918945312,12.416091918945312
70,150,150,108.58858,96.0,96.0,12.588577270507812,12.588577270507812
70,151,151,100.63669,95.0,95.0,5.636688232421875,5.636688232421875
70,152,152,104.86707,94.0,94.0,10.867073059082031,10.867073059082031
71,1,1,122.065994,185.0,125.0,-2.9340057373046875,2.9340057373046875
71,2,2,122.149796,184.0,125.0,-2.8502044677734375,2.8502044677734375
71,3,3,122.612946,183.0,125.0,-2.387054443359375,2.387054443359375
71,4,4,123.7847,182.0,125.0,-1.215301513671875,1.215301513671875
71,5,5,123.70115,181.0,125.0,-1.2988510131835938,1.2988510131835938
71,6,6,122.64398,180.0,125.0,-2.35601806640625,2.35601806640625
71,7,7,121.98901,179.0,125.0,-3.010986328125,3.010986328125
71,8,8,121.37043,178.0,125.0,-3.6295700073242188,3.6295700073242188
71,9,9,122.12198,177.0,125.0,-2.878021240234375,2.878021240234375
71,10,10,122.165,176.0,125.0,-2.8349990844726562,2.8349990844726562
71,11,11,122.85886,175.0,125.0,-2.141143798828125,2.141143798828125
71,12,12,122.943886,174.0,125.0,-2.0561141967773438,2.0561141967773438
71,13,13,121.66386,173.0,125.0,-3.3361434936523438,3.3361434936523438
71,14,14,122.186775,172.0,125.0,-2.8132247924804688,2.8132247924804688
71,15,15,122.31767,171.0,125.0,-2.6823272705078125,2.6823272705078125
71,16,16,122.01606,170.0,125.0,-2.9839401245117188,2.9839401245117188
71,17,17,121.35031,169.0,125.0,-3.649688720703125,3.649688720703125
71,18,18,120.335106,168.0,125.0,-4.664894104003906,4.664894104003906
71,19,19,120.35647,167.0,125.0,-4.643531799316406,4.643531799316406
71,20,20,118.85326,166.0,125.0,-6.1467437744140625,6.1467437744140625
71,21,21,118.12668,165.0,125.0,-6.873321533203125,6.873321533203125
71,22,22,116.60808,164.0,125.0,-8.391921997070312,8.391921997070312
71,23,23,114.48313,163.0,125.0,-10.516868591308594,10.516868591308594
71,24,24,113.66423,162.0,125.0,-11.335769653320312,11.335769653320312
71,25,25,118.22365,161.0,125.0,-6.7763519287109375,6.7763519287109375
71,26,26,119.72844,160.0,125.0,-5.2715606689453125,5.2715606689453125
71,27,27,116.92889,159.0,125.0,-8.071113586425781,8.071113586425781
71,28,28,118.41939,158.0,125.0,-6.5806121826171875,6.5806121826171875
71,29,29,119.31161,157.0,125.0,-5.688392639160156,5.688392639160156
71,30,30,120.13291,156.0,125.0,-4.867088317871094,4.867088317871094
71,31,31,119.11171,155.0,125.0,-5.8882904052734375,5.8882904052734375
71,32,32,118.439896,154.0,125.0,-6.5601043701171875,6.5601043701171875
71,33,33,119.88305,153.0,125.0,-5.116950988769531,5.116950988769531
71,34,34,117.7676,152.0,125.0,-7.232398986816406,7.232398986816406
71,35,35,119.24771,151.0,125.0,-5.752288818359375,5.752288818359375
71,36,36,120.57624,150.0,125.0,-4.423759460449219,4.423759460449219
71,37,37,118.32886,149.0,125.0,-6.671142578125,6.671142578125
71,38,38,118.02323,148.0,125.0,-6.976768493652344,6.976768493652344
71,39,39,116.79947,147.0,125.0,-8.200531005859375,8.200531005859375
71,40,40,116.67469,146.0,125.0,-8.325309753417969,8.325309753417969
71,41,41,118.73179,145.0,125.0,-6.268211364746094,6.268211364746094
71,42,42,121.13604,144.0,125.0,-3.8639602661132812,3.8639602661132812
71,43,43,120.22854,143.0,125.0,-4.771461486816406,4.771461486816406
71,44,44,117.045105,142.0,125.0,-7.95489501953125,7.95489501953125
71,45,45,117.43547,141.0,125.0,-7.5645294189453125,7.5645294189453125
71,46,46,121.18161,140.0,125.0,-3.818389892578125,3.818389892578125
71,47,47,121.26875,139.0,125.0,-3.7312469482421875,3.7312469482421875
71,48,48,120.63917,138.0,125.0,-4.360832214355469,4.360832214355469
71,49,49,118.55308,137.0,125.0,-6.446922302246094,6.446922302246094
71,50,50,114.34104,136.0,125.0,-10.658958435058594,10.658958435058594
71,51,51,116.55786,135.0,125.0,-8.442138671875,8.442138671875
71,52,52,112.942665,134.0,125.0,-12.057334899902344,12.057334899902344
71,53,53,110.90094,133.0,125.0,-14.09906005859375,14.09906005859375
71,54,54,112.02525,132.0,125.0,-12.974746704101562,12.974746704101562
71,55,55,111.38727,131.0,125.0,-13.61273193359375,13.61273193359375
71,56,56,113.30635,130.0,125.0,-11.693649291992188,11.693649291992188
71,57,57,114.46599,129.0,125.0,-10.534011840820312,10.534011840820312
71,58,58,114.249115,128.0,125.0,-10.750885009765625,10.750885009765625
71,59,59,115.934975,127.0,125.0,-9.065025329589844,9.065025329589844
71,60,60,109.82849,126.0,125.0,-15.1715087890625,15.1715087890625
71,61,61,115.27551,125.0,125.0,-9.7244873046875,9.7244873046875
71,62,62,112.868,124.0,124.0,-11.132003784179688,11.132003784179688
71,63,63,114.775894,123.0,123.0,-8.224105834960938,8.224105834960938
71,64,64,109.17789,122.0,122.0,-12.822113037109375,12.822113037109375
71,65,65,112.55467,121.0,121.0,-8.445327758789062,8.445327758789062
71,66,66,115.57003,120.0,120.0,-4.429969787597656,4.429969787597656
71,67,67,113.2108,119.0,119.0,-5.7891998291015625,5.7891998291015625
71,68,68,112.859604,118.0,118.0,-5.1403961181640625,5.1403961181640625
72,1,1,123.24175,180.0,125.0,-1.7582473754882812,1.7582473754882812
72,2,2,123.35948,179.0,125.0,-1.6405181884765625,1.6405181884765625
72,3,3,123.227325,178.0,125.0,-1.772674560546875,1.772674560546875
72,4,4,123.397675,177.0,125.0,-1.602325439453125,1.602325439453125
72,5,5,123.27035,176.0,125.0,-1.7296524047851562,1.7296524047851562
72,6,6,122.58923,175.0,125.0,-2.4107666015625,2.4107666015625
72,7,7,122.60828,174.0,125.0,-2.3917236328125,2.3917236328125
72,8,8,121.19961,173.0,125.0,-3.8003921508789062,3.8003921508789062
72,9,9,121.816826,172.0,125.0,-3.1831741333007812,3.1831741333007812
72,10,10,120.81027,171.0,125.0,-4.189727783203125,4.189727783203125
72,11,11,121.54738,170.0,125.0,-3.4526214599609375,3.4526214599609375
72,12,12,121.616196,169.0,125.0,-3.3838043212890625,3.3838043212890625
72,13,13,121.96201,168.0,125.0,-3.0379867553710938,3.0379867553710938
72,14,14,122.44416,167.0,125.0,-2.5558395385742188,2.5558395385742188
72,15,15,121.36962,166.0,125.0,-3.6303787231445312,3.6303787231445312
72,16,16,122.13533,165.0,125.0,-2.8646697998046875,2.8646697998046875
72,17,17,121.517456,164.0,125.0,-3.4825439453125,3.4825439453125
72,18,18,121.78487,163.0,125.0,-3.2151336669921875,3.2151336669921875
72,19,19,121.18811,162.0,125.0,-3.8118896484375,3.8118896484375
72,20,20,121.4008,161.0,125.0,-3.5991973876953125,3.5991973876953125
72,21,21,121.575294,160.0,125.0,-3.4247055053710938,3.4247055053710938
72,22,22,120.01851,159.0,125.0,-4.9814910888671875,4.9814910888671875
72,23,23,120.19737,158.0,125.0,-4.8026275634765625,4.8026275634765625
72,24,24,118.00171,157.0,125.0,-6.998291015625,6.998291015625
72,25,25,117.03012,156.0,125.0,-7.969879150390625,7.969879150390625
72,26,26,118.91586,155.0,125.0,-6.084136962890625,6.084136962890625
72,27,27,119.692154,154.0,125.0,-5.3078460693359375,5.3078460693359375
72,28,28,119.47407,153.0,125.0,-5.525932312011719,5.525932312011719
72,29,29,119.862434,152.0,125.0,-5.137565612792969,5.137565612792969
72,30,30,118.63129,151.0,125.0,-6.36871337890625,6.36871337890625
72,31,31,117.60148,150.0,125.0,-7.398521423339844,7.398521423339844
72,32,32,117.89381,149.0,125.0,-7.106193542480469,7.106193542480469
72,33,33,116.59083,148.0,125.0,-8.409172058105469,8.409172058105469
72,34,34,118.40231,147.0,125.0,-6.597686767578125,6.597686767578125
72,35,35,118.473564,146.0,125.0,-6.526435852050781,6.526435852050781
72,36,36,119.05791,145.0,125.0,-5.9420928955078125,5.9420928955078125
72,37,37,117.94043,144.0,125.0,-7.0595703125,7.0595703125
72,38,38,118.263565,143.0,125.0,-6.7364349365234375,6.7364349365234375
72,39,39,119.31057,142.0,125.0,-5.689430236816406,5.689430236816406
72,40,40,118.828995,141.0,125.0,-6.1710052490234375,6.1710052490234375
72,41,41,118.601685,140.0,125.0,-6.3983154296875,6.3983154296875
72,42,42,119.21194,139.0,125.0,-5.788063049316406,5.788063049316406
72,43,43,119.25327,138.0,125.0,-5.746726989746094,5.746726989746094
72,44,44,117.885956,137.0,125.0,-7.114044189453125,7.114044189453125
72,45,45,117.102875,136.0,125.0,-7.897125244140625,7.897125244140625
72,46,46,118.14394,135.0,125.0,-6.856056213378906,6.856056213378906
72,47,47,119.93743,134.0,125.0,-5.062568664550781,5.062568664550781
72,48,48,120.27629,133.0,125.0,-4.7237091064453125,4.7237091064453125
72,49,49,120.50346,132.0,125.0,-4.4965362548828125,4.4965362548828125
72,50,50,121.83125,131.0,125.0,-3.1687469482421875,3.1687469482421875
72,51,51,121.55151,130.0,125.0,-3.448486328125,3.448486328125
72,52,52,118.5701,129.0,125.0,-6.429901123046875,6.429901123046875
72,53,53,120.018875,128.0,125.0,-4.9811248779296875,4.9811248779296875
72,54,54,109.8458,127.0,125.0,-15.154197692871094,15.154197692871094
72,55,55,106.944275,126.0,125.0,-18.05572509765625,18.05572509765625
72,56,56,112.50859,125.0,125.0,-12.491409301757812,12.491409301757812
72,57,57,115.74242,124.0,124.0,-8.257583618164062,8.257583618164062
72,58,58,115.59291,123.0,123.0,-7.4070892333984375,7.4070892333984375
72,59,59,116.09652,122.0,122.0,-5.903480529785156,5.903480529785156
72,60,60,114.088104,121.0,121.0,-6.911895751953125,6.911895751953125
72,61,61,115.94714,120.0,120.0,-4.0528564453125,4.0528564453125
72,62,62,116.63198,119.0,119.0,-2.3680191040039062,2.3680191040039062
72,63,63,115.63776,118.0,118.0,-2.36224365234375,2.36224365234375
72,64,64,118.44327,117.0,117.0,1.443267822265625,1.443267822265625
72,65,65,117.350494,116.0,116.0,1.350494384765625,1.350494384765625
72,66,66,116.015594,115.0,115.0,1.015594482421875,1.015594482421875
72,67,67,115.590515,114.0,114.0,1.59051513671875,1.59051513671875
72,68,68,114.189026,113.0,113.0,1.18902587890625,1.18902587890625
72,69,69,116.22876,112.0,112.0,4.228759765625,4.228759765625
72,70,70,117.63268,111.0,111.0,6.632682800292969,6.632682800292969
72,71,71,118.97203,110.0,110.0,8.972030639648438,8.972030639648438
72,72,72,118.80407,109.0,109.0,9.804069519042969,9.804069519042969
72,73,73,118.99063,108.0,108.0,10.990631103515625,10.990631103515625
72,74,74,114.81646,107.0,107.0,7.816459655761719,7.816459655761719
72,75,75,114.410736,106.0,106.0,8.410736083984375,8.410736083984375
72,76,76,112.92504,105.0,105.0,7.925041198730469,7.925041198730469
72,77,77,112.485985,104.0,104.0,8.485984802246094,8.485984802246094
72,78,78,116.53801,103.0,103.0,13.538009643554688,13.538009643554688
72,79,79,116.68496,102.0,102.0,14.684959411621094,14.684959411621094
72,80,80,120.39038,101.0,101.0,19.390380859375,19.390380859375
72,81,81,119.530075,100.0,100.0,19.530075073242188,19.530075073242188
72,82,82,116.74695,99.0,99.0,17.7469482421875,17.7469482421875
72,83,83,117.21512,98.0,98.0,19.215118408203125,19.215118408203125
72,84,84,113.79446,97.0,97.0,16.794456481933594,16.794456481933594
72,85,85,113.477325,96.0,96.0,17.477325439453125,17.477325439453125
72,86,86,111.94525,95.0,95.0,16.94525146484375,16.94525146484375
72,87,87,111.38453,94.0,94.0,17.38452911376953,17.38452911376953
72,88,88,110.26473,93.0,93.0,17.264732360839844,17.264732360839844
72,89,89,112.268845,92.0,92.0,20.268844604492188,20.268844604492188
72,90,90,109.96951,91.0,91.0,18.969512939453125,18.969512939453125
72,91,91,102.9729,90.0,90.0,12.972900390625,12.972900390625
72,92,92,96.75775,89.0,89.0,7.75775146484375,7.75775146484375
72,93,93,96.543945,88.0,88.0,8.5439453125,8.5439453125
72,94,94,108.78407,87.0,87.0,21.784072875976562,21.784072875976562
72,95,95,112.01399,86.0,86.0,26.013992309570312,26.013992309570312
72,96,96,110.51198,85.0,85.0,25.511978149414062,25.511978149414062
72,97,97,105.15336,84.0,84.0,21.153358459472656,21.153358459472656
72,98,98,97.35092,83.0,83.0,14.350921630859375,14.350921630859375
72,99,99,102.18292,82.0,82.0,20.18292236328125,20.18292236328125
72,100,100,96.833374,81.0,81.0,15.8333740234375,15.8333740234375
72,101,101,102.65596,80.0,80.0,22.655960083007812,22.655960083007812
72,102,102,98.66937,79.0,79.0,19.66937255859375,19.66937255859375
72,103,103,98.648346,78.0,78.0,20.648345947265625,20.648345947265625
72,104,104,85.70858,77.0,77.0,8.708580017089844,8.708580017089844
72,105,105,78.02864,76.0,76.0,2.0286407470703125,2.0286407470703125
72,106,106,74.79491,75.0,75.0,-0.2050933837890625,0.2050933837890625
72,107,107,72.19657,74.0,74.0,-1.8034286499023438,1.8034286499023438
72,108,108,76.447845,73.0,73.0,3.447845458984375,3.447845458984375
72,109,109,81.330765,72.0,72.0,9.330764770507812,9.330764770507812
72,110,110,92.70976,71.0,71.0,21.709762573242188,21.709762573242188
72,111,111,93.41113,70.0,70.0,23.4111328125,23.4111328125
72,112,112,85.52858,69.0,69.0,16.528579711914062,16.528579711914062
72,113,113,89.55617,68.0,68.0,21.556167602539062,21.556167602539062
72,114,114,84.63189,67.0,67.0,17.63188934326172,17.63188934326172
72,115,115,80.70243,66.0,66.0,14.702430725097656,14.702430725097656
72,116,116,75.65704,65.0,65.0,10.65704345703125,10.65704345703125
72,117,117,74.735245,64.0,64.0,10.735244750976562,10.735244750976562
72,118,118,73.79083,63.0,63.0,10.79083251953125,10.79083251953125
72,119,119,80.55397,62.0,62.0,18.553970336914062,18.553970336914062
72,120,120,79.422646,61.0,61.0,18.422645568847656,18.422645568847656
72,121,121,66.96213,60.0,60.0,6.962127685546875,6.962127685546875
72,122,122,63.539932,59.0,59.0,4.5399322509765625,4.5399322509765625
72,123,123,68.91368,58.0,58.0,10.913681030273438,10.913681030273438
72,124,124,69.1956,57.0,57.0,12.195602416992188,12.195602416992188
72,125,125,65.09834,56.0,56.0,9.098342895507812,9.098342895507812
72,126,126,66.28897,55.0,55.0,11.288970947265625,11.288970947265625
72,127,127,61.50629,54.0,54.0,7.506290435791016,7.506290435791016
72,128,128,64.513054,53.0,53.0,11.513053894042969,11.513053894042969
72,129,129,64.13998,52.0,52.0,12.139976501464844,12.139976501464844
72,130,130,59.250694,51.0,51.0,8.250694274902344,8.250694274902344
72,131,131,59.562305,50.0,50.0,9.562305450439453,9.562305450439453
73,1,1,123.92205,242.0,125.0,-1.0779495239257812,1.0779495239257812
73,2,2,124.111145,241.0,125.0,-0.88885498046875,0.88885498046875
73,3,3,124.13493,240.0,125.0,-0.8650665283203125,0.8650665283203125
73,4,4,124.08217,239.0,125.0,-0.9178314208984375,0.9178314208984375
73,5,5,123.80827,238.0,125.0,-1.1917266845703125,1.1917266845703125
73,6,6,124.17143,237.0,125.0,-0.8285675048828125,0.8285675048828125
73,7,7,124.14835,236.0,125.0,-0.8516464233398438,0.8516464233398438
73,8,8,124.06302,235.0,125.0,-0.936981201171875,0.936981201171875
73,9,9,124.04828,234.0,125.0,-0.95172119140625,0.95172119140625
73,10,10,123.895584,233.0,125.0,-1.1044158935546875,1.1044158935546875
73,11,11,123.62451,232.0,125.0,-1.37548828125,1.37548828125
73,12,12,123.655334,231.0,125.0,-1.34466552734375,1.34466552734375
73,13,13,123.29437,230.0,125.0,-1.70562744140625,1.70562744140625
73,14,14,123.64891,229.0,125.0,-1.3510894775390625,1.3510894775390625
73,15,15,123.98864,228.0,125.0,-1.0113601684570312,1.0113601684570312
73,16,16,123.87381,227.0,125.0,-1.126190185546875,1.126190185546875
73,17,17,123.71089,226.0,125.0,-1.2891082763671875,1.2891082763671875
73,18,18,123.686066,225.0,125.0,-1.313934326171875,1.313934326171875
73,19,19,123.4566,224.0,125.0,-1.5434036254882812,1.5434036254882812
73,20,20,123.49477,223.0,125.0,-1.5052337646484375,1.5052337646484375
73,21,21,123.62704,222.0,125.0,-1.3729629516601562,1.3729629516601562
73,22,22,123.20162,221.0,125.0,-1.7983779907226562,1.7983779907226562
73,23,23,123.08532,220.0,125.0,-1.9146804809570312,1.9146804809570312
73,24,24,123.1095,219.0,125.0,-1.8905029296875,1.8905029296875
73,25,25,122.53458,218.0,125.0,-2.465423583984375,2.465423583984375
73,26,26,123.16821,217.0,125.0,-1.831787109375,1.831787109375
73,27,27,122.678635,216.0,125.0,-2.3213653564453125,2.3213653564453125
73,28,28,121.869865,215.0,125.0,-3.1301345825195312,3.1301345825195312
73,29,29,121.81137,214.0,125.0,-3.188629150390625,3.188629150390625
73,30,30,122.48486,213.0,125.0,-2.51513671875,2.51513671875
73,31,31,122.64904,212.0,125.0,-2.3509597778320312,2.3509597778320312
73,32,32,123.25839,211.0,125.0,-1.741607666015625,1.741607666015625
73,33,33,123.23093,210.0,125.0,-1.769073486328125,1.769073486328125
73,34,34,123.06976,209.0,125.0,-1.93023681640625,1.93023681640625
73,35,35,123.286385,208.0,125.0,-1.7136154174804688,1.7136154174804688
73,36,36,123.59483,207.0,125.0,-1.4051666259765625,1.4051666259765625
73,37,37,123.97933,206.0,125.0,-1.0206680297851562,1.0206680297851562
73,38,38,124.19496,205.0,125.0,-0.8050384521484375,0.8050384521484375
73,39,39,124.018105,204.0,125.0,-0.9818954467773438,0.9818954467773438
73,40,40,123.184364,203.0,125.0,-1.8156356811523438,1.8156356811523438
73,41,41,123.53628,202.0,125.0,-1.4637222290039062,1.4637222290039062
73,42,42,123.80377,201.0,125.0,-1.19622802734375,1.19622802734375
73,43,43,123.79508,200.0,125.0,-1.2049179077148438,1.2049179077148438
73,44,44,123.61912,199.0,125.0,-1.3808822631835938,1.3808822631835938
73,45,45,123.618835,198.0,125.0,-1.38116455078125,1.38116455078125
73,46,46,123.7214,197.0,125.0,-1.2786026000976562,1.2786026000976562
73,47,47,123.34567,196.0,125.0,-1.654327392578125,1.654327392578125
73,48,48,123.146164,195.0,125.0,-1.8538360595703125,1.8538360595703125
73,49,49,123.22063,194.0,125.0,-1.7793731689453125,1.7793731689453125
73,50,50,123.02469,193.0,125.0,-1.975311279296875,1.975311279296875
73,51,51,122.96088,192.0,125.0,-2.03912353515625,2.03912353515625
73,52,52,122.68616,191.0,125.0,-2.3138427734375,2.3138427734375
73,53,53,122.75597,190.0,125.0,-2.2440338134765625,2.2440338134765625
73,54,54,122.70369,189.0,125.0,-2.2963104248046875,2.2963104248046875
73,55,55,122.793274,188.0,125.0,-2.20672607421875,2.20672607421875
73,56,56,123.37544,187.0,125.0,-1.6245574951171875,1.6245574951171875
73,57,57,123.24744,186.0,125.0,-1.7525634765625,1.7525634765625
73,58,58,122.610435,185.0,125.0,-2.3895645141601562,2.3895645141601562
73,59,59,122.722046,184.0,125.0,-2.2779541015625,2.2779541015625
73,60,60,121.53847,183.0,125.0,-3.4615325927734375,3.4615325927734375
73,61,61,122.11239,182.0,125.0,-2.8876113891601562,2.8876113891601562
73,62,62,122.06372,181.0,125.0,-2.936279296875,2.936279296875
73,63,63,122.93192,180.0,125.0,-2.0680770874023438,2.0680770874023438
73,64,64,122.45968,179.0,125.0,-2.5403213500976562,2.5403213500976562
73,65,65,122.96549,178.0,125.0,-2.0345077514648438,2.0345077514648438
73,66,66,123.22517,177.0,125.0,-1.7748336791992188,1.7748336791992188
73,67,67,122.653,176.0,125.0,-2.3470001220703125,2.3470001220703125
73,68,68,123.131836,175.0,125.0,-1.8681640625,1.8681640625
73,69,69,123.32742,174.0,125.0,-1.672576904296875,1.672576904296875
73,70,70,122.5025,173.0,125.0,-2.49749755859375,2.49749755859375
73,71,71,123.2414,172.0,125.0,-1.7585983276367188,1.7585983276367188
73,72,72,123.66419,171.0,125.0,-1.3358078002929688,1.3358078002929688
73,73,73,124.23332,170.0,125.0,-0.7666778564453125,0.7666778564453125
73,74,74,123.62833,169.0,125.0,-1.371673583984375,1.371673583984375
73,75,75,123.916794,168.0,125.0,-1.0832061767578125,1.0832061767578125
73,76,76,123.42001,167.0,125.0,-1.579986572265625,1.579986572265625
73,77,77,122.3562,166.0,125.0,-2.643798828125,2.643798828125
73,78,78,120.5479,165.0,125.0,-4.4521026611328125,4.4521026611328125
73,79,79,122.11302,164.0,125.0,-2.8869781494140625,2.8869781494140625
73,80,80,119.82751,163.0,125.0,-5.172492980957031,5.172492980957031
73,81,81,120.03932,162.0,125.0,-4.9606781005859375,4.9606781005859375
73,82,82,119.16291,161.0,125.0,-5.837089538574219,5.837089538574219
73,83,83,120.19643,160.0,125.0,-4.8035736083984375,4.8035736083984375
73,84,84,119.519775,159.0,125.0,-5.480224609375,5.480224609375
73,85,85,119.81934,158.0,125.0,-5.180656433105469,5.180656433105469
73,86,86,120.61119,157.0,125.0,-4.3888092041015625,4.3888092041015625
73,87,87,121.391464,156.0,125.0,-3.6085357666015625,3.6085357666015625
73,88,88,121.05199,155.0,125.0,-3.9480133056640625,3.9480133056640625
73,89,89,120.957245,154.0,125.0,-4.042755126953125,4.042755126953125
73,90,90,118.14116,153.0,125.0,-6.8588409423828125,6.8588409423828125
73,91,91,119.43768,152.0,125.0,-5.56231689453125,5.56231689453125
73,92,92,119.95363,151.0,125.0,-5.0463714599609375,5.0463714599609375
73,93,93,119.59105,150.0,125.0,-5.4089508056640625,5.4089508056640625
73,94,94,117.69556,149.0,125.0,-7.304443359375,7.304443359375
73,95,95,117.61431,148.0,125.0,-7.385688781738281,7.385688781738281
73,96,96,113.940674,147.0,125.0,-11.059326171875,11.059326171875
73,97,97,115.26773,146.0,125.0,-9.732269287109375,9.732269287109375
73,98,98,108.584435,145.0,125.0,-16.415565490722656,16.415565490722656
73,99,99,106.592575,144.0,125.0,-18.407424926757812,18.407424926757812
73,100,100,105.8163,143.0,125.0,-19.183700561523438,19.183700561523438
73,101,101,106.070786,142.0,125.0,-18.929214477539062,18.929214477539062
73,102,102,109.82408,141.0,125.0,-15.175918579101562,15.175918579101562
73,103,103,114.98745,140.0,125.0,-10.012550354003906,10.012550354003906
73,104,104,117.097305,139.0,125.0,-7.9026947021484375,7.9026947021484375
73,105,105,120.02383,138.0,125.0,-4.976173400878906,4.976173400878906
73,106,106,121.61337,137.0,125.0,-3.386627197265625,3.386627197265625
73,107,107,121.075165,136.0,125.0,-3.924835205078125,3.924835205078125
73,108,108,117.38072,135.0,125.0,-7.6192779541015625,7.6192779541015625
73,109,109,118.12486,134.0,125.0,-6.8751373291015625,6.8751373291015625
73,110,110,114.41887,133.0,125.0,-10.581130981445312,10.581130981445312
73,111,111,113.0258,132.0,125.0,-11.974197387695312,11.974197387695312
73,112,112,115.56829,131.0,125.0,-9.431709289550781,9.431709289550781
74,1,1,118.68151,262.0,125.0,-6.318489074707031,6.318489074707031
74,2,2,112.92137,261.0,125.0,-12.078628540039062,12.078628540039062
74,3,3,113.680984,260.0,125.0,-11.319015502929688,11.319015502929688
74,4,4,111.10765,259.0,125.0,-13.892349243164062,13.892349243164062
74,5,5,111.89732,258.0,125.0,-13.102676391601562,13.102676391601562
74,6,6,112.58288,257.0,125.0,-12.417121887207031,12.417121887207031
74,7,7,111.93369,256.0,125.0,-13.066307067871094,13.066307067871094
74,8,8,108.481445,255.0,125.0,-16.5185546875,16.5185546875
74,9,9,111.18788,254.0,125.0,-13.812118530273438,13.812118530273438
74,10,10,106.95891,253.0,125.0,-18.041091918945312,18.041091918945312
74,11,11,106.2419,252.0,125.0,-18.758102416992188,18.758102416992188
74,12,12,102.054245,251.0,125.0,-22.945755004882812,22.945755004882812
74,13,13,100.902626,250.0,125.0,-24.097373962402344,24.097373962402344
74,14,14,92.68881,249.0,125.0,-32.311187744140625,32.311187744140625
74,15,15,92.446785,248.0,125.0,-32.55321502685547,32.55321502685547
74,16,16,96.92619,247.0,125.0,-28.073806762695312,28.073806762695312
74,17,17,99.09352,246.0,125.0,-25.906478881835938,25.906478881835938
74,18,18,105.17143,245.0,125.0,-19.828567504882812,19.828567504882812
74,19,19,98.67578,244.0,125.0,-26.32421875,26.32421875
74,20,20,102.3373,243.0,125.0,-22.662696838378906,22.662696838378906
74,21,21,96.23161,242.0,125.0,-28.768386840820312,28.768386840820312
74,22,22,98.04066,241.0,125.0,-26.95934295654297,26.95934295654297
74,23,23,95.62271,240.0,125.0,-29.377288818359375,29.377288818359375
74,24,24,94.00235,239.0,125.0,-30.997650146484375,30.997650146484375
74,25,25,94.893036,238.0,125.0,-30.106964111328125,30.106964111328125
74,26,26,88.93129,237.0,125.0,-36.06871032714844,36.06871032714844
74,27,27,91.66519,236.0,125.0,-33.334808349609375,33.334808349609375
74,28,28,94.62051,235.0,125.0,-30.379493713378906,30.379493713378906
74,29,29,104.559975,234.0,125.0,-20.440025329589844,20.440025329589844
74,30,30,116.527534,233.0,125.0,-8.472465515136719,8.472465515136719
74,31,31,112.2716,232.0,125.0,-12.728401184082031,12.728401184082031
74,32,32,108.63639,231.0,125.0,-16.363609313964844,16.363609313964844
74,33,33,112.4707,230.0,125.0,-12.529296875,12.529296875
74,34,34,116.81496,229.0,125.0,-8.185043334960938,8.185043334960938
74,35,35,121.96923,228.0,125.0,-3.0307693481445312,3.0307693481445312
74,36,36,120.952415,227.0,125.0,-4.047584533691406,4.047584533691406
74,37,37,120.75922,226.0,125.0,-4.24078369140625,4.24078369140625
74,38,38,122.299515,225.0,125.0,-2.7004852294921875,2.7004852294921875
74,39,39,119.46704,224.0,125.0,-5.532958984375,5.532958984375
74,40,40,121.58287,223.0,125.0,-3.4171295166015625,3.4171295166015625
74,41,41,122.30214,222.0,125.0,-2.6978607177734375,2.6978607177734375
74,42,42,124.241585,221.0,125.0,-0.7584152221679688,0.7584152221679688
74,43,43,125.0,220.0,125.0,0.0,0.0
74,44,44,125.0,219.0,125.0,0.0,0.0
74,45,45,124.58469,218.0,125.0,-0.415313720703125,0.415313720703125
74,46,46,124.59686,217.0,125.0,-0.40313720703125,0.40313720703125
74,47,47,124.74866,216.0,125.0,-0.2513427734375,0.2513427734375
74,48,48,123.78676,215.0,125.0,-1.2132415771484375,1.2132415771484375
74,49,49,122.396194,214.0,125.0,-2.6038055419921875,2.6038055419921875
74,50,50,121.614914,213.0,125.0,-3.3850860595703125,3.3850860595703125
74,51,51,123.9158,212.0,125.0,-1.084197998046875,1.084197998046875
74,52,52,122.81854,211.0,125.0,-2.18145751953125,2.18145751953125
74,53,53,123.72183,210.0,125.0,-1.278167724609375,1.278167724609375
74,54,54,124.017975,209.0,125.0,-0.982025146484375,0.982025146484375
74,55,55,123.357254,208.0,125.0,-1.6427459716796875,1.6427459716796875
74,56,56,123.01623,207.0,125.0,-1.9837722778320312,1.9837722778320312
74,57,57,122.57692,206.0,125.0,-2.4230804443359375,2.4230804443359375
74,58,58,121.783264,205.0,125.0,-3.21673583984375,3.21673583984375
74,59,59,121.91308,204.0,125.0,-3.0869216918945312,3.0869216918945312
74,60,60,124.20923,203.0,125.0,-0.790771484375,0.790771484375
74,61,61,120.638275,202.0,125.0,-4.361724853515625,4.361724853515625
74,62,62,120.69744,201.0,125.0,-4.302558898925781,4.302558898925781
74,63,63,120.250015,200.0,125.0,-4.7499847412109375,4.7499847412109375
74,64,64,121.66873,199.0,125.0,-3.331268310546875,3.331268310546875
74,65,65,122.15134,198.0,125.0,-2.848663330078125,2.848663330078125
74,66,66,123.58264,197.0,125.0,-1.4173583984375,1.4173583984375
74,67,67,122.96661,196.0,125.0,-2.03338623046875,2.03338623046875
74,68,68,124.54951,195.0,125.0,-0.45049285888671875,0.45049285888671875
74,69,69,121.89177,194.0,125.0,-3.1082305908203125,3.1082305908203125
74,70,70,121.658775,193.0,125.0,-3.3412246704101562,3.3412246704101562
74,71,71,120.36417,192.0,125.0,-4.635833740234375,4.635833740234375
74,72,72,121.726524,191.0,125.0,-3.2734756469726562,3.2734756469726562
74,73,73,120.8557,190.0,125.0,-4.1443023681640625,4.1443023681640625
74,74,74,123.49127,189.0,125.0,-1.50872802734375,1.50872802734375
74,75,75,123.525055,188.0,125.0,-1.474945068359375,1.474945068359375
74,76,76,124.75119,187.0,125.0,-0.248809814453125,0.248809814453125
74,77,77,123.8047,186.0,125.0,-1.1952972412109375,1.1952972412109375
74,78,78,124.223526,185.0,125.0,-0.7764739990234375,0.7764739990234375
74,79,79,123.59839,184.0,125.0,-1.401611328125,1.401611328125
74,80,80,123.574905,183.0,125.0,-1.4250946044921875,1.4250946044921875
74,81,81,123.17047,182.0,125.0,-1.82952880859375,1.82952880859375
74,82,82,121.52232,181.0,125.0,-3.4776763916015625,3.4776763916015625
74,83,83,122.09654,180.0,125.0,-2.9034576416015625,2.9034576416015625
74,84,84,123.02911,179.0,125.0,-1.97088623046875,1.97088623046875
74,85,85,119.40293,178.0,125.0,-5.597068786621094,5.597068786621094
74,86,86,116.596725,177.0,125.0,-8.403274536132812,8.403274536132812
74,87,87,119.90046,176.0,125.0,-5.099540710449219,5.099540710449219
74,88,88,122.01323,175.0,125.0,-2.9867706298828125,2.9867706298828125
74,89,89,118.32344,174.0,125.0,-6.6765594482421875,6.6765594482421875
74,90,90,117.06383,173.0,125.0,-7.9361724853515625,7.9361724853515625
74,91,91,111.92115,172.0,125.0,-13.078849792480469,13.078849792480469
74,92,92,105.847,171.0,125.0,-19.152999877929688,19.152999877929688
74,93,93,98.03866,170.0,125.0,-26.961341857910156,26.961341857910156
74,94,94,111.13049,169.0,125.0,-13.8695068359375,13.8695068359375
74,95,95,112.75485,168.0,125.0,-12.245147705078125,12.245147705078125
74,96,96,115.192505,167.0,125.0,-9.8074951171875,9.8074951171875
74,97,97,118.70653,166.0,125.0,-6.2934722900390625,6.2934722900390625
74,98,98,115.86143,165.0,125.0,-9.138572692871094,9.138572692871094
74,99,99,119.414314,164.0,125.0,-5.585685729980469,5.585685729980469
74,100,100,118.42149,163.0,125.0,-6.5785064697265625,6.5785064697265625
74,101,101,120.51819,162.0,125.0,-4.4818115234375,4.4818115234375
74,102,102,113.02998,161.0,125.0,-11.970016479492188,11.970016479492188
74,103,103,110.555115,160.0,125.0,-14.44488525390625,14.44488525390625
74,104,104,114.00996,159.0,125.0,-10.990043640136719,10.990043640136719
74,105,105,113.4691,158.0,125.0,-11.530899047851562,11.530899047851562
74,106,106,121.431564,157.0,125.0,-3.5684356689453125,3.5684356689453125
74,107,107,116.688156,156.0,125.0,-8.311843872070312,8.311843872070312
74,108,108,121.58359,155.0,125.0,-3.416412353515625,3.416412353515625
74,109,109,121.90178,154.0,125.0,-3.0982208251953125,3.0982208251953125
74,110,110,112.39026,153.0,125.0,-12.6097412109375,12.6097412109375
74,111,111,112.716675,152.0,125.0,-12.2833251953125,12.2833251953125
74,112,112,111.3252,151.0,125.0,-13.674797058105469,13.674797058105469
74,113,113,112.52562,150.0,125.0,-12.474380493164062,12.474380493164062
74,114,114,112.31622,149.0,125.0,-12.68377685546875,12.68377685546875
74,115,115,111.33726,148.0,125.0,-13.662742614746094,13.662742614746094
74,116,116,117.098724,147.0,125.0,-7.901275634765625,7.901275634765625
74,117,117,112.73255,146.0,125.0,-12.267448425292969,12.267448425292969
74,118,118,113.35721,145.0,125.0,-11.642791748046875,11.642791748046875
74,119,119,113.23387,144.0,125.0,-11.766128540039062,11.766128540039062
74,120,120,113.30211,143.0,125.0,-11.697891235351562,11.697891235351562
74,121,121,112.78449,142.0,125.0,-12.215507507324219,12.215507507324219
74,122,122,113.11537,141.0,125.0,-11.884628295898438,11.884628295898438
74,123,123,111.66737,140.0,125.0,-13.332626342773438,13.332626342773438
74,124,124,111.74396,139.0,125.0,-13.25604248046875,13.25604248046875
74,125,125,112.34235,138.0,125.0,-12.65765380859375,12.65765380859375
74,126,126,110.88274,137.0,125.0,-14.117263793945312,14.117263793945312
74,127,127,110.469536,136.0,125.0,-14.530464172363281,14.530464172363281
74,128,128,110.51108,135.0,125.0,-14.488922119140625,14.488922119140625
74,129,129,111.42086,134.0,125.0,-13.579139709472656,13.579139709472656
74,130,130,112.77965,133.0,125.0,-12.220352172851562,12.220352172851562
74,131,131,113.26831,132.0,125.0,-11.731689453125,11.731689453125
74,132,132,111.70373,131.0,125.0,-13.296272277832031,13.296272277832031
74,133,133,110.15796,130.0,125.0,-14.842041015625,14.842041015625
74,134,134,111.637405,129.0,125.0,-13.362594604492188,13.362594604492188
74,135,135,110.682304,128.0,125.0,-14.317695617675781,14.317695617675781
74,136,136,112.16486,127.0,125.0,-12.835136413574219,12.835136413574219
74,137,137,110.161835,126.0,125.0,-14.838165283203125,14.838165283203125
75,1,1,122.07385,200.0,125.0,-2.9261474609375,2.9261474609375
75,2,2,120.07442,199.0,125.0,-4.9255828857421875,4.9255828857421875
75,3,3,119.968544,198.0,125.0,-5.031455993652344,5.031455993652344
75,4,4,118.94435,197.0,125.0,-6.0556488037109375,6.0556488037109375
75,5,5,119.11455,196.0,125.0,-5.8854522705078125,5.8854522705078125
75,6,6,117.66342,195.0,125.0,-7.336578369140625,7.336578369140625
75,7,7,114.974434,194.0,125.0,-10.025566101074219,10.025566101074219
75,8,8,111.54646,193.0,125.0,-13.453536987304688,13.453536987304688
75,9,9,113.44154,192.0,125.0,-11.558456420898438,11.558456420898438
75,10,10,114.92351,191.0,125.0,-10.076492309570312,10.076492309570312
75,11,11,116.00573,190.0,125.0,-8.994270324707031,8.994270324707031
75,12,12,117.11332,189.0,125.0,-7.886680603027344,7.886680603027344
75,13,13,119.144424,188.0,125.0,-5.8555755615234375,5.8555755615234375
75,14,14,117.385605,187.0,125.0,-7.6143951416015625,7.6143951416015625
75,15,15,118.16341,186.0,125.0,-6.8365936279296875,6.8365936279296875
75,16,16,116.24776,185.0,125.0,-8.752243041992188,8.752243041992188
75,17,17,114.6337,184.0,125.0,-10.366302490234375,10.366302490234375
75,18,18,110.32229,183.0,125.0,-14.677711486816406,14.677711486816406
75,19,19,100.4507,182.0,125.0,-24.549301147460938,24.549301147460938
75,20,20,101.68426,181.0,125.0,-23.31574249267578,23.31574249267578
75,21,21,105.02539,180.0,125.0,-19.974609375,19.974609375
75,22,22,103.413864,179.0,125.0,-21.586135864257812,21.586135864257812
75,23,23,103.02463,178.0,125.0,-21.975372314453125,21.975372314453125
75,24,24,107.381134,177.0,125.0,-17.618865966796875,17.618865966796875
75,25,25,106.81531,176.0,125.0,-18.1846923828125,18.1846923828125
75,26,26,106.894165,175.0,125.0,-18.1058349609375,18.1058349609375
75,27,27,109.4621,174.0,125.0,-15.53790283203125,15.53790283203125
75,28,28,107.35059,173.0,125.0,-17.64940643310547,17.64940643310547
75,29,29,109.95067,172.0,125.0,-15.049331665039062,15.049331665039062
75,30,30,112.843704,171.0,125.0,-12.156295776367188,12.156295776367188
75,31,31,114.36301,170.0,125.0,-10.636993408203125,10.636993408203125
75,32,32,115.39818,169.0,125.0,-9.601821899414062,9.601821899414062
75,33,33,114.851,168.0,125.0,-10.149002075195312,10.149002075195312
75,34,34,115.35311,167.0,125.0,-9.646888732910156,9.646888732910156
75,35,35,115.081245,166.0,125.0,-9.918754577636719,9.918754577636719
75,36,36,116.49431,165.0,125.0,-8.505691528320312,8.505691528320312
75,37,37,116.90925,164.0,125.0,-8.090751647949219,8.090751647949219
75,38,38,118.18071,163.0,125.0,-6.8192901611328125,6.8192901611328125
75,39,39,120.046684,162.0,125.0,-4.953315734863281,4.953315734863281
75,40,40,116.50725,161.0,125.0,-8.492752075195312,8.492752075195312
75,41,41,116.09068,160.0,125.0,-8.909317016601562,8.909317016601562
75,42,42,115.492035,159.0,125.0,-9.507965087890625,9.507965087890625
75,43,43,117.0288,158.0,125.0,-7.971199035644531,7.971199035644531
75,44,44,116.4945,157.0,125.0,-8.505500793457031,8.505500793457031
75,45,45,115.52124,156.0,125.0,-9.478759765625,9.478759765625
75,46,46,118.29971,155.0,125.0,-6.700286865234375,6.700286865234375
75,47,47,118.807785,154.0,125.0,-6.1922149658203125,6.1922149658203125
75,48,48,117.71413,153.0,125.0,-7.2858734130859375,7.2858734130859375
75,49,49,104.2989,152.0,125.0,-20.70110321044922,20.70110321044922
75,50,50,99.49499,151.0,125.0,-25.50501251220703,25.50501251220703
75,51,51,111.22113,150.0,125.0,-13.77886962890625,13.77886962890625
75,52,52,108.75946,149.0,125.0,-16.24053955078125,16.24053955078125
75,53,53,109.824554,148.0,125.0,-15.175445556640625,15.175445556640625
75,54,54,109.03334,147.0,125.0,-15.966659545898438,15.966659545898438
75,55,55,112.135925,146.0,125.0,-12.86407470703125,12.86407470703125
75,56,56,110.641014,145.0,125.0,-14.358985900878906,14.358985900878906
75,57,57,114.33095,144.0,125.0,-10.669052124023438,10.669052124023438
75,58,58,112.85413,143.0,125.0,-12.145866394042969,12.145866394042969
75,59,59,114.568436,142.0,125.0,-10.431564331054688,10.431564331054688
75,60,60,115.01201,141.0,125.0,-9.987991333007812,9.987991333007812
75,61,61,112.103386,140.0,125.0,-12.896614074707031,12.896614074707031
75,62,62,114.498,139.0,125.0,-10.501998901367188,10.501998901367188
75,63,63,114.475746,138.0,125.0,-10.524253845214844,10.524253845214844
75,64,64,112.5621,137.0,125.0,-12.437896728515625,12.437896728515625
75,65,65,110.44799,136.0,125.0,-14.552009582519531,14.552009582519531
75,66,66,112.358284,135.0,125.0,-12.641716003417969,12.641716003417969
75,67,67,115.74899,134.0,125.0,-9.251007080078125,9.251007080078125
75,68,68,120.10185,133.0,125.0,-4.8981475830078125,4.8981475830078125
75,69,69,123.4619,132.0,125.0,-1.5381011962890625,1.5381011962890625
75,70,70,119.23434,131.0,125.0,-5.765663146972656,5.765663146972656
75,71,71,118.872406,130.0,125.0,-6.127593994140625,6.127593994140625
75,72,72,115.7654,129.0,125.0,-9.234596252441406,9.234596252441406
75,73,73,112.59743,128.0,125.0,-12.402572631835938,12.402572631835938
75,74,74,111.43864,127.0,125.0,-13.561363220214844,13.561363220214844
75,75,75,103.20169,126.0,125.0,-21.798309326171875,21.798309326171875
75,76,76,112.781204,125.0,125.0,-12.218795776367188,12.218795776367188
75,77,77,115.91252,124.0,124.0,-8.087478637695312,8.087478637695312
75,78,78,101.17704,123.0,123.0,-21.822959899902344,21.822959899902344
75,79,79,92.69673,122.0,122.0,-29.303268432617188,29.303268432617188
75,80,80,91.31352,121.0,121.0,-29.686477661132812,29.686477661132812
75,81,81,111.266205,120.0,120.0,-8.733795166015625,8.733795166015625
75,82,82,107.56253,119.0,119.0,-11.437469482421875,11.437469482421875
75,83,83,113.933075,118.0,118.0,-4.066925048828125,4.066925048828125
75,84,84,107.898315,117.0,117.0,-9.1016845703125,9.1016845703125
75,85,85,110.13998,116.0,116.0,-5.860023498535156,5.860023498535156
75,86,86,98.91262,115.0,115.0,-16.087379455566406,16.087379455566406
75,87,87,107.359924,114.0,114.0,-6.64007568359375,6.64007568359375
75,88,88,111.083466,113.0,113.0,-1.916534423828125,1.916534423828125
76,1,1,122.457634,214.0,125.0,-2.5423660278320312,2.5423660278320312
76,2,2,122.69974,213.0,125.0,-2.300262451171875,2.300262451171875
76,3,3,122.599655,212.0,125.0,-2.4003448486328125,2.4003448486328125
76,4,4,122.44913,211.0,125.0,-2.550872802734375,2.550872802734375
76,5,5,122.58553,210.0,125.0,-2.4144668579101562,2.4144668579101562
76,6,6,123.17379,209.0,125.0,-1.8262100219726562,1.8262100219726562
76,7,7,123.310005,208.0,125.0,-1.6899948120117188,1.6899948120117188
76,8,8,123.0672,207.0,125.0,-1.93280029296875,1.93280029296875
76,9,9,123.64108,206.0,125.0,-1.358917236328125,1.358917236328125
76,10,10,123.589645,205.0,125.0,-1.4103546142578125,1.4103546142578125
76,11,11,123.03917,204.0,125.0,-1.9608306884765625,1.9608306884765625
76,12,12,122.763016,203.0,125.0,-2.2369842529296875,2.2369842529296875
76,13,13,122.7343,202.0,125.0,-2.2657012939453125,2.2657012939453125
76,14,14,123.30151,201.0,125.0,-1.698486328125,1.698486328125
76,15,15,123.60062,200.0,125.0,-1.399383544921875,1.399383544921875
76,16,16,123.31323,199.0,125.0,-1.686767578125,1.686767578125
76,17,17,123.543686,198.0,125.0,-1.4563140869140625,1.4563140869140625
76,18,18,123.66516,197.0,125.0,-1.3348388671875,1.3348388671875
76,19,19,123.825226,196.0,125.0,-1.174774169921875,1.174774169921875
76,20,20,123.68073,195.0,125.0,-1.3192672729492188,1.3192672729492188
76,21,21,123.94708,194.0,125.0,-1.05291748046875,1.05291748046875
76,22,22,123.81534,193.0,125.0,-1.184661865234375,1.184661865234375
76,23,23,123.46115,192.0,125.0,-1.538848876953125,1.538848876953125
76,24,24,123.036095,191.0,125.0,-1.9639053344726562,1.9639053344726562
76,25,25,122.757195,190.0,125.0,-2.2428054809570312,2.2428054809570312
76,26,26,122.75661,189.0,125.0,-2.2433929443359375,2.2433929443359375
76,27,27,122.71728,188.0,125.0,-2.2827224731445312,2.2827224731445312
76,28,28,123.18729,187.0,125.0,-1.812713623046875,1.812713623046875
76,29,29,122.88944,186.0,125.0,-2.1105575561523438,2.1105575561523438
76,30,30,123.19025,185.0,125.0,-1.80975341796875,1.80975341796875
76,31,31,123.091675,184.0,125.0,-1.9083251953125,1.9083251953125
76,32,32,123.58205,183.0,125.0,-1.4179534912109375,1.4179534912109375
76,33,33,122.89665,182.0,125.0,-2.1033477783203125,2.1033477783203125
76,34,34,123.39991,181.0,125.0,-1.6000900268554688,1.6000900268554688
76,35,35,123.357155,180.0,125.0,-1.6428451538085938,1.6428451538085938
76,36,36,123.900345,179.0,125.0,-1.0996551513671875,1.0996551513671875
76,37,37,123.92428,178.0,125.0,-1.0757217407226562,1.0757217407226562
76,38,38,123.728775,177.0,125.0,-1.2712249755859375,1.2712249755859375
76,39,39,123.47134,176.0,125.0,-1.5286636352539062,1.5286636352539062
76,40,40,123.2986,175.0,125.0,-1.7014007568359375,1.7014007568359375
76,41,41,123.87099,174.0,125.0,-1.1290130615234375,1.1290130615234375
76,42,42,123.01971,173.0,125.0,-1.9802932739257812,1.9802932739257812
76,43,43,123.43581,172.0,125.0,-1.5641937255859375,1.5641937255859375
76,44,44,123.56264,171.0,125.0,-1.4373626708984375,1.4373626708984375
76,45,45,123.22507,170.0,125.0,-1.774932861328125,1.774932861328125
76,46,46,121.5793,169.0,125.0,-3.4207000732421875,3.4207000732421875
76,47,47,121.94707,168.0,125.0,-3.0529327392578125,3.0529327392578125
76,48,48,122.13301,167.0,125.0,-2.8669891357421875,2.8669891357421875
76,49,49,123.061264,166.0,125.0,-1.9387359619140625,1.9387359619140625
76,50,50,122.934906,165.0,125.0,-2.065093994140625,2.065093994140625
76,51,51,122.9077,164.0,125.0,-2.0923004150390625,2.0923004150390625
76,52,52,122.95047,163.0,125.0,-2.049530029296875,2.049530029296875
76,53,53,122.99373,162.0,125.0,-2.0062713623046875,2.0062713623046875
76,54,54,123.79785,161.0,125.0,-1.2021484375,1.2021484375
76,55,55,123.01793,160.0,125.0,-1.9820709228515625,1.9820709228515625
76,56,56,122.00745,159.0,125.0,-2.9925537109375,2.9925537109375
76,57,57,122.53163,158.0,125.0,-2.4683685302734375,2.4683685302734375
76,58,58,123.153656,157.0,125.0,-1.846343994140625,1.846343994140625
76,59,59,122.68313,156.0,125.0,-2.3168716430664062,2.3168716430664062
76,60,60,122.9146,155.0,125.0,-2.0854034423828125,2.0854034423828125
76,61,61,123.172295,154.0,125.0,-1.8277053833007812,1.8277053833007812
76,62,62,122.73355,153.0,125.0,-2.266448974609375,2.266448974609375
76,63,63,122.95744,152.0,125.0,-2.0425567626953125,2.0425567626953125
76,64,64,122.88788,151.0,125.0,-2.11212158203125,2.11212158203125
76,65,65,122.26386,150.0,125.0,-2.7361373901367188,2.7361373901367188
76,66,66,122.81726,149.0,125.0,-2.1827392578125,2.1827392578125
76,67,67,122.67554,148.0,125.0,-2.324462890625,2.324462890625
76,68,68,121.778625,147.0,125.0,-3.22137451171875,3.22137451171875
76,69,69,121.33902,146.0,125.0,-3.660980224609375,3.660980224609375
76,70,70,120.92749,145.0,125.0,-4.072509765625,4.072509765625
76,71,71,120.380974,144.0,125.0,-4.619026184082031,4.619026184082031
76,72,72,120.9249,143.0,125.0,-4.075103759765625,4.075103759765625
76,73,73,121.149956,142.0,125.0,-3.8500442504882812,3.8500442504882812
76,74,74,122.1098,141.0,125.0,-2.89019775390625,2.89019775390625
76,75,75,122.00906,140.0,125.0,-2.990936279296875,2.990936279296875
76,76,76,121.457275,139.0,125.0,-3.542724609375,3.542724609375
76,77,77,119.10002,138.0,125.0,-5.8999786376953125,5.8999786376953125
76,78,78,114.544754,137.0,125.0,-10.455245971679688,10.455245971679688
76,79,79,117.74394,136.0,125.0,-7.2560577392578125,7.2560577392578125
76,80,80,118.44008,135.0,125.0,-6.5599212646484375,6.5599212646484375
76,81,81,119.68307,134.0,125.0,-5.316932678222656,5.316932678222656
76,82,82,120.26051,133.0,125.0,-4.7394866943359375,4.7394866943359375
76,83,83,120.200775,132.0,125.0,-4.799224853515625,4.799224853515625
76,84,84,121.791374,131.0,125.0,-3.2086257934570312,3.2086257934570312
76,85,85,121.309685,130.0,125.0,-3.6903152465820312,3.6903152465820312
76,86,86,120.58362,129.0,125.0,-4.4163818359375,4.4163818359375
76,87,87,120.04936,128.0,125.0,-4.9506378173828125,4.9506378173828125
76,88,88,119.92141,127.0,125.0,-5.078590393066406,5.078590393066406
76,89,89,120.044624,126.0,125.0,-4.955375671386719,4.955375671386719
76,90,90,120.386444,125.0,125.0,-4.613555908203125,4.613555908203125
76,91,91,121.84581,124.0,124.0,-2.1541900634765625,2.1541900634765625
76,92,92,119.3889,123.0,123.0,-3.6110992431640625,3.6110992431640625
76,93,93,120.97511,122.0,122.0,-1.0248870849609375,1.0248870849609375
76,94,94,120.280975,121.0,121.0,-0.719024658203125,0.719024658203125
76,95,95,120.67528,120.0,120.0,0.6752777099609375,0.6752777099609375
76,96,96,120.72099,119.0,119.0,1.7209930419921875,1.7209930419921875
76,97,97,123.06967,118.0,118.0,5.069671630859375,5.069671630859375
76,98,98,122.31951,117.0,117.0,5.319511413574219,5.319511413574219
76,99,99,122.22749,116.0,116.0,6.2274932861328125,6.2274932861328125
76,100,100,119.69842,115.0,115.0,4.698417663574219,4.698417663574219
76,101,101,119.294525,114.0,114.0,5.294525146484375,5.294525146484375
76,102,102,118.15078,113.0,113.0,5.150779724121094,5.150779724121094
76,103,103,118.76422,112.0,112.0,6.76422119140625,6.76422119140625
76,104,104,121.588776,111.0,111.0,10.588775634765625,10.588775634765625
76,105,105,122.06466,110.0,110.0,12.064659118652344,12.064659118652344
76,106,106,122.066055,109.0,109.0,13.066055297851562,13.066055297851562
76,107,107,121.66611,108.0,108.0,13.666107177734375,13.666107177734375
76,108,108,113.45064,107.0,107.0,6.4506378173828125,6.4506378173828125
76,109,109,108.844345,106.0,106.0,2.8443450927734375,2.8443450927734375
76,110,110,110.991745,105.0,105.0,5.9917449951171875,5.9917449951171875
76,111,111,114.36876,104.0,104.0,10.368759155273438,10.368759155273438
76,112,112,109.08949,103.0,103.0,6.0894927978515625,6.0894927978515625
76,113,113,107.92731,102.0,102.0,5.92730712890625,5.92730712890625
76,114,114,111.87164,101.0,101.0,10.87164306640625,10.87164306640625
76,115,115,107.05301,100.0,100.0,7.053009033203125,7.053009033203125
76,116,116,111.24901,99.0,99.0,12.249008178710938,12.249008178710938
76,117,117,106.85772,98.0,98.0,8.857719421386719,8.857719421386719
76,118,118,98.42052,97.0,97.0,1.4205169677734375,1.4205169677734375
76,119,119,99.634315,96.0,96.0,3.6343154907226562,3.6343154907226562
76,120,120,103.10371,95.0,95.0,8.103706359863281,8.103706359863281
76,121,121,105.28299,94.0,94.0,11.282989501953125,11.282989501953125
76,122,122,101.44089,93.0,93.0,8.440887451171875,8.440887451171875
76,123,123,99.05095,92.0,92.0,7.0509490966796875,7.0509490966796875
76,124,124,95.26413,91.0,91.0,4.264129638671875,4.264129638671875
76,125,125,78.7081,90.0,90.0,-11.291900634765625,11.291900634765625
76,126,126,78.81829,89.0,89.0,-10.181709289550781,10.181709289550781
76,127,127,91.32071,88.0,88.0,3.320709228515625,3.320709228515625
76,128,128,89.45775,87.0,87.0,2.4577484130859375,2.4577484130859375
76,129,129,95.94368,86.0,86.0,9.943679809570312,9.943679809570312
76,130,130,81.776566,85.0,85.0,-3.2234344482421875,3.2234344482421875
76,131,131,77.17256,84.0,84.0,-6.8274383544921875,6.8274383544921875
76,132,132,79.40745,83.0,83.0,-3.5925521850585938,3.5925521850585938
76,133,133,82.5889,82.0,82.0,0.588897705078125,0.588897705078125
76,134,134,72.01727,81.0,81.0,-8.98272705078125,8.98272705078125
76,135,135,72.51898,80.0,80.0,-7.48101806640625,7.48101806640625
76,136,136,67.46221,79.0,79.0,-11.537788391113281,11.537788391113281
76,137,137,69.20004,78.0,78.0,-8.799957275390625,8.799957275390625
76,138,138,72.52618,77.0,77.0,-4.473823547363281,4.473823547363281
76,139,139,69.96751,76.0,76.0,-6.032493591308594,6.032493591308594
76,140,140,68.34486,75.0,75.0,-6.655143737792969,6.655143737792969
76,141,141,70.90851,74.0,74.0,-3.09149169921875,3.09149169921875
76,142,142,65.51735,73.0,73.0,-7.4826507568359375,7.4826507568359375
76,143,143,66.14147,72.0,72.0,-5.858528137207031,5.858528137207031
76,144,144,67.050156,71.0,71.0,-3.9498443603515625,3.9498443603515625
76,145,145,73.71537,70.0,70.0,3.7153701782226562,3.7153701782226562
76,146,146,74.92578,69.0,69.0,5.92578125,5.92578125
76,147,147,72.33769,68.0,68.0,4.3376922607421875,4.3376922607421875
76,148,148,74.364265,67.0,67.0,7.364265441894531,7.364265441894531
76,149,149,79.1889,66.0,66.0,13.18890380859375,13.18890380859375
76,150,150,76.45441,65.0,65.0,11.45440673828125,11.45440673828125
76,151,151,74.546936,64.0,64.0,10.54693603515625,10.54693603515625
76,152,152,77.79132,63.0,63.0,14.79132080078125,14.79132080078125
76,153,153,78.74916,62.0,62.0,16.749160766601562,16.749160766601562
76,154,154,75.636345,61.0,61.0,14.636344909667969,14.636344909667969
76,155,155,71.60442,60.0,60.0,11.604423522949219,11.604423522949219
76,156,156,75.02053,59.0,59.0,16.020530700683594,16.020530700683594
76,157,157,73.34837,58.0,58.0,15.348373413085938,15.348373413085938
76,158,158,68.86933,57.0,57.0,11.869331359863281,11.869331359863281
76,159,159,68.01297,56.0,56.0,12.012969970703125,12.012969970703125
76,160,160,67.624725,55.0,55.0,12.624725341796875,12.624725341796875
76,161,161,63.728207,54.0,54.0,9.728206634521484,9.728206634521484
76,162,162,64.59748,53.0,53.0,11.597480773925781,11.597480773925781
76,163,163,62.230114,52.0,52.0,10.230113983154297,10.230113983154297
76,164,164,59.170254,51.0,51.0,8.17025375366211,8.17025375366211
76,165,165,57.808144,50.0,50.0,7.808143615722656,7.808143615722656
76,166,166,51.890392,49.0,49.0,2.890392303466797,2.890392303466797
76,167,167,44.383343,48.0,48.0,-3.616657257080078,3.616657257080078
76,168,168,45.500813,47.0,47.0,-1.4991874694824219,1.4991874694824219
76,169,169,47.51067,46.0,46.0,1.5106697082519531,1.5106697082519531
76,170,170,45.03724,45.0,45.0,0.03723907470703125,0.03723907470703125
76,171,171,44.100018,44.0,44.0,0.10001754760742188,0.10001754760742188
76,172,172,41.64679,43.0,43.0,-1.35321044921875,1.35321044921875
76,173,173,38.369972,42.0,42.0,-3.6300277709960938,3.6300277709960938
76,174,174,37.5571,41.0,41.0,-3.442901611328125,3.442901611328125
76,175,175,35.489605,40.0,40.0,-4.510395050048828,4.510395050048828
76,176,176,36.529503,39.0,39.0,-2.4704971313476562,2.4704971313476562
76,177,177,34.340504,38.0,38.0,-3.659496307373047,3.659496307373047
76,178,178,32.74681,37.0,37.0,-4.2531890869140625,4.2531890869140625
76,179,179,35.561474,36.0,36.0,-0.4385261535644531,0.4385261535644531
76,180,180,32.121914,35.0,35.0,-2.8780860900878906,2.8780860900878906
76,181,181,33.777798,34.0,34.0,-0.22220230102539062,0.22220230102539062
76,182,182,33.286457,33.0,33.0,0.2864570617675781,0.2864570617675781
76,183,183,32.31217,32.0,32.0,0.3121681213378906,0.3121681213378906
76,184,184,31.70752,31.0,31.0,0.70751953125,0.70751953125
76,185,185,31.173115,30.0,30.0,1.1731147766113281,1.1731147766113281
76,186,186,27.532135,29.0,29.0,-1.467864990234375,1.467864990234375
76,187,187,25.65516,28.0,28.0,-2.344839096069336,2.344839096069336
76,188,188,23.291359,27.0,27.0,-3.7086410522460938,3.7086410522460938
76,189,189,22.226221,26.0,26.0,-3.7737789154052734,3.7737789154052734
76,190,190,20.727549,25.0,25.0,-4.272451400756836,4.272451400756836
76,191,191,20.65602,24.0,24.0,-3.3439807891845703,3.3439807891845703
76,192,192,19.813055,23.0,23.0,-3.1869449615478516,3.1869449615478516
76,193,193,18.593565,22.0,22.0,-3.406435012817383,3.406435012817383
76,194,194,16.823124,21.0,21.0,-4.176876068115234,4.176876068115234
76,195,195,16.407562,20.0,20.0,-3.592437744140625,3.592437744140625
76,196,196,16.545464,19.0,19.0,-2.4545364379882812,2.4545364379882812
76,197,197,14.875178,18.0,18.0,-3.124821662902832,3.124821662902832
76,198,198,13.731956,17.0,17.0,-3.2680444717407227,3.2680444717407227
76,199,199,12.553975,16.0,16.0,-3.4460248947143555,3.4460248947143555
76,200,200,12.581962,15.0,15.0,-2.4180383682250977,2.4180383682250977
76,201,201,12.681843,14.0,14.0,-1.3181571960449219,1.3181571960449219
76,202,202,11.125845,13.0,13.0,-1.874155044555664,1.874155044555664
76,203,203,9.862277,12.0,12.0,-2.137722969055176,2.137722969055176
76,204,204,9.325546,11.0,11.0,-1.6744537353515625,1.6744537353515625
76,205,205,9.063161,10.0,10.0,-0.9368391036987305,0.9368391036987305
77,1,1,122.26282,195.0,125.0,-2.7371826171875,2.7371826171875
77,2,2,121.89822,194.0,125.0,-3.1017837524414062,3.1017837524414062
77,3,3,121.46074,193.0,125.0,-3.5392608642578125,3.5392608642578125
77,4,4,120.82115,192.0,125.0,-4.1788482666015625,4.1788482666015625
77,5,5,121.44977,191.0,125.0,-3.55023193359375,3.55023193359375
77,6,6,122.34419,190.0,125.0,-2.6558074951171875,2.6558074951171875
77,7,7,122.882935,189.0,125.0,-2.1170654296875,2.1170654296875
77,8,8,121.06204,188.0,125.0,-3.937957763671875,3.937957763671875
77,9,9,121.75805,187.0,125.0,-3.2419509887695312,3.2419509887695312
77,10,10,122.814384,186.0,125.0,-2.1856155395507812,2.1856155395507812
77,11,11,123.330086,185.0,125.0,-1.6699142456054688,1.6699142456054688
77,12,12,122.78934,184.0,125.0,-2.210662841796875,2.210662841796875
77,13,13,122.53444,183.0,125.0,-2.4655609130859375,2.4655609130859375
77,14,14,122.69837,182.0,125.0,-2.3016281127929688,2.3016281127929688
77,15,15,121.89996,181.0,125.0,-3.10003662109375,3.10003662109375
77,16,16,119.55616,180.0,125.0,-5.443840026855469,5.443840026855469
77,17,17,121.16733,179.0,125.0,-3.832672119140625,3.832672119140625
77,18,18,121.98818,178.0,125.0,-3.0118179321289062,3.0118179321289062
77,19,19,123.40955,177.0,125.0,-1.5904464721679688,1.5904464721679688
77,20,20,122.72484,176.0,125.0,-2.2751617431640625,2.2751617431640625
77,21,21,122.719696,175.0,125.0,-2.280303955078125,2.280303955078125
77,22,22,123.199005,174.0,125.0,-1.800994873046875,1.800994873046875
77,23,23,123.2525,173.0,125.0,-1.74749755859375,1.74749755859375
77,24,24,122.52403,172.0,125.0,-2.4759674072265625,2.4759674072265625
77,25,25,122.86801,171.0,125.0,-2.131988525390625,2.131988525390625
77,26,26,122.283936,170.0,125.0,-2.716064453125,2.716064453125
77,27,27,119.519066,169.0,125.0,-5.480934143066406,5.480934143066406
77,28,28,120.28108,168.0,125.0,-4.7189178466796875,4.7189178466796875
77,29,29,120.28049,167.0,125.0,-4.719512939453125,4.719512939453125
77,30,30,121.76225,166.0,125.0,-3.2377471923828125,3.2377471923828125
77,31,31,121.33269,165.0,125.0,-3.6673126220703125,3.6673126220703125
77,32,32,120.25525,164.0,125.0,-4.7447509765625,4.7447509765625
77,33,33,120.52911,163.0,125.0,-4.47088623046875,4.47088623046875
77,34,34,120.33189,162.0,125.0,-4.668113708496094,4.668113708496094
77,35,35,118.68892,161.0,125.0,-6.3110809326171875,6.3110809326171875
77,36,36,118.5668,160.0,125.0,-6.433197021484375,6.433197021484375
77,37,37,117.547325,159.0,125.0,-7.452674865722656,7.452674865722656
77,38,38,113.924385,158.0,125.0,-11.075614929199219,11.075614929199219
77,39,39,118.94632,157.0,125.0,-6.053680419921875,6.053680419921875
77,40,40,120.7354,156.0,125.0,-4.2646026611328125,4.2646026611328125
77,41,41,122.15575,155.0,125.0,-2.8442535400390625,2.8442535400390625
77,42,42,121.23399,154.0,125.0,-3.7660064697265625,3.7660064697265625
77,43,43,118.64786,153.0,125.0,-6.352142333984375,6.352142333984375
77,44,44,118.30438,152.0,125.0,-6.69561767578125,6.69561767578125
77,45,45,116.94064,151.0,125.0,-8.059356689453125,8.059356689453125
77,46,46,106.97576,150.0,125.0,-18.02423858642578,18.02423858642578
77,47,47,106.09094,149.0,125.0,-18.9090576171875,18.9090576171875
77,48,48,111.37543,148.0,125.0,-13.62457275390625,13.62457275390625
77,49,49,113.112564,147.0,125.0,-11.887435913085938,11.887435913085938
77,50,50,109.52499,146.0,125.0,-15.475013732910156,15.475013732910156
77,51,51,109.296875,145.0,125.0,-15.703125,15.703125
77,52,52,109.08645,144.0,125.0,-15.913551330566406,15.913551330566406
77,53,53,113.685196,143.0,125.0,-11.314804077148438,11.314804077148438
77,54,54,117.836845,142.0,125.0,-7.163154602050781,7.163154602050781
77,55,55,121.32437,141.0,125.0,-3.675628662109375,3.675628662109375
77,56,56,121.08978,140.0,125.0,-3.91021728515625,3.91021728515625
77,57,57,120.65488,139.0,125.0,-4.345123291015625,4.345123291015625
77,58,58,120.49856,138.0,125.0,-4.501441955566406,4.501441955566406
77,59,59,121.807434,137.0,125.0,-3.19256591796875,3.19256591796875
77,60,60,121.526535,136.0,125.0,-3.4734649658203125,3.4734649658203125
77,61,61,121.561356,135.0,125.0,-3.4386444091796875,3.4386444091796875
77,62,62,121.02179,134.0,125.0,-3.97821044921875,3.97821044921875
77,63,63,117.69302,133.0,125.0,-7.306976318359375,7.306976318359375
77,64,64,115.866196,132.0,125.0,-9.133804321289062,9.133804321289062
77,65,65,112.80473,131.0,125.0,-12.195266723632812,12.195266723632812
77,66,66,116.73935,130.0,125.0,-8.260650634765625,8.260650634765625
77,67,67,116.878784,129.0,125.0,-8.1212158203125,8.1212158203125
77,68,68,112.23337,128.0,125.0,-12.766632080078125,12.766632080078125
77,69,69,114.209694,127.0,125.0,-10.790306091308594,10.790306091308594
77,70,70,108.12126,126.0,125.0,-16.878738403320312,16.878738403320312
77,71,71,106.73204,125.0,125.0,-18.267959594726562,18.267959594726562
77,72,72,114.91672,124.0,124.0,-9.083282470703125,9.083282470703125
77,73,73,111.19788,123.0,123.0,-11.802116394042969,11.802116394042969
77,74,74,110.06873,122.0,122.0,-11.931266784667969,11.931266784667969
77,75,75,104.739296,121.0,121.0,-16.260704040527344,16.260704040527344
77,76,76,98.91489,120.0,120.0,-21.085113525390625,21.085113525390625
77,77,77,84.587006,119.0,119.0,-34.412994384765625,34.412994384765625
77,78,78,88.23784,118.0,118.0,-29.762161254882812,29.762161254882812
77,79,79,78.61776,117.0,117.0,-38.382240295410156,38.382240295410156
77,80,80,72.62906,116.0,116.0,-43.370941162109375,43.370941162109375
77,81,81,68.63041,115.0,115.0,-46.369590759277344,46.369590759277344
77,82,82,73.219505,114.0,114.0,-40.780494689941406,40.780494689941406
77,83,83,76.56226,113.0,113.0,-36.43773651123047,36.43773651123047
77,84,84,76.36043,112.0,112.0,-35.63957214355469,35.63957214355469
77,85,85,86.85333,111.0,111.0,-24.14666748046875,24.14666748046875
77,86,86,91.73976,110.0,110.0,-18.260238647460938,18.260238647460938
77,87,87,88.260284,109.0,109.0,-20.739715576171875,20.739715576171875
77,88,88,97.22525,108.0,108.0,-10.774749755859375,10.774749755859375
77,89,89,105.50624,107.0,107.0,-1.4937591552734375,1.4937591552734375
77,90,90,108.791336,106.0,106.0,2.7913360595703125,2.7913360595703125
77,91,91,109.601685,105.0,105.0,4.6016845703125,4.6016845703125
77,92,92,112.73802,104.0,104.0,8.738021850585938,8.738021850585938
77,93,93,111.38572,103.0,103.0,8.385719299316406,8.385719299316406
77,94,94,111.8451,102.0,102.0,9.845100402832031,9.845100402832031
77,95,95,108.64423,101.0,101.0,7.644233703613281,7.644233703613281
77,96,96,116.24625,100.0,100.0,16.246246337890625,16.246246337890625
77,97,97,118.70683,99.0,99.0,19.706832885742188,19.706832885742188
77,98,98,120.05806,98.0,98.0,22.058059692382812,22.058059692382812
77,99,99,121.85689,97.0,97.0,24.856887817382812,24.856887817382812
77,100,100,116.77641,96.0,96.0,20.776412963867188,20.776412963867188
77,101,101,120.607544,95.0,95.0,25.6075439453125,25.6075439453125
77,102,102,120.67939,94.0,94.0,26.67938995361328,26.67938995361328
77,103,103,120.45919,93.0,93.0,27.459190368652344,27.459190368652344
77,104,104,115.63124,92.0,92.0,23.631240844726562,23.631240844726562
77,105,105,112.82282,91.0,91.0,21.82282257080078,21.82282257080078
77,106,106,120.43311,90.0,90.0,30.43311309814453,30.43311309814453
77,107,107,118.65616,89.0,89.0,29.656158447265625,29.656158447265625
77,108,108,122.044464,88.0,88.0,34.044464111328125,34.044464111328125
77,109,109,120.08499,87.0,87.0,33.084991455078125,33.084991455078125
77,110,110,110.484665,86.0,86.0,24.484664916992188,24.484664916992188
77,111,111,97.70926,85.0,85.0,12.709259033203125,12.709259033203125
77,112,112,89.72771,84.0,84.0,5.7277069091796875,5.7277069091796875
77,113,113,92.54703,83.0,83.0,9.547027587890625,9.547027587890625
77,114,114,90.97757,82.0,82.0,8.977569580078125,8.977569580078125
77,115,115,81.51292,81.0,81.0,0.5129165649414062,0.5129165649414062
77,116,116,70.30774,80.0,80.0,-9.6922607421875,9.6922607421875
77,117,117,68.33757,79.0,79.0,-10.662429809570312,10.662429809570312
77,118,118,66.245316,78.0,78.0,-11.754684448242188,11.754684448242188
77,119,119,57.4727,77.0,77.0,-19.527301788330078,19.527301788330078
77,120,120,48.637093,76.0,76.0,-27.36290740966797,27.36290740966797
77,121,121,60.32388,75.0,75.0,-14.67612075805664,14.67612075805664
77,122,122,65.959045,74.0,74.0,-8.04095458984375,8.04095458984375
77,123,123,64.34124,73.0,73.0,-8.658760070800781,8.658760070800781
77,124,124,61.23614,72.0,72.0,-10.763858795166016,10.763858795166016
77,125,125,59.369534,71.0,71.0,-11.63046646118164,11.63046646118164
77,126,126,60.988235,70.0,70.0,-9.011764526367188,9.011764526367188
77,127,127,70.41069,69.0,69.0,1.4106903076171875,1.4106903076171875
77,128,128,67.8416,68.0,68.0,-0.1584014892578125,0.1584014892578125
77,129,129,74.78307,67.0,67.0,7.783073425292969,7.783073425292969
77,130,130,55.54704,66.0,66.0,-10.452960968017578,10.452960968017578
77,131,131,60.9093,65.0,65.0,-4.0906982421875,4.0906982421875
77,132,132,64.537415,64.0,64.0,0.53741455078125,0.53741455078125
77,133,133,62.63087,63.0,63.0,-0.3691291809082031,0.3691291809082031
77,134,134,60.646637,62.0,62.0,-1.353363037109375,1.353363037109375
77,135,135,56.82925,61.0,61.0,-4.170749664306641,4.170749664306641
77,136,136,58.265255,60.0,60.0,-1.7347450256347656,1.7347450256347656
77,137,137,59.83652,59.0,59.0,0.8365211486816406,0.8365211486816406
77,138,138,70.70079,58.0,58.0,12.700790405273438,12.700790405273438
77,139,139,81.01459,57.0,57.0,24.01458740234375,24.01458740234375
77,140,140,77.860435,56.0,56.0,21.860435485839844,21.860435485839844
77,141,141,77.25099,55.0,55.0,22.250991821289062,22.250991821289062
77,142,142,72.820564,54.0,54.0,18.82056427001953,18.82056427001953
77,143,143,82.93912,53.0,53.0,29.939117431640625,29.939117431640625
77,144,144,97.37423,52.0,52.0,45.374229431152344,45.374229431152344
77,145,145,59.82425,51.0,51.0,8.824249267578125,8.824249267578125
77,146,146,59.266094,50.0,50.0,9.266094207763672,9.266094207763672
77,147,147,55.242085,49.0,49.0,6.242084503173828,6.242084503173828
77,148,148,47.313904,48.0,48.0,-0.68609619140625,0.68609619140625
77,149,149,37.78262,47.0,47.0,-9.21738052368164,9.21738052368164
77,150,150,32.473305,46.0,46.0,-13.526695251464844,13.526695251464844
77,151,151,32.996685,45.0,45.0,-12.003314971923828,12.003314971923828
77,152,152,32.91335,44.0,44.0,-11.086650848388672,11.086650848388672
77,153,153,35.12966,43.0,43.0,-7.870338439941406,7.870338439941406
77,154,154,38.177227,42.0,42.0,-3.822772979736328,3.822772979736328
77,155,155,33.973278,41.0,41.0,-7.026721954345703,7.026721954345703
77,156,156,31.532242,40.0,40.0,-8.467758178710938,8.467758178710938
77,157,157,29.488224,39.0,39.0,-9.511775970458984,9.511775970458984
77,158,158,26.836298,38.0,38.0,-11.163702011108398,11.163702011108398
77,159,159,28.205383,37.0,37.0,-8.79461669921875,8.79461669921875
77,160,160,24.931946,36.0,36.0,-11.06805419921875,11.06805419921875
77,161,161,24.653078,35.0,35.0,-10.346921920776367,10.346921920776367
77,162,162,22.139748,34.0,34.0,-11.860252380371094,11.860252380371094
78,1,1,122.65575,178.0,125.0,-2.3442535400390625,2.3442535400390625
78,2,2,122.79941,177.0,125.0,-2.200592041015625,2.200592041015625
78,3,3,123.12317,176.0,125.0,-1.8768310546875,1.8768310546875
78,4,4,122.82616,175.0,125.0,-2.1738433837890625,2.1738433837890625
78,5,5,122.39172,174.0,125.0,-2.6082763671875,2.6082763671875
78,6,6,123.062416,173.0,125.0,-1.9375839233398438,1.9375839233398438
78,7,7,122.78129,172.0,125.0,-2.2187118530273438,2.2187118530273438
78,8,8,122.97766,171.0,125.0,-2.0223388671875,2.0223388671875
78,9,9,122.99663,170.0,125.0,-2.0033721923828125,2.0033721923828125
78,10,10,123.034225,169.0,125.0,-1.9657745361328125,1.9657745361328125
78,11,11,123.22392,168.0,125.0,-1.7760772705078125,1.7760772705078125
78,12,12,123.2876,167.0,125.0,-1.71240234375,1.71240234375
78,13,13,123.33444,166.0,125.0,-1.665557861328125,1.665557861328125
78,14,14,123.36815,165.0,125.0,-1.6318511962890625,1.6318511962890625
78,15,15,123.372215,164.0,125.0,-1.6277847290039062,1.6277847290039062
78,16,16,123.40733,163.0,125.0,-1.5926666259765625,1.5926666259765625
78,17,17,123.430176,162.0,125.0,-1.56982421875,1.56982421875
78,18,18,123.442825,161.0,125.0,-1.5571746826171875,1.5571746826171875
78,19,19,123.21581,160.0,125.0,-1.7841873168945312,1.7841873168945312
78,20,20,123.280754,159.0,125.0,-1.7192459106445312,1.7192459106445312
78,21,21,122.78549,158.0,125.0,-2.214508056640625,2.214508056640625
78,22,22,123.0137,157.0,125.0,-1.986297607421875,1.986297607421875
78,23,23,123.066475,156.0,125.0,-1.9335250854492188,1.9335250854492188
78,24,24,123.02779,155.0,125.0,-1.9722137451171875,1.9722137451171875
78,25,25,122.847336,154.0,125.0,-2.1526641845703125,2.1526641845703125
78,26,26,122.84816,153.0,125.0,-2.1518402099609375,2.1518402099609375
78,27,27,123.110085,152.0,125.0,-1.8899154663085938,1.8899154663085938
78,28,28,122.93194,151.0,125.0,-2.0680618286132812,2.0680618286132812
78,29,29,123.23537,150.0,125.0,-1.7646331787109375,1.7646331787109375
78,30,30,123.29595,149.0,125.0,-1.7040481567382812,1.7040481567382812
78,31,31,123.79089,148.0,125.0,-1.2091064453125,1.2091064453125
78,32,32,122.98529,147.0,125.0,-2.01470947265625,2.01470947265625
78,33,33,123.283615,146.0,125.0,-1.7163848876953125,1.7163848876953125
78,34,34,123.65056,145.0,125.0,-1.3494415283203125,1.3494415283203125
78,35,35,123.72621,144.0,125.0,-1.2737884521484375,1.2737884521484375
78,36,36,123.41214,143.0,125.0,-1.587860107421875,1.587860107421875
78,37,37,123.53953,142.0,125.0,-1.4604721069335938,1.4604721069335938
78,38,38,123.598724,141.0,125.0,-1.401275634765625,1.401275634765625
78,39,39,123.55289,140.0,125.0,-1.447113037109375,1.447113037109375
78,40,40,123.200905,139.0,125.0,-1.7990951538085938,1.7990951538085938
78,41,41,122.852425,138.0,125.0,-2.1475753784179688,2.1475753784179688
78,42,42,123.438484,137.0,125.0,-1.5615158081054688,1.5615158081054688
78,43,43,123.34263,136.0,125.0,-1.6573715209960938,1.6573715209960938
78,44,44,122.85822,135.0,125.0,-2.1417770385742188,2.1417770385742188
78,45,45,123.3947,134.0,125.0,-1.6053009033203125,1.6053009033203125
78,46,46,123.26984,133.0,125.0,-1.73016357421875,1.73016357421875
78,47,47,123.317,132.0,125.0,-1.6829986572265625,1.6829986572265625
78,48,48,122.80703,131.0,125.0,-2.1929702758789062,2.1929702758789062
78,49,49,123.56818,130.0,125.0,-1.43182373046875,1.43182373046875
78,50,50,123.16957,129.0,125.0,-1.8304290771484375,1.8304290771484375
78,51,51,123.60437,128.0,125.0,-1.3956298828125,1.3956298828125
78,52,52,123.40906,127.0,125.0,-1.5909423828125,1.5909423828125
78,53,53,122.738945,126.0,125.0,-2.2610549926757812,2.2610549926757812
78,54,54,123.09383,125.0,125.0,-1.9061737060546875,1.9061737060546875
78,55,55,123.74977,124.0,124.0,-0.2502288818359375,0.2502288818359375
78,56,56,123.16764,123.0,123.0,0.16764068603515625,0.16764068603515625
78,57,57,123.2237,122.0,122.0,1.2237014770507812,1.2237014770507812
78,58,58,123.39959,121.0,121.0,2.3995895385742188,2.3995895385742188
78,59,59,123.68881,120.0,120.0,3.688812255859375,3.688812255859375
78,60,60,123.80915,119.0,119.0,4.809150695800781,4.809150695800781
78,61,61,123.82474,118.0,118.0,5.824737548828125,5.824737548828125
78,62,62,123.4834,117.0,117.0,6.4833984375,6.4833984375
78,63,63,123.58863,116.0,116.0,7.588630676269531,7.588630676269531
78,64,64,123.04063,115.0,115.0,8.040626525878906,8.040626525878906
78,65,65,123.33754,114.0,114.0,9.337539672851562,9.337539672851562
78,66,66,123.33091,113.0,113.0,10.330909729003906,10.330909729003906
78,67,67,123.335754,112.0,112.0,11.33575439453125,11.33575439453125
78,68,68,123.678795,111.0,111.0,12.678794860839844,12.678794860839844
78,69,69,124.0484,110.0,110.0,14.04840087890625,14.04840087890625
78,70,70,123.55305,109.0,109.0,14.553047180175781,14.553047180175781
78,71,71,123.192535,108.0,108.0,15.192535400390625,15.192535400390625
78,72,72,123.82442,107.0,107.0,16.824417114257812,16.824417114257812
79,1,1,122.59518,163.0,125.0,-2.4048233032226562,2.4048233032226562
79,2,2,122.19206,162.0,125.0,-2.8079376220703125,2.8079376220703125
79,3,3,121.2384,161.0,125.0,-3.7615966796875,3.7615966796875
79,4,4,120.27968,160.0,125.0,-4.7203216552734375,4.7203216552734375
79,5,5,120.918335,159.0,125.0,-4.0816650390625,4.0816650390625
79,6,6,121.39659,158.0,125.0,-3.6034088134765625,3.6034088134765625
79,7,7,121.16075,157.0,125.0,-3.8392486572265625,3.8392486572265625
79,8,8,120.84836,156.0,125.0,-4.151641845703125,4.151641845703125
79,9,9,120.2944,155.0,125.0,-4.705596923828125,4.705596923828125
79,10,10,120.6787,154.0,125.0,-4.321296691894531,4.321296691894531
79,11,11,121.28871,153.0,125.0,-3.7112884521484375,3.7112884521484375
79,12,12,121.5426,152.0,125.0,-3.4573974609375,3.4573974609375
79,13,13,120.26273,151.0,125.0,-4.737266540527344,4.737266540527344
79,14,14,121.58056,150.0,125.0,-3.4194412231445312,3.4194412231445312
79,15,15,121.90304,149.0,125.0,-3.0969619750976562,3.0969619750976562
79,16,16,122.82647,148.0,125.0,-2.1735305786132812,2.1735305786132812
79,17,17,120.3271,147.0,125.0,-4.6728973388671875,4.6728973388671875
79,18,18,120.88676,146.0,125.0,-4.113243103027344,4.113243103027344
79,19,19,118.50082,145.0,125.0,-6.499183654785156,6.499183654785156
79,20,20,118.04761,144.0,125.0,-6.952392578125,6.952392578125
79,21,21,117.365875,143.0,125.0,-7.634124755859375,7.634124755859375
79,22,22,118.9737,142.0,125.0,-6.026298522949219,6.026298522949219
79,23,23,119.86026,141.0,125.0,-5.139739990234375,5.139739990234375
79,24,24,121.17633,140.0,125.0,-3.82366943359375,3.82366943359375
79,25,25,119.58007,139.0,125.0,-5.419929504394531,5.419929504394531
79,26,26,114.1362,138.0,125.0,-10.863800048828125,10.863800048828125
79,27,27,112.55835,137.0,125.0,-12.441650390625,12.441650390625
79,28,28,114.26062,136.0,125.0,-10.7393798828125,10.7393798828125
79,29,29,111.391304,135.0,125.0,-13.608695983886719,13.608695983886719
79,30,30,109.031525,134.0,125.0,-15.968475341796875,15.968475341796875
79,31,31,108.96651,133.0,125.0,-16.033493041992188,16.033493041992188
79,32,32,113.046425,132.0,125.0,-11.953575134277344,11.953575134277344
79,33,33,112.39572,131.0,125.0,-12.604278564453125,12.604278564453125
79,34,34,111.9839,130.0,125.0,-13.016098022460938,13.016098022460938
79,35,35,113.092575,129.0,125.0,-11.907424926757812,11.907424926757812
79,36,36,114.70082,128.0,125.0,-10.299179077148438,10.299179077148438
79,37,37,111.63544,127.0,125.0,-13.36456298828125,13.36456298828125
79,38,38,115.63014,126.0,125.0,-9.369857788085938,9.369857788085938
79,39,39,112.97444,125.0,125.0,-12.025558471679688,12.025558471679688
79,40,40,115.61651,124.0,124.0,-8.383491516113281,8.383491516113281
79,41,41,116.02266,123.0,123.0,-6.9773406982421875,6.9773406982421875
79,42,42,115.47005,122.0,122.0,-6.5299530029296875,6.5299530029296875
79,43,43,111.700424,121.0,121.0,-9.299575805664062,9.299575805664062
79,44,44,108.40112,120.0,120.0,-11.598876953125,11.598876953125
79,45,45,108.72039,119.0,119.0,-10.279609680175781,10.279609680175781
79,46,46,112.29347,118.0,118.0,-5.7065277099609375,5.7065277099609375
79,47,47,110.36362,117.0,117.0,-6.636383056640625,6.636383056640625
79,48,48,116.98501,116.0,116.0,0.9850082397460938,0.9850082397460938
79,49,49,117.21401,115.0,115.0,2.2140121459960938,2.2140121459960938
79,50,50,116.45069,114.0,114.0,2.4506912231445312,2.4506912231445312
79,51,51,114.4651,113.0,113.0,1.4651031494140625,1.4651031494140625
79,52,52,108.16318,112.0,112.0,-3.836822509765625,3.836822509765625
79,53,53,110.5386,111.0,111.0,-0.46140289306640625,0.46140289306640625
79,54,54,110.85976,110.0,110.0,0.8597564697265625,0.8597564697265625
79,55,55,105.70196,109.0,109.0,-3.2980422973632812,3.2980422973632812
79,56,56,102.76775,108.0,108.0,-5.232246398925781,5.232246398925781
79,57,57,108.03061,107.0,107.0,1.030609130859375,1.030609130859375
79,58,58,115.523895,106.0,106.0,9.523895263671875,9.523895263671875
79,59,59,116.64808,105.0,105.0,11.648078918457031,11.648078918457031
79,60,60,118.672905,104.0,104.0,14.672904968261719,14.672904968261719
79,61,61,118.0284,103.0,103.0,15.028396606445312,15.028396606445312
79,62,62,118.026344,102.0,102.0,16.026344299316406,16.026344299316406
79,63,63,117.57367,101.0,101.0,16.57366943359375,16.57366943359375
79,64,64,115.82851,100.0,100.0,15.828506469726562,15.828506469726562
79,65,65,119.36838,99.0,99.0,20.368377685546875,20.368377685546875
79,66,66,119.022705,98.0,98.0,21.022705078125,21.022705078125
79,67,67,118.125786,97.0,97.0,21.12578582763672,21.12578582763672
79,68,68,117.643456,96.0,96.0,21.643455505371094,21.643455505371094
79,69,69,118.77185,95.0,95.0,23.7718505859375,23.7718505859375
79,70,70,116.24739,94.0,94.0,22.247390747070312,22.247390747070312
79,71,71,119.8822,93.0,93.0,26.8822021484375,26.8822021484375
79,72,72,118.53541,92.0,92.0,26.53540802001953,26.53540802001953
79,73,73,116.21035,91.0,91.0,25.210350036621094,25.210350036621094
79,74,74,108.13079,90.0,90.0,18.13079071044922,18.13079071044922
79,75,75,98.66997,89.0,89.0,9.669967651367188,9.669967651367188
79,76,76,89.85286,88.0,88.0,1.8528594970703125,1.8528594970703125
79,77,77,105.786835,87.0,87.0,18.786834716796875,18.786834716796875
79,78,78,118.29355,86.0,86.0,32.293548583984375,32.293548583984375
79,79,79,121.79489,85.0,85.0,36.794891357421875,36.794891357421875
79,80,80,118.93322,84.0,84.0,34.93321990966797,34.93321990966797
79,81,81,118.74385,83.0,83.0,35.74385070800781,35.74385070800781
79,82,82,108.38713,82.0,82.0,26.387130737304688,26.387130737304688
79,83,83,100.433784,81.0,81.0,19.43378448486328,19.43378448486328
79,84,84,93.11119,80.0,80.0,13.111190795898438,13.111190795898438
79,85,85,74.68114,79.0,79.0,-4.3188629150390625,4.3188629150390625
79,86,86,79.023605,78.0,78.0,1.0236053466796875,1.0236053466796875
79,87,87,91.99014,77.0,77.0,14.990142822265625,14.990142822265625
79,88,88,90.95621,76.0,76.0,14.956207275390625,14.956207275390625
79,89,89,96.24048,75.0,75.0,21.240478515625,21.240478515625
79,90,90,105.268265,74.0,74.0,31.268264770507812,31.268264770507812
79,91,91,90.59901,73.0,73.0,17.59900665283203,17.59900665283203
79,92,92,88.53105,72.0,72.0,16.531051635742188,16.531051635742188
79,93,93,84.67044,71.0,71.0,13.670440673828125,13.670440673828125
79,94,94,67.29605,70.0,70.0,-2.703948974609375,2.703948974609375
79,95,95,70.418915,69.0,69.0,1.418914794921875,1.418914794921875
79,96,96,70.833954,68.0,68.0,2.833953857421875,2.833953857421875
79,97,97,71.43247,67.0,67.0,4.432472229003906,4.432472229003906
79,98,98,65.16398,66.0,66.0,-0.8360214233398438,0.8360214233398438
79,99,99,76.07273,65.0,65.0,11.072731018066406,11.072731018066406
79,100,100,63.337593,64.0,64.0,-0.6624069213867188,0.6624069213867188
79,101,101,59.267185,63.0,63.0,-3.7328147888183594,3.7328147888183594
80,1,1,117.784,222.0,125.0,-7.21600341796875,7.21600341796875
80,2,2,109.336716,221.0,125.0,-15.663284301757812,15.663284301757812
80,3,3,96.46422,220.0,125.0,-28.535781860351562,28.535781860351562
80,4,4,97.75665,219.0,125.0,-27.24334716796875,27.24334716796875
80,5,5,102.23423,218.0,125.0,-22.765769958496094,22.765769958496094
80,6,6,103.13738,217.0,125.0,-21.86261749267578,21.86261749267578
80,7,7,98.52005,216.0,125.0,-26.479949951171875,26.479949951171875
80,8,8,101.89754,215.0,125.0,-23.102462768554688,23.102462768554688
80,9,9,97.54065,214.0,125.0,-27.4593505859375,27.4593505859375
80,10,10,98.66433,213.0,125.0,-26.335670471191406,26.335670471191406
80,11,11,104.41285,212.0,125.0,-20.58715057373047,20.58715057373047
80,12,12,99.38248,211.0,125.0,-25.617523193359375,25.617523193359375
80,13,13,101.259796,210.0,125.0,-23.740203857421875,23.740203857421875
80,14,14,104.89204,209.0,125.0,-20.10796356201172,20.10796356201172
80,15,15,106.275604,208.0,125.0,-18.724395751953125,18.724395751953125
80,16,16,108.08986,207.0,125.0,-16.910140991210938,16.910140991210938
80,17,17,112.02373,206.0,125.0,-12.976272583007812,12.976272583007812
80,18,18,113.62677,205.0,125.0,-11.37322998046875,11.37322998046875
80,19,19,112.877396,204.0,125.0,-12.122604370117188,12.122604370117188
80,20,20,106.90829,203.0,125.0,-18.091712951660156,18.091712951660156
80,21,21,102.4051,202.0,125.0,-22.59490203857422,22.59490203857422
80,22,22,105.5632,201.0,125.0,-19.436798095703125,19.436798095703125
80,23,23,107.89349,200.0,125.0,-17.10650634765625,17.10650634765625
80,24,24,109.19655,199.0,125.0,-15.803451538085938,15.803451538085938
80,25,25,111.803764,198.0,125.0,-13.196235656738281,13.196235656738281
80,26,26,118.03963,197.0,125.0,-6.9603729248046875,6.9603729248046875
80,27,27,119.67173,196.0,125.0,-5.328269958496094,5.328269958496094
80,28,28,120.1979,195.0,125.0,-4.802101135253906,4.802101135253906
80,29,29,119.26057,194.0,125.0,-5.739433288574219,5.739433288574219
80,30,30,117.190125,193.0,125.0,-7.80987548828125,7.80987548828125
80,31,31,119.4883,192.0,125.0,-5.5117034912109375,5.5117034912109375
80,32,32,119.134285,191.0,125.0,-5.865715026855469,5.865715026855469
80,33,33,120.52913,190.0,125.0,-4.4708709716796875,4.4708709716796875
80,34,34,120.80512,189.0,125.0,-4.194877624511719,4.194877624511719
80,35,35,122.39905,188.0,125.0,-2.6009521484375,2.6009521484375
80,36,36,123.09862,187.0,125.0,-1.9013824462890625,1.9013824462890625
80,37,37,122.31376,186.0,125.0,-2.6862411499023438,2.6862411499023438
80,38,38,123.61168,185.0,125.0,-1.3883209228515625,1.3883209228515625
80,39,39,121.978615,184.0,125.0,-3.0213851928710938,3.0213851928710938
80,40,40,119.66964,183.0,125.0,-5.330360412597656,5.330360412597656
80,41,41,119.17151,182.0,125.0,-5.8284912109375,5.8284912109375
80,42,42,118.24901,181.0,125.0,-6.7509918212890625,6.7509918212890625
80,43,43,120.47832,180.0,125.0,-4.5216827392578125,4.5216827392578125
80,44,44,120.877884,179.0,125.0,-4.1221160888671875,4.1221160888671875
80,45,45,122.84175,178.0,125.0,-2.1582489013671875,2.1582489013671875
80,46,46,122.71318,177.0,125.0,-2.2868194580078125,2.2868194580078125
80,47,47,123.60081,176.0,125.0,-1.3991928100585938,1.3991928100585938
80,48,48,122.960815,175.0,125.0,-2.0391845703125,2.0391845703125
80,49,49,120.85641,174.0,125.0,-4.143592834472656,4.143592834472656
80,50,50,120.455505,173.0,125.0,-4.54449462890625,4.54449462890625
80,51,51,119.77193,172.0,125.0,-5.2280731201171875,5.2280731201171875
80,52,52,119.05311,171.0,125.0,-5.946891784667969,5.946891784667969
80,53,53,118.15587,170.0,125.0,-6.8441314697265625,6.8441314697265625
80,54,54,111.338745,169.0,125.0,-13.6612548828125,13.6612548828125
80,55,55,115.161934,168.0,125.0,-9.838066101074219,9.838066101074219
80,56,56,116.90316,167.0,125.0,-8.096839904785156,8.096839904785156
80,57,57,116.89568,166.0,125.0,-8.104316711425781,8.104316711425781
80,58,58,113.810745,165.0,125.0,-11.189254760742188,11.189254760742188
80,59,59,117.13472,164.0,125.0,-7.8652801513671875,7.8652801513671875
80,60,60,116.24358,163.0,125.0,-8.756416320800781,8.756416320800781
80,61,61,116.61033,162.0,125.0,-8.389671325683594,8.389671325683594
80,62,62,119.20441,161.0,125.0,-5.79559326171875,5.79559326171875
80,63,63,120.55385,160.0,125.0,-4.4461517333984375,4.4461517333984375
80,64,64,120.477234,159.0,125.0,-4.52276611328125,4.52276611328125
80,65,65,122.71383,158.0,125.0,-2.2861709594726562,2.2861709594726562
80,66,66,120.23908,157.0,125.0,-4.760917663574219,4.760917663574219
80,67,67,120.63028,156.0,125.0,-4.369720458984375,4.369720458984375
80,68,68,123.585266,155.0,125.0,-1.41473388671875,1.41473388671875
80,69,69,119.528534,154.0,125.0,-5.471466064453125,5.471466064453125
80,70,70,116.17285,153.0,125.0,-8.8271484375,8.8271484375
80,71,71,115.39301,152.0,125.0,-9.606986999511719,9.606986999511719
80,72,72,114.16751,151.0,125.0,-10.832489013671875,10.832489013671875
80,73,73,115.512825,150.0,125.0,-9.487174987792969,9.487174987792969
80,74,74,117.84527,149.0,125.0,-7.154731750488281,7.154731750488281
80,75,75,119.70109,148.0,125.0,-5.298912048339844,5.298912048339844
80,76,76,118.31213,147.0,125.0,-6.6878662109375,6.6878662109375
80,77,77,109.43703,146.0,125.0,-15.562973022460938,15.562973022460938
80,78,78,111.29744,145.0,125.0,-13.702560424804688,13.702560424804688
80,79,79,112.579506,144.0,125.0,-12.420494079589844,12.420494079589844
80,80,80,113.604385,143.0,125.0,-11.395614624023438,11.395614624023438
80,81,81,115.58878,142.0,125.0,-9.411216735839844,9.411216735839844
80,82,82,117.0603,141.0,125.0,-7.939697265625,7.939697265625
80,83,83,117.868256,140.0,125.0,-7.131744384765625,7.131744384765625
80,84,84,115.171265,139.0,125.0,-9.8287353515625,9.8287353515625
80,85,85,118.85897,138.0,125.0,-6.141029357910156,6.141029357910156
80,86,86,108.970795,137.0,125.0,-16.029205322265625,16.029205322265625
80,87,87,112.51875,136.0,125.0,-12.481246948242188,12.481246948242188
80,88,88,113.85518,135.0,125.0,-11.144821166992188,11.144821166992188
80,89,89,117.545685,134.0,125.0,-7.454315185546875,7.454315185546875
80,90,90,109.6747,133.0,125.0,-15.325302124023438,15.325302124023438
80,91,91,110.82695,132.0,125.0,-14.173049926757812,14.173049926757812
80,92,92,115.32872,131.0,125.0,-9.671279907226562,9.671279907226562
80,93,93,119.008995,130.0,125.0,-5.991004943847656,5.991004943847656
80,94,94,116.970695,129.0,125.0,-8.029304504394531,8.029304504394531
80,95,95,112.537476,128.0,125.0,-12.4625244140625,12.4625244140625
80,96,96,106.21008,127.0,125.0,-18.7899169921875,18.7899169921875
80,97,97,95.316315,126.0,125.0,-29.683685302734375,29.683685302734375
80,98,98,101.81311,125.0,125.0,-23.1868896484375,23.1868896484375
80,99,99,90.13295,124.0,124.0,-33.86705017089844,33.86705017089844
80,100,100,89.03761,123.0,123.0,-33.96238708496094,33.96238708496094
80,101,101,82.22131,122.0,122.0,-39.7786865234375,39.7786865234375
80,102,102,85.228775,121.0,121.0,-35.77122497558594,35.77122497558594
80,103,103,88.79996,120.0,120.0,-31.200042724609375,31.200042724609375
80,104,104,106.15999,119.0,119.0,-12.840011596679688,12.840011596679688
80,105,105,90.333176,118.0,118.0,-27.666824340820312,27.666824340820312
80,106,106,85.29004,117.0,117.0,-31.7099609375,31.7099609375
80,107,107,77.227554,116.0,116.0,-38.77244567871094,38.77244567871094
80,108,108,74.286446,115.0,115.0,-40.71355438232422,40.71355438232422
80,109,109,79.85496,114.0,114.0,-34.145042419433594,34.145042419433594
80,110,110,77.80194,113.0,113.0,-35.19805908203125,35.19805908203125
80,111,111,77.82323,112.0,112.0,-34.17677307128906,34.17677307128906
80,112,112,85.219604,111.0,111.0,-25.7803955078125,25.7803955078125
80,113,113,88.32245,110.0,110.0,-21.67755126953125,21.67755126953125
80,114,114,96.76346,109.0,109.0,-12.236541748046875,12.236541748046875
80,115,115,111.14325,108.0,108.0,3.14324951171875,3.14324951171875
80,116,116,105.647644,107.0,107.0,-1.35235595703125,1.35235595703125
80,117,117,104.97357,106.0,106.0,-1.02642822265625,1.02642822265625
80,118,118,105.8531,105.0,105.0,0.8531036376953125,0.8531036376953125
80,119,119,103.696365,104.0,104.0,-0.3036346435546875,0.3036346435546875
80,120,120,91.85675,103.0,103.0,-11.14324951171875,11.14324951171875
80,121,121,85.3407,102.0,102.0,-16.6593017578125,16.6593017578125
80,122,122,104.11623,101.0,101.0,3.1162261962890625,3.1162261962890625
80,123,123,108.73535,100.0,100.0,8.7353515625,8.7353515625
80,124,124,111.013565,99.0,99.0,12.013565063476562,12.013565063476562
80,125,125,101.924515,98.0,98.0,3.9245147705078125,3.9245147705078125
80,126,126,105.8436,97.0,97.0,8.843597412109375,8.843597412109375
80,127,127,100.85692,96.0,96.0,4.8569183349609375,4.8569183349609375
80,128,128,111.28894,95.0,95.0,16.2889404296875,16.2889404296875
80,129,129,102.11462,94.0,94.0,8.114616394042969,8.114616394042969
80,130,130,101.67056,93.0,93.0,8.670562744140625,8.670562744140625
80,131,131,103.56523,92.0,92.0,11.565231323242188,11.565231323242188
80,132,132,102.07692,91.0,91.0,11.076919555664062,11.076919555664062
80,133,133,94.31236,90.0,90.0,4.3123626708984375,4.3123626708984375
81,1,1,117.4341,220.0,125.0,-7.5659027099609375,7.5659027099609375
81,2,2,119.64031,219.0,125.0,-5.359687805175781,5.359687805175781
81,3,3,119.97971,218.0,125.0,-5.020286560058594,5.020286560058594
81,4,4,116.93221,217.0,125.0,-8.067787170410156,8.067787170410156
81,5,5,118.82239,216.0,125.0,-6.1776123046875,6.1776123046875
81,6,6,119.94683,215.0,125.0,-5.053169250488281,5.053169250488281
81,7,7,119.54874,214.0,125.0,-5.451263427734375,5.451263427734375
81,8,8,119.251495,213.0,125.0,-5.748504638671875,5.748504638671875
81,9,9,120.41851,212.0,125.0,-4.581489562988281,4.581489562988281
81,10,10,119.7534,211.0,125.0,-5.2465972900390625,5.2465972900390625
81,11,11,119.77164,210.0,125.0,-5.228363037109375,5.228363037109375
81,12,12,120.63205,209.0,125.0,-4.367950439453125,4.367950439453125
81,13,13,120.75906,208.0,125.0,-4.240936279296875,4.240936279296875
81,14,14,122.35196,207.0,125.0,-2.648040771484375,2.648040771484375
81,15,15,121.76353,206.0,125.0,-3.2364730834960938,3.2364730834960938
81,16,16,121.57015,205.0,125.0,-3.4298477172851562,3.4298477172851562
81,17,17,122.546036,204.0,125.0,-2.4539642333984375,2.4539642333984375
81,18,18,122.17844,203.0,125.0,-2.821563720703125,2.821563720703125
81,19,19,121.784836,202.0,125.0,-3.2151641845703125,3.2151641845703125
81,20,20,120.810165,201.0,125.0,-4.1898345947265625,4.1898345947265625
81,21,21,121.177185,200.0,125.0,-3.82281494140625,3.82281494140625
81,22,22,120.30299,199.0,125.0,-4.6970062255859375,4.6970062255859375
81,23,23,121.49248,198.0,125.0,-3.5075225830078125,3.5075225830078125
81,24,24,121.84072,197.0,125.0,-3.1592788696289062,3.1592788696289062
81,25,25,121.95156,196.0,125.0,-3.0484390258789062,3.0484390258789062
81,26,26,121.4716,195.0,125.0,-3.5283966064453125,3.5283966064453125
81,27,27,121.039536,194.0,125.0,-3.9604644775390625,3.9604644775390625
81,28,28,120.396126,193.0,125.0,-4.603874206542969,4.603874206542969
81,29,29,121.59465,192.0,125.0,-3.4053497314453125,3.4053497314453125
81,30,30,121.245255,191.0,125.0,-3.7547454833984375,3.7547454833984375
81,31,31,119.97797,190.0,125.0,-5.02203369140625,5.02203369140625
81,32,32,120.813,189.0,125.0,-4.1869964599609375,4.1869964599609375
81,33,33,122.12637,188.0,125.0,-2.873626708984375,2.873626708984375
81,34,34,118.055405,187.0,125.0,-6.9445953369140625,6.9445953369140625
81,35,35,114.20364,186.0,125.0,-10.796356201171875,10.796356201171875
81,36,36,111.61856,185.0,125.0,-13.381439208984375,13.381439208984375
81,37,37,113.23588,184.0,125.0,-11.764122009277344,11.764122009277344
81,38,38,116.362305,183.0,125.0,-8.6376953125,8.6376953125
81,39,39,119.57062,182.0,125.0,-5.42938232421875,5.42938232421875
81,40,40,110.137436,181.0,125.0,-14.862564086914062,14.862564086914062
81,41,41,109.73277,180.0,125.0,-15.267227172851562,15.267227172851562
81,42,42,111.409424,179.0,125.0,-13.590576171875,13.590576171875
81,43,43,109.13397,178.0,125.0,-15.86602783203125,15.86602783203125
81,44,44,111.73781,177.0,125.0,-13.262191772460938,13.262191772460938
81,45,45,108.320984,176.0,125.0,-16.67901611328125,16.67901611328125
81,46,46,106.00332,175.0,125.0,-18.996681213378906,18.996681213378906
81,47,47,110.460724,174.0,125.0,-14.539276123046875,14.539276123046875
81,48,48,110.22682,173.0,125.0,-14.773178100585938,14.773178100585938
81,49,49,105.080894,172.0,125.0,-19.919105529785156,19.919105529785156
81,50,50,109.510284,171.0,125.0,-15.489715576171875,15.489715576171875
81,51,51,113.63898,170.0,125.0,-11.36102294921875,11.36102294921875
81,52,52,113.002426,169.0,125.0,-11.997573852539062,11.997573852539062
81,53,53,116.09146,168.0,125.0,-8.908538818359375,8.908538818359375
81,54,54,114.508865,167.0,125.0,-10.491134643554688,10.491134643554688
81,55,55,110.60393,166.0,125.0,-14.396072387695312,14.396072387695312
81,56,56,114.207954,165.0,125.0,-10.792045593261719,10.792045593261719
81,57,57,115.2457,164.0,125.0,-9.754302978515625,9.754302978515625
81,58,58,116.686386,163.0,125.0,-8.313613891601562,8.313613891601562
81,59,59,117.03855,162.0,125.0,-7.961448669433594,7.961448669433594
81,60,60,114.89605,161.0,125.0,-10.103950500488281,10.103950500488281
81,61,61,113.63472,160.0,125.0,-11.365280151367188,11.365280151367188
81,62,62,114.80421,159.0,125.0,-10.195793151855469,10.195793151855469
81,63,63,117.415955,158.0,125.0,-7.58404541015625,7.58404541015625
81,64,64,114.20892,157.0,125.0,-10.79107666015625,10.79107666015625
81,65,65,117.70766,156.0,125.0,-7.2923431396484375,7.2923431396484375
81,66,66,117.70256,155.0,125.0,-7.2974395751953125,7.2974395751953125
81,67,67,118.93558,154.0,125.0,-6.064422607421875,6.064422607421875
81,68,68,118.900955,153.0,125.0,-6.0990447998046875,6.0990447998046875
81,69,69,121.109116,152.0,125.0,-3.8908843994140625,3.8908843994140625
81,70,70,118.06375,151.0,125.0,-6.936248779296875,6.936248779296875
81,71,71,116.59675,150.0,125.0,-8.403251647949219,8.403251647949219
81,72,72,116.902084,149.0,125.0,-8.097915649414062,8.097915649414062
81,73,73,114.17598,148.0,125.0,-10.824020385742188,10.824020385742188
81,74,74,115.13844,147.0,125.0,-9.861557006835938,9.861557006835938
81,75,75,116.06683,146.0,125.0,-8.93316650390625,8.93316650390625
81,76,76,114.82754,145.0,125.0,-10.172462463378906,10.172462463378906
81,77,77,112.29579,144.0,125.0,-12.704208374023438,12.704208374023438
81,78,78,112.831604,143.0,125.0,-12.16839599609375,12.16839599609375
81,79,79,114.162735,142.0,125.0,-10.837265014648438,10.837265014648438
81,80,80,115.90021,141.0,125.0,-9.09979248046875,9.09979248046875
81,81,81,116.73189,140.0,125.0,-8.268112182617188,8.268112182617188
81,82,82,113.50731,139.0,125.0,-11.492691040039062,11.492691040039062
81,83,83,118.322845,138.0,125.0,-6.677154541015625,6.677154541015625
81,84,84,115.75772,137.0,125.0,-9.242279052734375,9.242279052734375
81,85,85,113.64702,136.0,125.0,-11.352981567382812,11.352981567382812
81,86,86,113.10911,135.0,125.0,-11.890892028808594,11.890892028808594
81,87,87,118.94723,134.0,125.0,-6.052772521972656,6.052772521972656
81,88,88,121.87837,133.0,125.0,-3.1216278076171875,3.1216278076171875
81,89,89,120.60266,132.0,125.0,-4.3973388671875,4.3973388671875
81,90,90,120.52538,131.0,125.0,-4.474617004394531,4.474617004394531
81,91,91,119.59775,130.0,125.0,-5.402252197265625,5.402252197265625
81,92,92,117.95105,129.0,125.0,-7.0489501953125,7.0489501953125
81,93,93,119.5942,128.0,125.0,-5.405799865722656,5.405799865722656
81,94,94,119.28453,127.0,125.0,-5.7154693603515625,5.7154693603515625
81,95,95,116.60812,126.0,125.0,-8.391876220703125,8.391876220703125
81,96,96,115.930374,125.0,125.0,-9.069625854492188,9.069625854492188
81,97,97,112.551544,124.0,124.0,-11.448455810546875,11.448455810546875
81,98,98,112.1564,123.0,123.0,-10.843597412109375,10.843597412109375
81,99,99,116.10571,122.0,122.0,-5.894287109375,5.894287109375
81,100,100,117.702934,121.0,121.0,-3.2970657348632812,3.2970657348632812
81,101,101,113.7357,120.0,120.0,-6.2642974853515625,6.2642974853515625
81,102,102,111.34691,119.0,119.0,-7.6530914306640625,7.6530914306640625
81,103,103,108.889565,118.0,118.0,-9.110435485839844,9.110435485839844
81,104,104,95.21249,117.0,117.0,-21.787513732910156,21.787513732910156
81,105,105,94.298836,116.0,116.0,-21.70116424560547,21.70116424560547
81,106,106,95.106125,115.0,115.0,-19.893875122070312,19.893875122070312
81,107,107,90.92264,114.0,114.0,-23.077362060546875,23.077362060546875
81,108,108,91.70419,113.0,113.0,-21.295806884765625,21.295806884765625
81,109,109,86.09702,112.0,112.0,-25.902976989746094,25.902976989746094
81,110,110,75.12604,111.0,111.0,-35.87396240234375,35.87396240234375
81,111,111,68.96875,110.0,110.0,-41.03125,41.03125
81,112,112,70.740875,109.0,109.0,-38.259124755859375,38.259124755859375
81,113,113,73.9037,108.0,108.0,-34.09629821777344,34.09629821777344
81,114,114,73.85623,107.0,107.0,-33.143768310546875,33.143768310546875
81,115,115,73.97247,106.0,106.0,-32.02752685546875,32.02752685546875
81,116,116,74.40936,105.0,105.0,-30.59063720703125,30.59063720703125
81,117,117,76.5051,104.0,104.0,-27.494903564453125,27.494903564453125
81,118,118,81.30833,103.0,103.0,-21.691673278808594,21.691673278808594
81,119,119,72.18289,102.0,102.0,-29.817108154296875,29.817108154296875
81,120,120,73.84105,101.0,101.0,-27.158950805664062,27.158950805664062
81,121,121,79.55327,100.0,100.0,-20.446731567382812,20.446731567382812
81,122,122,86.79332,99.0,99.0,-12.206680297851562,12.206680297851562
81,123,123,80.94224,98.0,98.0,-17.057762145996094,17.057762145996094
81,124,124,76.38013,97.0,97.0,-20.619873046875,20.619873046875
81,125,125,71.67163,96.0,96.0,-24.328369140625,24.328369140625
81,126,126,73.75604,95.0,95.0,-21.24395751953125,21.24395751953125
81,127,127,75.43649,94.0,94.0,-18.563507080078125,18.563507080078125
81,128,128,81.660965,93.0,93.0,-11.339035034179688,11.339035034179688
81,129,129,90.840515,92.0,92.0,-1.15948486328125,1.15948486328125
81,130,130,98.82234,91.0,91.0,7.8223419189453125,7.8223419189453125
81,131,131,101.4372,90.0,90.0,11.437202453613281,11.437202453613281
81,132,132,102.25031,89.0,89.0,13.250312805175781,13.250312805175781
81,133,133,97.362816,88.0,88.0,9.362815856933594,9.362815856933594
81,134,134,85.72641,87.0,87.0,-1.273590087890625,1.273590087890625
81,135,135,83.84223,86.0,86.0,-2.1577682495117188,2.1577682495117188
81,136,136,87.75085,85.0,85.0,2.7508468627929688,2.7508468627929688
81,137,137,93.30737,84.0,84.0,9.307373046875,9.307373046875
81,138,138,96.122375,83.0,83.0,13.12237548828125,13.12237548828125
81,139,139,89.726715,82.0,82.0,7.726715087890625,7.726715087890625
81,140,140,81.22677,81.0,81.0,0.22676849365234375,0.22676849365234375
81,141,141,72.38904,80.0,80.0,-7.6109619140625,7.6109619140625
81,142,142,78.348785,79.0,79.0,-0.651214599609375,0.651214599609375
81,143,143,88.82773,78.0,78.0,10.827728271484375,10.827728271484375
81,144,144,87.19348,77.0,77.0,10.1934814453125,10.1934814453125
81,145,145,84.18172,76.0,76.0,8.181716918945312,8.181716918945312
81,146,146,94.25037,75.0,75.0,19.2503662109375,19.2503662109375
81,147,147,92.2859,74.0,74.0,18.28589630126953,18.28589630126953
81,148,148,85.74609,73.0,73.0,12.74609375,12.74609375
81,149,149,70.54497,72.0,72.0,-1.4550323486328125,1.4550323486328125
81,150,150,69.01569,71.0,71.0,-1.9843063354492188,1.9843063354492188
81,151,151,68.044876,70.0,70.0,-1.9551239013671875,1.9551239013671875
81,152,152,66.39444,69.0,69.0,-2.605560302734375,2.605560302734375
81,153,153,47.75293,68.0,68.0,-20.2470703125,20.2470703125
81,154,154,61.44017,67.0,67.0,-5.5598297119140625,5.5598297119140625
81,155,155,49.173695,66.0,66.0,-16.826305389404297,16.826305389404297
81,156,156,50.598396,65.0,65.0,-14.401603698730469,14.401603698730469
81,157,157,45.81731,64.0,64.0,-18.182689666748047,18.182689666748047
81,158,158,52.129032,63.0,63.0,-10.870967864990234,10.870967864990234
81,159,159,52.9287,62.0,62.0,-9.071300506591797,9.071300506591797
81,160,160,59.471508,61.0,61.0,-1.5284919738769531,1.5284919738769531
81,161,161,61.057495,60.0,60.0,1.0574951171875,1.0574951171875
81,162,162,64.137955,59.0,59.0,5.1379547119140625,5.1379547119140625
81,163,163,49.283283,58.0,58.0,-8.716716766357422,8.716716766357422
81,164,164,48.679123,57.0,57.0,-8.320877075195312,8.320877075195312
81,165,165,46.996346,56.0,56.0,-9.003654479980469,9.003654479980469
81,166,166,52.562557,55.0,55.0,-2.4374427795410156,2.4374427795410156
81,167,167,50.095707,54.0,54.0,-3.9042930603027344,3.9042930603027344
81,168,168,49.128418,53.0,53.0,-3.87158203125,3.87158203125
81,169,169,44.22686,52.0,52.0,-7.773139953613281,7.773139953613281
81,170,170,38.573616,51.0,51.0,-12.426383972167969,12.426383972167969
81,171,171,35.41664,50.0,50.0,-14.583358764648438,14.583358764648438
81,172,172,35.845,49.0,49.0,-13.154998779296875,13.154998779296875
81,173,173,35.31907,48.0,48.0,-12.680931091308594,12.680931091308594
81,174,174,33.27214,47.0,47.0,-13.727859497070312,13.727859497070312
81,175,175,34.86633,46.0,46.0,-11.133670806884766,11.133670806884766
81,176,176,37.98745,45.0,45.0,-7.012550354003906,7.012550354003906
81,177,177,37.453854,44.0,44.0,-6.546146392822266,6.546146392822266
81,178,178,36.633137,43.0,43.0,-6.366863250732422,6.366863250732422
81,179,179,35.636097,42.0,42.0,-6.363903045654297,6.363903045654297
81,180,180,35.241573,41.0,41.0,-5.758426666259766,5.758426666259766
81,181,181,36.063602,40.0,40.0,-3.9363975524902344,3.9363975524902344
81,182,182,34.680157,39.0,39.0,-4.319843292236328,4.319843292236328
81,183,183,27.700748,38.0,38.0,-10.299251556396484,10.299251556396484
81,184,184,24.192669,37.0,37.0,-12.807331085205078,12.807331085205078
81,185,185,22.898544,36.0,36.0,-13.101455688476562,13.101455688476562
81,186,186,24.700268,35.0,35.0,-10.299732208251953,10.299732208251953
81,187,187,27.43383,34.0,34.0,-6.566169738769531,6.566169738769531
81,188,188,27.023619,33.0,33.0,-5.976381301879883,5.976381301879883
81,189,189,25.330557,32.0,32.0,-6.669443130493164,6.669443130493164
81,190,190,24.323254,31.0,31.0,-6.676746368408203,6.676746368408203
81,191,191,23.9963,30.0,30.0,-6.003700256347656,6.003700256347656
81,192,192,24.96375,29.0,29.0,-4.036249160766602,4.036249160766602
81,193,193,25.249107,28.0,28.0,-2.7508926391601562,2.7508926391601562
81,194,194,25.523136,27.0,27.0,-1.4768638610839844,1.4768638610839844
81,195,195,24.529593,26.0,26.0,-1.470407485961914,1.470407485961914
81,196,196,24.619902,25.0,25.0,-0.3800983428955078,0.3800983428955078
81,197,197,23.294922,24.0,24.0,-0.705078125,0.705078125
81,198,198,23.571972,23.0,23.0,0.5719718933105469,0.5719718933105469
81,199,199,23.14576,22.0,22.0,1.1457595825195312,1.1457595825195312
81,200,200,21.043789,21.0,21.0,0.043788909912109375,0.043788909912109375
81,201,201,20.633976,20.0,20.0,0.6339759826660156,0.6339759826660156
81,202,202,21.064238,19.0,19.0,2.064237594604492,2.064237594604492
81,203,203,18.223286,18.0,18.0,0.22328567504882812,0.22328567504882812
81,204,204,17.38913,17.0,17.0,0.389129638671875,0.389129638671875
81,205,205,18.556297,16.0,16.0,2.5562973022460938,2.5562973022460938
81,206,206,17.66046,15.0,15.0,2.660459518432617,2.660459518432617
81,207,207,17.67417,14.0,14.0,3.6741695404052734,3.6741695404052734
81,208,208,16.569311,13.0,13.0,3.5693111419677734,3.5693111419677734
81,209,209,17.128994,12.0,12.0,5.128993988037109,5.128993988037109
81,210,210,14.872464,11.0,11.0,3.872464179992676,3.872464179992676
81,211,211,14.893216,10.0,10.0,4.893216133117676,4.893216133117676
81,212,212,14.242211,9.0,9.0,5.24221134185791,5.24221134185791
81,213,213,9.798855,8.0,8.0,1.7988548278808594,1.7988548278808594
82,1,1,118.86897,170.0,125.0,-6.1310272216796875,6.1310272216796875
82,2,2,120.57211,169.0,125.0,-4.427886962890625,4.427886962890625
82,3,3,121.887146,168.0,125.0,-3.11285400390625,3.11285400390625
82,4,4,118.387375,167.0,125.0,-6.6126251220703125,6.6126251220703125
82,5,5,118.96423,166.0,125.0,-6.0357666015625,6.0357666015625
82,6,6,118.26525,165.0,125.0,-6.734748840332031,6.734748840332031
82,7,7,120.574715,164.0,125.0,-4.425285339355469,4.425285339355469
82,8,8,118.69813,163.0,125.0,-6.301872253417969,6.301872253417969
82,9,9,118.11247,162.0,125.0,-6.8875274658203125,6.8875274658203125
82,10,10,118.531395,161.0,125.0,-6.468605041503906,6.468605041503906
82,11,11,119.2206,160.0,125.0,-5.7794036865234375,5.7794036865234375
82,12,12,119.11971,159.0,125.0,-5.880287170410156,5.880287170410156
82,13,13,120.37706,158.0,125.0,-4.6229400634765625,4.6229400634765625
82,14,14,117.88892,157.0,125.0,-7.111076354980469,7.111076354980469
82,15,15,118.68632,156.0,125.0,-6.313682556152344,6.313682556152344
82,16,16,120.10197,155.0,125.0,-4.898033142089844,4.898033142089844
82,17,17,120.42747,154.0,125.0,-4.572532653808594,4.572532653808594
82,18,18,121.768135,153.0,125.0,-3.2318649291992188,3.2318649291992188
82,19,19,121.47895,152.0,125.0,-3.5210494995117188,3.5210494995117188
82,20,20,119.87328,151.0,125.0,-5.126716613769531,5.126716613769531
82,21,21,120.726234,150.0,125.0,-4.273765563964844,4.273765563964844
82,22,22,119.31076,149.0,125.0,-5.689239501953125,5.689239501953125
82,23,23,119.40052,148.0,125.0,-5.599479675292969,5.599479675292969
82,24,24,118.737656,147.0,125.0,-6.2623443603515625,6.2623443603515625
82,25,25,120.49133,146.0,125.0,-4.5086669921875,4.5086669921875
82,26,26,119.9854,145.0,125.0,-5.0146026611328125,5.0146026611328125
82,27,27,120.372795,144.0,125.0,-4.627204895019531,4.627204895019531
82,28,28,117.04539,143.0,125.0,-7.954612731933594,7.954612731933594
82,29,29,110.74755,142.0,125.0,-14.252449035644531,14.252449035644531
82,30,30,112.20291,141.0,125.0,-12.797088623046875,12.797088623046875
82,31,31,112.49029,140.0,125.0,-12.509712219238281,12.509712219238281
82,32,32,113.88136,139.0,125.0,-11.118637084960938,11.118637084960938
82,33,33,119.12304,138.0,125.0,-5.876960754394531,5.876960754394531
82,34,34,118.14403,137.0,125.0,-6.8559722900390625,6.8559722900390625
82,35,35,114.670685,136.0,125.0,-10.329315185546875,10.329315185546875
82,36,36,110.60747,135.0,125.0,-14.392532348632812,14.392532348632812
82,37,37,112.679565,134.0,125.0,-12.3204345703125,12.3204345703125
82,38,38,106.95319,133.0,125.0,-18.04680633544922,18.04680633544922
82,39,39,106.59816,132.0,125.0,-18.401840209960938,18.401840209960938
82,40,40,107.07292,131.0,125.0,-17.927078247070312,17.927078247070312
82,41,41,108.97595,130.0,125.0,-16.0240478515625,16.0240478515625
82,42,42,110.91168,129.0,125.0,-14.08831787109375,14.08831787109375
82,43,43,112.105125,128.0,125.0,-12.894874572753906,12.894874572753906
82,44,44,110.38987,127.0,125.0,-14.610130310058594,14.610130310058594
82,45,45,112.97689,126.0,125.0,-12.023109436035156,12.023109436035156
82,46,46,112.670235,125.0,125.0,-12.329765319824219,12.329765319824219
82,47,47,112.97799,124.0,124.0,-11.022010803222656,11.022010803222656
82,48,48,116.2768,123.0,123.0,-6.723197937011719,6.723197937011719
82,49,49,117.19887,122.0,122.0,-4.8011322021484375,4.8011322021484375
82,50,50,114.427155,121.0,121.0,-6.572845458984375,6.572845458984375
82,51,51,112.32008,120.0,120.0,-7.6799163818359375,7.6799163818359375
82,52,52,105.313515,119.0,119.0,-13.686485290527344,13.686485290527344
82,53,53,107.04863,118.0,118.0,-10.951370239257812,10.951370239257812
82,54,54,105.78981,117.0,117.0,-11.210189819335938,11.210189819335938
82,55,55,108.7896,116.0,116.0,-7.2104034423828125,7.2104034423828125
82,56,56,107.27726,115.0,115.0,-7.722740173339844,7.722740173339844
82,57,57,111.19054,114.0,114.0,-2.8094635009765625,2.8094635009765625
82,58,58,109.77037,113.0,113.0,-3.2296295166015625,3.2296295166015625
82,59,59,109.95213,112.0,112.0,-2.0478668212890625,2.0478668212890625
82,60,60,114.7153,111.0,111.0,3.715301513671875,3.715301513671875
82,61,61,115.341675,110.0,110.0,5.3416748046875,5.3416748046875
82,62,62,115.78376,109.0,109.0,6.783760070800781,6.783760070800781
82,63,63,119.78362,108.0,108.0,11.783622741699219,11.783622741699219
82,64,64,121.78918,107.0,107.0,14.789176940917969,14.789176940917969
82,65,65,121.79068,106.0,106.0,15.790679931640625,15.790679931640625
82,66,66,121.0963,105.0,105.0,16.096298217773438,16.096298217773438
82,67,67,121.40993,104.0,104.0,17.409927368164062,17.409927368164062
82,68,68,121.04439,103.0,103.0,18.044387817382812,18.044387817382812
82,69,69,120.43895,102.0,102.0,18.438949584960938,18.438949584960938
82,70,70,119.94833,101.0,101.0,18.948333740234375,18.948333740234375
82,71,71,120.504166,100.0,100.0,20.504165649414062,20.504165649414062
82,72,72,122.02072,99.0,99.0,23.020721435546875,23.020721435546875
82,73,73,121.57057,98.0,98.0,23.570571899414062,23.570571899414062
82,74,74,121.93144,97.0,97.0,24.931442260742188,24.931442260742188
82,75,75,121.54975,96.0,96.0,25.54975128173828,25.54975128173828
82,76,76,121.234344,95.0,95.0,26.234344482421875,26.234344482421875
82,77,77,119.03726,94.0,94.0,25.037261962890625,25.037261962890625
82,78,78,118.57131,93.0,93.0,25.571311950683594,25.571311950683594
82,79,79,117.567505,92.0,92.0,25.5675048828125,25.5675048828125
82,80,80,117.05112,91.0,91.0,26.051116943359375,26.051116943359375
82,81,81,100.980515,90.0,90.0,10.980514526367188,10.980514526367188
82,82,82,93.49837,89.0,89.0,4.4983673095703125,4.4983673095703125
82,83,83,88.5434,88.0,88.0,0.5434036254882812,0.5434036254882812
82,84,84,86.39819,87.0,87.0,-0.601806640625,0.601806640625
82,85,85,90.66159,86.0,86.0,4.661590576171875,4.661590576171875
82,86,86,88.728806,85.0,85.0,3.7288055419921875,3.7288055419921875
82,87,87,90.135185,84.0,84.0,6.135185241699219,6.135185241699219
82,88,88,91.186676,83.0,83.0,8.186676025390625,8.186676025390625
82,89,89,86.425446,82.0,82.0,4.425445556640625,4.425445556640625
82,90,90,91.547676,81.0,81.0,10.547676086425781,10.547676086425781
82,91,91,84.13084,80.0,80.0,4.130836486816406,4.130836486816406
82,92,92,84.59396,79.0,79.0,5.593963623046875,5.593963623046875
82,93,93,84.789185,78.0,78.0,6.7891845703125,6.7891845703125
82,94,94,91.345566,77.0,77.0,14.345565795898438,14.345565795898438
82,95,95,101.27499,76.0,76.0,25.274986267089844,25.274986267089844
82,96,96,103.83501,75.0,75.0,28.835006713867188,28.835006713867188
82,97,97,102.07278,74.0,74.0,28.072776794433594,28.072776794433594
82,98,98,96.83451,73.0,73.0,23.834510803222656,23.834510803222656
82,99,99,87.11006,72.0,72.0,15.110061645507812,15.110061645507812
82,100,100,85.36107,71.0,71.0,14.361068725585938,14.361068725585938
82,101,101,86.39575,70.0,70.0,16.395751953125,16.395751953125
82,102,102,86.47082,69.0,69.0,17.47081756591797,17.47081756591797
82,103,103,80.27577,68.0,68.0,12.275772094726562,12.275772094726562
82,104,104,78.604004,67.0,67.0,11.60400390625,11.60400390625
82,105,105,75.038475,66.0,66.0,9.038475036621094,9.038475036621094
82,106,106,82.71967,65.0,65.0,17.71967315673828,17.71967315673828
82,107,107,99.02637,64.0,64.0,35.0263671875,35.0263671875
82,108,108,80.10853,63.0,63.0,17.10852813720703,17.10852813720703
82,109,109,73.49257,62.0,62.0,11.492568969726562,11.492568969726562
82,110,110,62.94875,61.0,61.0,1.9487495422363281,1.9487495422363281
82,111,111,55.948208,60.0,60.0,-4.051792144775391,4.051792144775391
82,112,112,45.919827,59.0,59.0,-13.08017349243164,13.08017349243164
82,113,113,55.63288,58.0,58.0,-2.3671188354492188,2.3671188354492188
82,114,114,54.844917,57.0,57.0,-2.1550827026367188,2.1550827026367188
82,115,115,53.499905,56.0,56.0,-2.5000953674316406,2.5000953674316406
82,116,116,56.72169,55.0,55.0,1.7216911315917969,1.7216911315917969
82,117,117,57.336956,54.0,54.0,3.336956024169922,3.336956024169922
82,118,118,55.47627,53.0,53.0,2.476268768310547,2.476268768310547
82,119,119,50.033398,52.0,52.0,-1.9666023254394531,1.9666023254394531
82,120,120,54.698544,51.0,51.0,3.6985435485839844,3.6985435485839844
82,121,121,56.746037,50.0,50.0,6.746036529541016,6.746036529541016
82,122,122,63.173306,49.0,49.0,14.17330551147461,14.17330551147461
82,123,123,61.40469,48.0,48.0,13.40468978881836,13.40468978881836
82,124,124,79.15537,47.0,47.0,32.155372619628906,32.155372619628906
82,125,125,84.19428,46.0,46.0,38.19428253173828,38.19428253173828
82,126,126,83.78343,45.0,45.0,38.78343200683594,38.78343200683594
82,127,127,82.82152,44.0,44.0,38.82151794433594,38.82151794433594
82,128,128,76.60337,43.0,43.0,33.603370666503906,33.603370666503906
82,129,129,70.24439,42.0,42.0,28.24439239501953,28.24439239501953
82,130,130,64.44266,41.0,41.0,23.442657470703125,23.442657470703125
82,131,131,63.08562,40.0,40.0,23.085620880126953,23.085620880126953
82,132,132,65.28006,39.0,39.0,26.280059814453125,26.280059814453125
82,133,133,58.191635,38.0,38.0,20.191635131835938,20.191635131835938
82,134,134,56.4432,37.0,37.0,19.443199157714844,19.443199157714844
82,135,135,56.822056,36.0,36.0,20.82205581665039,20.82205581665039
82,136,136,57.87423,35.0,35.0,22.874229431152344,22.874229431152344
82,137,137,65.8152,34.0,34.0,31.815200805664062,31.815200805664062
82,138,138,48.200485,33.0,33.0,15.200485229492188,15.200485229492188
82,139,139,49.702736,32.0,32.0,17.702735900878906,17.702735900878906
82,140,140,44.549267,31.0,31.0,13.549266815185547,13.549266815185547
82,141,141,33.157707,30.0,30.0,3.1577072143554688,3.1577072143554688
82,142,142,31.777426,29.0,29.0,2.777425765991211,2.777425765991211
82,143,143,29.510653,28.0,28.0,1.5106525421142578,1.5106525421142578
82,144,144,27.53371,27.0,27.0,0.5337104797363281,0.5337104797363281
82,145,145,25.470366,26.0,26.0,-0.5296344757080078,0.5296344757080078
82,146,146,23.850426,25.0,25.0,-1.1495742797851562,1.1495742797851562
82,147,147,24.215212,24.0,24.0,0.2152118682861328,0.2152118682861328
82,148,148,23.210585,23.0,23.0,0.2105846405029297,0.2105846405029297
82,149,149,24.525629,22.0,22.0,2.5256290435791016,2.5256290435791016
82,150,150,22.218935,21.0,21.0,1.2189350128173828,1.2189350128173828
82,151,151,21.354143,20.0,20.0,1.3541431427001953,1.3541431427001953
82,152,152,18.51758,19.0,19.0,-0.4824199676513672,0.4824199676513672
82,153,153,16.350431,18.0,18.0,-1.6495685577392578,1.6495685577392578
82,154,154,16.289408,17.0,17.0,-0.7105922698974609,0.7105922698974609
82,155,155,15.36392,16.0,16.0,-0.6360797882080078,0.6360797882080078
82,156,156,14.596974,15.0,15.0,-0.40302562713623047,0.40302562713623047
82,157,157,14.021412,14.0,14.0,0.021411895751953125,0.021411895751953125
82,158,158,13.446319,13.0,13.0,0.4463186264038086,0.4463186264038086
82,159,159,11.927068,12.0,12.0,-0.07293224334716797,0.07293224334716797
82,160,160,11.623849,11.0,11.0,0.6238489151000977,0.6238489151000977
82,161,161,10.809746,10.0,10.0,0.8097457885742188,0.8097457885742188
82,162,162,9.590708,9.0,9.0,0.5907077789306641,0.5907077789306641
83,1,1,118.73432,209.0,125.0,-6.265678405761719,6.265678405761719
83,2,2,119.569244,208.0,125.0,-5.430755615234375,5.430755615234375
83,3,3,121.2124,207.0,125.0,-3.78759765625,3.78759765625
83,4,4,121.66527,206.0,125.0,-3.3347320556640625,3.3347320556640625
83,5,5,122.2484,205.0,125.0,-2.7516021728515625,2.7516021728515625
83,6,6,120.35456,204.0,125.0,-4.645439147949219,4.645439147949219
83,7,7,120.88878,203.0,125.0,-4.1112213134765625,4.1112213134765625
83,8,8,121.820145,202.0,125.0,-3.1798553466796875,3.1798553466796875
83,9,9,121.3974,201.0,125.0,-3.60260009765625,3.60260009765625
83,10,10,121.773476,200.0,125.0,-3.2265243530273438,3.2265243530273438
83,11,11,122.17378,199.0,125.0,-2.8262176513671875,2.8262176513671875
83,12,12,121.104355,198.0,125.0,-3.8956451416015625,3.8956451416015625
83,13,13,122.133606,197.0,125.0,-2.86639404296875,2.86639404296875
83,14,14,122.04108,196.0,125.0,-2.95892333984375,2.95892333984375
83,15,15,122.66303,195.0,125.0,-2.3369674682617188,2.3369674682617188
83,16,16,122.045845,194.0,125.0,-2.9541549682617188,2.9541549682617188
83,17,17,123.45174,193.0,125.0,-1.5482635498046875,1.5482635498046875
83,18,18,122.06668,192.0,125.0,-2.933319091796875,2.933319091796875
83,19,19,122.65109,191.0,125.0,-2.348907470703125,2.348907470703125
83,20,20,121.708084,190.0,125.0,-3.2919158935546875,3.2919158935546875
83,21,21,122.57179,189.0,125.0,-2.4282073974609375,2.4282073974609375
83,22,22,122.34931,188.0,125.0,-2.6506881713867188,2.6506881713867188
83,23,23,121.532776,187.0,125.0,-3.46722412109375,3.46722412109375
83,24,24,121.35183,186.0,125.0,-3.6481704711914062,3.6481704711914062
83,25,25,119.634926,185.0,125.0,-5.365074157714844,5.365074157714844
83,26,26,117.84999,184.0,125.0,-7.1500091552734375,7.1500091552734375
83,27,27,120.368706,183.0,125.0,-4.631294250488281,4.631294250488281
83,28,28,120.31072,182.0,125.0,-4.689277648925781,4.689277648925781
83,29,29,120.081955,181.0,125.0,-4.9180450439453125,4.9180450439453125
83,30,30,120.49136,180.0,125.0,-4.508636474609375,4.508636474609375
83,31,31,115.96518,179.0,125.0,-9.034820556640625,9.034820556640625
83,32,32,112.665115,178.0,125.0,-12.334884643554688,12.334884643554688
83,33,33,112.75838,177.0,125.0,-12.241622924804688,12.241622924804688
83,34,34,116.14183,176.0,125.0,-8.858169555664062,8.858169555664062
83,35,35,119.24457,175.0,125.0,-5.75543212890625,5.75543212890625
83,36,36,118.39527,174.0,125.0,-6.604728698730469,6.604728698730469
83,37,37,118.252365,173.0,125.0,-6.7476348876953125,6.7476348876953125
83,38,38,116.61057,172.0,125.0,-8.389427185058594,8.389427185058594
83,39,39,117.62578,171.0,125.0,-7.3742218017578125,7.3742218017578125
83,40,40,121.06623,170.0,125.0,-3.9337692260742188,3.9337692260742188
83,41,41,120.01907,169.0,125.0,-4.980926513671875,4.980926513671875
83,42,42,120.43768,168.0,125.0,-4.56231689453125,4.56231689453125
83,43,43,121.00269,167.0,125.0,-3.9973068237304688,3.9973068237304688
83,44,44,118.83168,166.0,125.0,-6.1683197021484375,6.1683197021484375
83,45,45,114.605606,165.0,125.0,-10.394393920898438,10.394393920898438
83,46,46,101.481094,164.0,125.0,-23.518905639648438,23.518905639648438
83,47,47,104.28969,163.0,125.0,-20.710311889648438,20.710311889648438
83,48,48,103.85281,162.0,125.0,-21.147186279296875,21.147186279296875
83,49,49,107.567024,161.0,125.0,-17.43297576904297,17.43297576904297
83,50,50,94.5186,160.0,125.0,-30.481399536132812,30.481399536132812
83,51,51,100.98808,159.0,125.0,-24.011917114257812,24.011917114257812
83,52,52,102.13514,158.0,125.0,-22.86486053466797,22.86486053466797
83,53,53,96.85851,157.0,125.0,-28.14148712158203,28.14148712158203
83,54,54,95.22484,156.0,125.0,-29.775161743164062,29.775161743164062
83,55,55,99.8988,155.0,125.0,-25.1011962890625,25.1011962890625
83,56,56,97.29208,154.0,125.0,-27.707916259765625,27.707916259765625
83,57,57,105.044464,153.0,125.0,-19.955535888671875,19.955535888671875
83,58,58,113.05281,152.0,125.0,-11.947189331054688,11.947189331054688
83,59,59,112.98299,151.0,125.0,-12.017013549804688,12.017013549804688
83,60,60,117.22304,150.0,125.0,-7.7769622802734375,7.7769622802734375
83,61,61,113.05945,149.0,125.0,-11.9405517578125,11.9405517578125
83,62,62,113.27887,148.0,125.0,-11.72113037109375,11.72113037109375
83,63,63,115.16665,147.0,125.0,-9.833351135253906,9.833351135253906
83,64,64,116.642,146.0,125.0,-8.358001708984375,8.358001708984375
83,65,65,119.02591,145.0,125.0,-5.974090576171875,5.974090576171875
83,66,66,118.394714,144.0,125.0,-6.60528564453125,6.60528564453125
83,67,67,118.59274,143.0,125.0,-6.407257080078125,6.407257080078125
83,68,68,119.754074,142.0,125.0,-5.2459259033203125,5.2459259033203125
83,69,69,121.48003,141.0,125.0,-3.5199737548828125,3.5199737548828125
83,70,70,123.90605,140.0,125.0,-1.0939483642578125,1.0939483642578125
83,71,71,123.895485,139.0,125.0,-1.1045150756835938,1.1045150756835938
83,72,72,124.03275,138.0,125.0,-0.9672470092773438,0.9672470092773438
83,73,73,122.82594,137.0,125.0,-2.1740570068359375,2.1740570068359375
84,1,1,115.99268,229.0,125.0,-9.007316589355469,9.007316589355469
84,2,2,117.988014,228.0,125.0,-7.011985778808594,7.011985778808594
84,3,3,116.18875,227.0,125.0,-8.811248779296875,8.811248779296875
84,4,4,119.24521,226.0,125.0,-5.754791259765625,5.754791259765625
84,5,5,119.94322,225.0,125.0,-5.0567779541015625,5.0567779541015625
84,6,6,119.199036,224.0,125.0,-5.80096435546875,5.80096435546875
84,7,7,119.315765,223.0,125.0,-5.684234619140625,5.684234619140625
84,8,8,114.97251,222.0,125.0,-10.027488708496094,10.027488708496094
84,9,9,108.61209,221.0,125.0,-16.387908935546875,16.387908935546875
84,10,10,102.41239,220.0,125.0,-22.587608337402344,22.587608337402344
84,11,11,102.614716,219.0,125.0,-22.385284423828125,22.385284423828125
84,12,12,108.34007,218.0,125.0,-16.659927368164062,16.659927368164062
84,13,13,111.12356,217.0,125.0,-13.876441955566406,13.876441955566406
84,14,14,106.25455,216.0,125.0,-18.745452880859375,18.745452880859375
84,15,15,107.98027,215.0,125.0,-17.019729614257812,17.019729614257812
84,16,16,110.89652,214.0,125.0,-14.103477478027344,14.103477478027344
84,17,17,115.94957,213.0,125.0,-9.050430297851562,9.050430297851562
84,18,18,118.87581,212.0,125.0,-6.1241912841796875,6.1241912841796875
84,19,19,122.06134,211.0,125.0,-2.93865966796875,2.93865966796875
84,20,20,122.63934,210.0,125.0,-2.36065673828125,2.36065673828125
84,21,21,123.479996,209.0,125.0,-1.5200042724609375,1.5200042724609375
84,22,22,121.7305,208.0,125.0,-3.269500732421875,3.269500732421875
84,23,23,123.12195,207.0,125.0,-1.8780517578125,1.8780517578125
84,24,24,123.40047,206.0,125.0,-1.5995330810546875,1.5995330810546875
84,25,25,123.927536,205.0,125.0,-1.0724639892578125,1.0724639892578125
84,26,26,122.669556,204.0,125.0,-2.3304443359375,2.3304443359375
84,27,27,123.09136,203.0,125.0,-1.9086380004882812,1.9086380004882812
84,28,28,123.08499,202.0,125.0,-1.915008544921875,1.915008544921875
84,29,29,123.699646,201.0,125.0,-1.30035400390625,1.30035400390625
84,30,30,124.14239,200.0,125.0,-0.8576126098632812,0.8576126098632812
84,31,31,122.05169,199.0,125.0,-2.9483108520507812,2.9483108520507812
84,32,32,118.7486,198.0,125.0,-6.25140380859375,6.25140380859375
84,33,33,115.53236,197.0,125.0,-9.467643737792969,9.467643737792969
84,34,34,122.30141,196.0,125.0,-2.6985931396484375,2.6985931396484375
84,35,35,121.452286,195.0,125.0,-3.5477142333984375,3.5477142333984375
84,36,36,122.062004,194.0,125.0,-2.9379959106445312,2.9379959106445312
84,37,37,120.72355,193.0,125.0,-4.276451110839844,4.276451110839844
84,38,38,120.52962,192.0,125.0,-4.4703826904296875,4.4703826904296875
84,39,39,118.280014,191.0,125.0,-6.7199859619140625,6.7199859619140625
84,40,40,113.800644,190.0,125.0,-11.199356079101562,11.199356079101562
84,41,41,113.3824,189.0,125.0,-11.617599487304688,11.617599487304688
84,42,42,116.8977,188.0,125.0,-8.102302551269531,8.102302551269531
84,43,43,118.53555,187.0,125.0,-6.464447021484375,6.464447021484375
84,44,44,114.145584,186.0,125.0,-10.854415893554688,10.854415893554688
84,45,45,113.97481,185.0,125.0,-11.025192260742188,11.025192260742188
84,46,46,107.32103,184.0,125.0,-17.678970336914062,17.678970336914062
84,47,47,114.78241,183.0,125.0,-10.21759033203125,10.21759033203125
84,48,48,117.88408,182.0,125.0,-7.1159210205078125,7.1159210205078125
84,49,49,122.99734,181.0,125.0,-2.0026626586914062,2.0026626586914062
84,50,50,121.85101,180.0,125.0,-3.14898681640625,3.14898681640625
84,51,51,117.164536,179.0,125.0,-7.8354644775390625,7.8354644775390625
84,52,52,115.84048,178.0,125.0,-9.159523010253906,9.159523010253906
84,53,53,121.83612,177.0,125.0,-3.16387939453125,3.16387939453125
84,54,54,123.1359,176.0,125.0,-1.8640975952148438,1.8640975952148438
84,55,55,124.69269,175.0,125.0,-0.30731201171875,0.30731201171875
84,56,56,124.86494,174.0,125.0,-0.13506317138671875,0.13506317138671875
84,57,57,123.663635,173.0,125.0,-1.33636474609375,1.33636474609375
84,58,58,123.83745,172.0,125.0,-1.1625518798828125,1.1625518798828125
84,59,59,119.13792,171.0,125.0,-5.862083435058594,5.862083435058594
84,60,60,117.69031,170.0,125.0,-7.3096923828125,7.3096923828125
84,61,61,104.33394,169.0,125.0,-20.666061401367188,20.666061401367188
84,62,62,92.07303,168.0,125.0,-32.926971435546875,32.926971435546875
84,63,63,89.87394,167.0,125.0,-35.126060485839844,35.126060485839844
84,64,64,107.054054,166.0,125.0,-17.945945739746094,17.945945739746094
84,65,65,104.832565,165.0,125.0,-20.167434692382812,20.167434692382812
84,66,66,106.24432,164.0,125.0,-18.75567626953125,18.75567626953125
84,67,67,118.76935,163.0,125.0,-6.23065185546875,6.23065185546875
84,68,68,117.167145,162.0,125.0,-7.832855224609375,7.832855224609375
84,69,69,116.1557,161.0,125.0,-8.84429931640625,8.84429931640625
84,70,70,110.29024,160.0,125.0,-14.709762573242188,14.709762573242188
84,71,71,91.36432,159.0,125.0,-33.63568115234375,33.63568115234375
84,72,72,111.72629,158.0,125.0,-13.273712158203125,13.273712158203125
84,73,73,112.07411,157.0,125.0,-12.925888061523438,12.925888061523438
84,74,74,112.69661,156.0,125.0,-12.303390502929688,12.303390502929688
84,75,75,113.5296,155.0,125.0,-11.47039794921875,11.47039794921875
84,76,76,111.79489,154.0,125.0,-13.205108642578125,13.205108642578125
84,77,77,113.0045,153.0,125.0,-11.995498657226562,11.995498657226562
84,78,78,112.99597,152.0,125.0,-12.0040283203125,12.0040283203125
84,79,79,113.318436,151.0,125.0,-11.681564331054688,11.681564331054688
84,80,80,112.93797,150.0,125.0,-12.062026977539062,12.062026977539062
84,81,81,108.23694,149.0,125.0,-16.7630615234375,16.7630615234375
84,82,82,112.57089,148.0,125.0,-12.429107666015625,12.429107666015625
84,83,83,113.26013,147.0,125.0,-11.7398681640625,11.7398681640625
84,84,84,113.48753,146.0,125.0,-11.512466430664062,11.512466430664062
84,85,85,113.987335,145.0,125.0,-11.012664794921875,11.012664794921875
84,86,86,113.95822,144.0,125.0,-11.041778564453125,11.041778564453125
84,87,87,113.86607,143.0,125.0,-11.133926391601562,11.133926391601562
84,88,88,113.782875,142.0,125.0,-11.217124938964844,11.217124938964844
84,89,89,111.074425,141.0,125.0,-13.925575256347656,13.925575256347656
84,90,90,120.03696,140.0,125.0,-4.963043212890625,4.963043212890625
84,91,91,119.8602,139.0,125.0,-5.139801025390625,5.139801025390625
84,92,92,117.28949,138.0,125.0,-7.71051025390625,7.71051025390625
84,93,93,117.37608,137.0,125.0,-7.6239166259765625,7.6239166259765625
84,94,94,115.85045,136.0,125.0,-9.149551391601562,9.149551391601562
84,95,95,112.11908,135.0,125.0,-12.88092041015625,12.88092041015625
84,96,96,107.249016,134.0,125.0,-17.75098419189453,17.75098419189453
84,97,97,111.32706,133.0,125.0,-13.672943115234375,13.672943115234375
84,98,98,98.95718,132.0,125.0,-26.042823791503906,26.042823791503906
84,99,99,105.82836,131.0,125.0,-19.17163848876953,19.17163848876953
84,100,100,97.589195,130.0,125.0,-27.410804748535156,27.410804748535156
84,101,101,98.77352,129.0,125.0,-26.226478576660156,26.226478576660156
84,102,102,100.46486,128.0,125.0,-24.535140991210938,24.535140991210938
84,103,103,98.89984,127.0,125.0,-26.10015869140625,26.10015869140625
84,104,104,94.53777,126.0,125.0,-30.46222686767578,30.46222686767578
84,105,105,111.556946,125.0,125.0,-13.44305419921875,13.44305419921875
84,106,106,109.359146,124.0,124.0,-14.640853881835938,14.640853881835938
84,107,107,111.72223,123.0,123.0,-11.27777099609375,11.27777099609375
84,108,108,112.392044,122.0,122.0,-9.607955932617188,9.607955932617188
84,109,109,99.67946,121.0,121.0,-21.320541381835938,21.320541381835938
84,110,110,107.93907,120.0,120.0,-12.060928344726562,12.060928344726562
84,111,111,108.201294,119.0,119.0,-10.7987060546875,10.7987060546875
84,112,112,109.87086,118.0,118.0,-8.129142761230469,8.129142761230469
84,113,113,110.9832,117.0,117.0,-6.0167999267578125,6.0167999267578125
84,114,114,111.06749,116.0,116.0,-4.9325103759765625,4.9325103759765625
84,115,115,112.565216,115.0,115.0,-2.434783935546875,2.434783935546875
84,116,116,112.10618,114.0,114.0,-1.8938217163085938,1.8938217163085938
84,117,117,112.662125,113.0,113.0,-0.3378753662109375,0.3378753662109375
84,118,118,113.78142,112.0,112.0,1.7814178466796875,1.7814178466796875
84,119,119,113.61951,111.0,111.0,2.6195068359375,2.6195068359375
84,120,120,112.74861,110.0,110.0,2.7486114501953125,2.7486114501953125
84,121,121,113.33334,109.0,109.0,4.333343505859375,4.333343505859375
84,122,122,113.103424,108.0,108.0,5.103424072265625,5.103424072265625
84,123,123,112.84338,107.0,107.0,5.8433837890625,5.8433837890625
84,124,124,111.542076,106.0,106.0,5.542076110839844,5.542076110839844
84,125,125,112.193344,105.0,105.0,7.1933441162109375,7.1933441162109375
84,126,126,109.35722,104.0,104.0,5.3572235107421875,5.3572235107421875
84,127,127,112.50509,103.0,103.0,9.505088806152344,9.505088806152344
84,128,128,112.04199,102.0,102.0,10.0419921875,10.0419921875
84,129,129,111.421524,101.0,101.0,10.421524047851562,10.421524047851562
84,130,130,102.3169,100.0,100.0,2.3169021606445312,2.3169021606445312
84,131,131,103.30519,99.0,99.0,4.3051910400390625,4.3051910400390625
84,132,132,106.24919,98.0,98.0,8.249191284179688,8.249191284179688
84,133,133,107.0229,97.0,97.0,10.022903442382812,10.022903442382812
84,134,134,110.88033,96.0,96.0,14.880332946777344,14.880332946777344
84,135,135,112.17345,95.0,95.0,17.173446655273438,17.173446655273438
84,136,136,113.06033,94.0,94.0,19.060333251953125,19.060333251953125
84,137,137,111.70979,93.0,93.0,18.709793090820312,18.709793090820312
84,138,138,112.6095,92.0,92.0,20.6094970703125,20.6094970703125
84,139,139,84.90532,91.0,91.0,-6.0946807861328125,6.0946807861328125
84,140,140,85.98173,90.0,90.0,-4.018272399902344,4.018272399902344
84,141,141,79.98263,89.0,89.0,-9.017372131347656,9.017372131347656
84,142,142,88.26205,88.0,88.0,0.26204681396484375,0.26204681396484375
84,143,143,71.22699,87.0,87.0,-15.77301025390625,15.77301025390625
84,144,144,68.697235,86.0,86.0,-17.302764892578125,17.302764892578125
84,145,145,62.46309,85.0,85.0,-22.536911010742188,22.536911010742188
84,146,146,69.501564,84.0,84.0,-14.498435974121094,14.498435974121094
84,147,147,77.3514,83.0,83.0,-5.648597717285156,5.648597717285156
84,148,148,78.940186,82.0,82.0,-3.059814453125,3.059814453125
84,149,149,75.27907,81.0,81.0,-5.7209320068359375,5.7209320068359375
84,150,150,62.060474,80.0,80.0,-17.939525604248047,17.939525604248047
84,151,151,71.06047,79.0,79.0,-7.9395294189453125,7.9395294189453125
84,152,152,69.451004,78.0,78.0,-8.548995971679688,8.548995971679688
84,153,153,69.09324,77.0,77.0,-7.906761169433594,7.906761169433594
84,154,154,62.27002,76.0,76.0,-13.72998046875,13.72998046875
84,155,155,64.95724,75.0,75.0,-10.042762756347656,10.042762756347656
84,156,156,72.33445,74.0,74.0,-1.6655502319335938,1.6655502319335938
84,157,157,80.091446,73.0,73.0,7.0914459228515625,7.0914459228515625
84,158,158,85.71202,72.0,72.0,13.712020874023438,13.712020874023438
84,159,159,70.741066,71.0,71.0,-0.25893402099609375,0.25893402099609375
84,160,160,70.923325,70.0,70.0,0.9233245849609375,0.9233245849609375
84,161,161,74.03859,69.0,69.0,5.0385894775390625,5.0385894775390625
84,162,162,68.996124,68.0,68.0,0.996124267578125,0.996124267578125
84,163,163,64.130424,67.0,67.0,-2.8695755004882812,2.8695755004882812
84,164,164,70.30634,66.0,66.0,4.306343078613281,4.306343078613281
84,165,165,72.84355,65.0,65.0,7.8435516357421875,7.8435516357421875
84,166,166,73.47862,64.0,64.0,9.478622436523438,9.478622436523438
84,167,167,67.68941,63.0,63.0,4.6894073486328125,4.6894073486328125
84,168,168,70.51045,62.0,62.0,8.510452270507812,8.510452270507812
84,169,169,65.96792,61.0,61.0,4.967918395996094,4.967918395996094
84,170,170,72.80797,60.0,60.0,12.807968139648438,12.807968139648438
84,171,171,73.20519,59.0,59.0,14.205192565917969,14.205192565917969
84,172,172,66.971054,58.0,58.0,8.971054077148438,8.971054077148438
85,1,1,125.0,151.0,125.0,0.0,0.0
85,2,2,123.23308,150.0,125.0,-1.7669219970703125,1.7669219970703125
85,3,3,123.02905,149.0,125.0,-1.970947265625,1.970947265625
85,4,4,121.42879,148.0,125.0,-3.5712127685546875,3.5712127685546875
85,5,5,112.43306,147.0,125.0,-12.566940307617188,12.566940307617188
85,6,6,92.11374,146.0,125.0,-32.886260986328125,32.886260986328125
85,7,7,72.30767,145.0,125.0,-52.69232940673828,52.69232940673828
85,8,8,63.235004,144.0,125.0,-61.76499557495117,61.76499557495117
85,9,9,57.07951,143.0,125.0,-67.92049026489258,67.92049026489258
85,10,10,47.948925,142.0,125.0,-77.05107498168945,77.05107498168945
85,11,11,72.97644,141.0,125.0,-52.0235595703125,52.0235595703125
85,12,12,74.17137,140.0,125.0,-50.82862854003906,50.82862854003906
85,13,13,72.95442,139.0,125.0,-52.04557800292969,52.04557800292969
85,14,14,81.2048,138.0,125.0,-43.795196533203125,43.795196533203125
85,15,15,71.44917,137.0,125.0,-53.55082702636719,53.55082702636719
85,16,16,76.14236,136.0,125.0,-48.857643127441406,48.857643127441406
85,17,17,69.896194,135.0,125.0,-55.10380554199219,55.10380554199219
85,18,18,69.19345,134.0,125.0,-55.806549072265625,55.806549072265625
85,19,19,66.87979,133.0,125.0,-58.120208740234375,58.120208740234375
85,20,20,68.801926,132.0,125.0,-56.19807434082031,56.19807434082031
85,21,21,74.280876,131.0,125.0,-50.71912384033203,50.71912384033203
85,22,22,87.389725,130.0,125.0,-37.61027526855469,37.61027526855469
85,23,23,98.92525,129.0,125.0,-26.074752807617188,26.074752807617188
85,24,24,103.630325,128.0,125.0,-21.369674682617188,21.369674682617188
85,25,25,106.23419,127.0,125.0,-18.76580810546875,18.76580810546875
85,26,26,110.200226,126.0,125.0,-14.799774169921875,14.799774169921875
85,27,27,112.09889,125.0,125.0,-12.901107788085938,12.901107788085938
85,28,28,112.341,124.0,124.0,-11.65899658203125,11.65899658203125
85,29,29,113.44534,123.0,123.0,-9.554656982421875,9.554656982421875
85,30,30,113.88336,122.0,122.0,-8.11663818359375,8.11663818359375
85,31,31,114.1268,121.0,121.0,-6.873199462890625,6.873199462890625
85,32,32,114.13039,120.0,120.0,-5.8696136474609375,5.8696136474609375
85,33,33,114.191315,119.0,119.0,-4.808685302734375,4.808685302734375
85,34,34,114.26608,118.0,118.0,-3.733917236328125,3.733917236328125
86,1,1,120.16694,198.0,125.0,-4.833061218261719,4.833061218261719
86,2,2,115.74641,197.0,125.0,-9.253593444824219,9.253593444824219
86,3,3,102.40938,196.0,125.0,-22.590621948242188,22.590621948242188
86,4,4,102.00924,195.0,125.0,-22.990760803222656,22.990760803222656
86,5,5,85.5783,194.0,125.0,-39.42169952392578,39.42169952392578
86,6,6,67.954285,193.0,125.0,-57.04571533203125,57.04571533203125
86,7,7,65.49377,192.0,125.0,-59.50623321533203,59.50623321533203
86,8,8,66.707016,191.0,125.0,-58.29298400878906,58.29298400878906
86,9,9,66.908936,190.0,125.0,-58.091064453125,58.091064453125
86,10,10,70.640335,189.0,125.0,-54.35966491699219,54.35966491699219
86,11,11,75.78264,188.0,125.0,-49.21736145019531,49.21736145019531
86,12,12,74.23396,187.0,125.0,-50.76603698730469,50.76603698730469
86,13,13,74.352264,186.0,125.0,-50.647735595703125,50.647735595703125
86,14,14,75.07173,185.0,125.0,-49.92826843261719,49.92826843261719
86,15,15,75.64824,184.0,125.0,-49.35176086425781,49.35176086425781
86,16,16,81.00572,183.0,125.0,-43.99427795410156,43.99427795410156
86,17,17,85.59555,182.0,125.0,-39.404449462890625,39.404449462890625
86,18,18,75.43637,181.0,125.0,-49.563629150390625,49.563629150390625
86,19,19,80.082,180.0,125.0,-44.917999267578125,44.917999267578125
86,20,20,76.39403,179.0,125.0,-48.60597229003906,48.60597229003906
86,21,21,75.08236,178.0,125.0,-49.917640686035156,49.917640686035156
86,22,22,81.41693,177.0,125.0,-43.58306884765625,43.58306884765625
86,23,23,89.48491,176.0,125.0,-35.51509094238281,35.51509094238281
86,24,24,100.85165,175.0,125.0,-24.148353576660156,24.148353576660156
86,25,25,104.71608,174.0,125.0,-20.283920288085938,20.283920288085938
86,26,26,111.07576,173.0,125.0,-13.924240112304688,13.924240112304688
86,27,27,112.07806,172.0,125.0,-12.921943664550781,12.921943664550781
86,28,28,118.89772,171.0,125.0,-6.1022796630859375,6.1022796630859375
86,29,29,119.14726,170.0,125.0,-5.8527374267578125,5.8527374267578125
86,30,30,124.31929,169.0,125.0,-0.6807098388671875,0.6807098388671875
86,31,31,123.69758,168.0,125.0,-1.3024215698242188,1.3024215698242188
86,32,32,125.0,167.0,125.0,0.0,0.0
86,33,33,125.0,166.0,125.0,0.0,0.0
86,34,34,124.96414,165.0,125.0,-0.035858154296875,0.035858154296875
86,35,35,123.13632,164.0,125.0,-1.863677978515625,1.863677978515625
86,36,36,121.003296,163.0,125.0,-3.9967041015625,3.9967041015625
86,37,37,119.00986,162.0,125.0,-5.990142822265625,5.990142822265625
86,38,38,118.9901,161.0,125.0,-6.0099029541015625,6.0099029541015625
86,39,39,119.43166,160.0,125.0,-5.568336486816406,5.568336486816406
86,40,40,122.58731,159.0,125.0,-2.412689208984375,2.412689208984375
86,41,41,122.66196,158.0,125.0,-2.338043212890625,2.338043212890625
86,42,42,121.45036,157.0,125.0,-3.5496368408203125,3.5496368408203125
86,43,43,120.69748,156.0,125.0,-4.302520751953125,4.302520751953125
86,44,44,121.53947,155.0,125.0,-3.4605331420898438,3.4605331420898438
86,45,45,122.28847,154.0,125.0,-2.7115325927734375,2.7115325927734375
86,46,46,122.979355,153.0,125.0,-2.0206451416015625,2.0206451416015625
86,47,47,123.752335,152.0,125.0,-1.2476654052734375,1.2476654052734375
86,48,48,121.369125,151.0,125.0,-3.6308746337890625,3.6308746337890625
86,49,49,121.35126,150.0,125.0,-3.64874267578125,3.64874267578125
86,50,50,117.38977,149.0,125.0,-7.6102294921875,7.6102294921875
86,51,51,116.49407,148.0,125.0,-8.505928039550781,8.505928039550781
86,52,52,118.13489,147.0,125.0,-6.8651123046875,6.8651123046875
86,53,53,115.765526,146.0,125.0,-9.234474182128906,9.234474182128906
86,54,54,116.71772,145.0,125.0,-8.282279968261719,8.282279968261719
86,55,55,113.26228,144.0,125.0,-11.737716674804688,11.737716674804688
86,56,56,113.607254,143.0,125.0,-11.392745971679688,11.392745971679688
86,57,57,113.55614,142.0,125.0,-11.443862915039062,11.443862915039062
86,58,58,107.26083,141.0,125.0,-17.739166259765625,17.739166259765625
86,59,59,101.18817,140.0,125.0,-23.81182861328125,23.81182861328125
86,60,60,111.63153,139.0,125.0,-13.36846923828125,13.36846923828125
86,61,61,108.147705,138.0,125.0,-16.852294921875,16.852294921875
86,62,62,115.3916,137.0,125.0,-9.6083984375,9.6083984375
86,63,63,119.83241,136.0,125.0,-5.1675872802734375,5.1675872802734375
86,64,64,120.03023,135.0,125.0,-4.9697723388671875,4.9697723388671875
86,65,65,116.55629,134.0,125.0,-8.443710327148438,8.443710327148438
86,66,66,114.43423,133.0,125.0,-10.565773010253906,10.565773010253906
86,67,67,117.21509,132.0,125.0,-7.784912109375,7.784912109375
86,68,68,122.571815,131.0,125.0,-2.4281845092773438,2.4281845092773438
86,69,69,118.10266,130.0,125.0,-6.8973388671875,6.8973388671875
86,70,70,121.00716,129.0,125.0,-3.9928436279296875,3.9928436279296875
86,71,71,123.107605,128.0,125.0,-1.89239501953125,1.89239501953125
86,72,72,117.26499,127.0,125.0,-7.735008239746094,7.735008239746094
86,73,73,114.8812,126.0,125.0,-10.118797302246094,10.118797302246094
86,74,74,117.319336,125.0,125.0,-7.6806640625,7.6806640625
86,75,75,117.65075,124.0,124.0,-6.349250793457031,6.349250793457031
86,76,76,118.97058,123.0,123.0,-4.0294189453125,4.0294189453125
86,77,77,121.62469,122.0,122.0,-0.37531280517578125,0.37531280517578125
86,78,78,122.71511,121.0,121.0,1.7151107788085938,1.7151107788085938
86,79,79,120.81081,120.0,120.0,0.8108062744140625,0.8108062744140625
86,80,80,119.48915,119.0,119.0,0.4891510009765625,0.4891510009765625
86,81,81,120.11962,118.0,118.0,2.1196212768554688,2.1196212768554688
86,82,82,120.81749,117.0,117.0,3.8174896240234375,3.8174896240234375
86,83,83,121.915215,116.0,116.0,5.915214538574219,5.915214538574219
86,84,84,120.82402,115.0,115.0,5.8240203857421875,5.8240203857421875
86,85,85,121.01465,114.0,114.0,7.0146484375,7.0146484375
86,86,86,116.41309,113.0,113.0,3.4130935668945312,3.4130935668945312
86,87,87,114.91387,112.0,112.0,2.9138717651367188,2.9138717651367188
86,88,88,99.70273,111.0,111.0,-11.297271728515625,11.297271728515625
86,89,89,94.73781,110.0,110.0,-15.262191772460938,15.262191772460938
86,90,90,94.91142,109.0,109.0,-14.088577270507812,14.088577270507812
86,91,91,98.643875,108.0,108.0,-9.356124877929688,9.356124877929688
86,92,92,91.643394,107.0,107.0,-15.356605529785156,15.356605529785156
86,93,93,106.86676,106.0,106.0,0.86676025390625,0.86676025390625
86,94,94,106.18312,105.0,105.0,1.1831207275390625,1.1831207275390625
86,95,95,110.14189,104.0,104.0,6.1418914794921875,6.1418914794921875
86,96,96,112.717995,103.0,103.0,9.717994689941406,9.717994689941406
86,97,97,115.09242,102.0,102.0,13.092422485351562,13.092422485351562
86,98,98,123.869965,101.0,101.0,22.869964599609375,22.869964599609375
86,99,99,120.728004,100.0,100.0,20.728004455566406,20.728004455566406
86,100,100,123.77998,99.0,99.0,24.779983520507812,24.779983520507812
86,101,101,121.64675,98.0,98.0,23.646751403808594,23.646751403808594
86,102,102,121.93965,97.0,97.0,24.939651489257812,24.939651489257812
86,103,103,122.23245,96.0,96.0,26.232452392578125,26.232452392578125
86,104,104,119.587814,95.0,95.0,24.587814331054688,24.587814331054688
86,105,105,113.94379,94.0,94.0,19.94378662109375,19.94378662109375
86,106,106,114.406906,93.0,93.0,21.406906127929688,21.406906127929688
86,107,107,116.40024,92.0,92.0,24.400238037109375,24.400238037109375
86,108,108,120.03966,91.0,91.0,29.039657592773438,29.039657592773438
86,109,109,120.67439,90.0,90.0,30.674392700195312,30.674392700195312
86,110,110,115.92168,89.0,89.0,26.921676635742188,26.921676635742188
87,1,1,122.27059,171.0,125.0,-2.7294082641601562,2.7294082641601562
87,2,2,122.42804,170.0,125.0,-2.57196044921875,2.57196044921875
87,3,3,122.59505,169.0,125.0,-2.4049530029296875,2.4049530029296875
87,4,4,122.750046,168.0,125.0,-2.2499542236328125,2.2499542236328125
87,5,5,122.64856,167.0,125.0,-2.3514404296875,2.3514404296875
87,6,6,122.66174,166.0,125.0,-2.3382568359375,2.3382568359375
87,7,7,122.89348,165.0,125.0,-2.1065216064453125,2.1065216064453125
87,8,8,122.99936,164.0,125.0,-2.000640869140625,2.000640869140625
87,9,9,123.10213,163.0,125.0,-1.8978729248046875,1.8978729248046875
87,10,10,123.09776,162.0,125.0,-1.9022369384765625,1.9022369384765625
87,11,11,122.59521,161.0,125.0,-2.4047927856445312,2.4047927856445312
87,12,12,122.60492,160.0,125.0,-2.39508056640625,2.39508056640625
87,13,13,122.80367,159.0,125.0,-2.1963272094726562,2.1963272094726562
87,14,14,122.3073,158.0,125.0,-2.6927032470703125,2.6927032470703125
87,15,15,122.57222,157.0,125.0,-2.4277801513671875,2.4277801513671875
87,16,16,122.34674,156.0,125.0,-2.65325927734375,2.65325927734375
87,17,17,120.40264,155.0,125.0,-4.597358703613281,4.597358703613281
87,18,18,120.50798,154.0,125.0,-4.4920196533203125,4.4920196533203125
87,19,19,121.95499,153.0,125.0,-3.045013427734375,3.045013427734375
87,20,20,121.989746,152.0,125.0,-3.01025390625,3.01025390625
87,21,21,122.55361,151.0,125.0,-2.4463882446289062,2.4463882446289062
87,22,22,122.30617,150.0,125.0,-2.6938323974609375,2.6938323974609375
87,23,23,122.06425,149.0,125.0,-2.9357528686523438,2.9357528686523438
87,24,24,121.44946,148.0,125.0,-3.550537109375,3.550537109375
87,25,25,122.35269,147.0,125.0,-2.647308349609375,2.647308349609375
87,26,26,122.356606,146.0,125.0,-2.6433944702148438,2.6433944702148438
87,27,27,121.91527,145.0,125.0,-3.0847320556640625,3.0847320556640625
87,28,28,121.053444,144.0,125.0,-3.9465560913085938,3.9465560913085938
87,29,29,121.68315,143.0,125.0,-3.3168487548828125,3.3168487548828125
87,30,30,121.70071,142.0,125.0,-3.2992935180664062,3.2992935180664062
87,31,31,120.77351,141.0,125.0,-4.2264862060546875,4.2264862060546875
87,32,32,121.83539,140.0,125.0,-3.16461181640625,3.16461181640625
87,33,33,121.96003,139.0,125.0,-3.0399703979492188,3.0399703979492188
87,34,34,121.707054,138.0,125.0,-3.2929458618164062,3.2929458618164062
87,35,35,122.44084,137.0,125.0,-2.5591583251953125,2.5591583251953125
87,36,36,121.42801,136.0,125.0,-3.571990966796875,3.571990966796875
87,37,37,122.08337,135.0,125.0,-2.9166336059570312,2.9166336059570312
87,38,38,122.50042,134.0,125.0,-2.4995803833007812,2.4995803833007812
87,39,39,123.244125,133.0,125.0,-1.7558746337890625,1.7558746337890625
87,40,40,123.55263,132.0,125.0,-1.4473724365234375,1.4473724365234375
87,41,41,122.50805,131.0,125.0,-2.4919509887695312,2.4919509887695312
87,42,42,122.38966,130.0,125.0,-2.6103363037109375,2.6103363037109375
87,43,43,121.80607,129.0,125.0,-3.1939315795898438,3.1939315795898438
87,44,44,121.10239,128.0,125.0,-3.897613525390625,3.897613525390625
87,45,45,122.15758,127.0,125.0,-2.8424224853515625,2.8424224853515625
87,46,46,122.8069,126.0,125.0,-2.1930999755859375,2.1930999755859375
87,47,47,120.38646,125.0,125.0,-4.6135406494140625,4.6135406494140625
87,48,48,118.3853,124.0,124.0,-5.6147003173828125,5.6147003173828125
87,49,49,119.051125,123.0,123.0,-3.9488754272460938,3.9488754272460938
87,50,50,119.00765,122.0,122.0,-2.9923477172851562,2.9923477172851562
87,51,51,119.805466,121.0,121.0,-1.1945343017578125,1.1945343017578125
87,52,52,121.63419,120.0,120.0,1.6341934204101562,1.6341934204101562
87,53,53,121.52098,119.0,119.0,2.5209808349609375,2.5209808349609375
87,54,54,119.24478,118.0,118.0,1.244781494140625,1.244781494140625
87,55,55,120.52614,117.0,117.0,3.5261383056640625,3.5261383056640625
87,56,56,119.25319,116.0,116.0,3.2531890869140625,3.2531890869140625
88,1,1,113.74205,182.0,125.0,-11.257949829101562,11.257949829101562
88,2,2,113.07126,181.0,125.0,-11.928741455078125,11.928741455078125
88,3,3,99.44879,180.0,125.0,-25.55120849609375,25.55120849609375
88,4,4,89.05995,179.0,125.0,-35.94004821777344,35.94004821777344
88,5,5,85.74465,178.0,125.0,-39.255348205566406,39.255348205566406
88,6,6,73.43686,177.0,125.0,-51.563140869140625,51.563140869140625
88,7,7,67.84503,176.0,125.0,-57.15496826171875,57.15496826171875
88,8,8,64.62901,175.0,125.0,-60.37098693847656,60.37098693847656
88,9,9,63.70953,174.0,125.0,-61.290470123291016,61.290470123291016
88,10,10,56.427807,173.0,125.0,-68.57219314575195,68.57219314575195
88,11,11,58.483295,172.0,125.0,-66.51670455932617,66.51670455932617
88,12,12,62.526,171.0,125.0,-62.4739990234375,62.4739990234375
88,13,13,74.93925,170.0,125.0,-50.060752868652344,50.060752868652344
88,14,14,92.13066,169.0,125.0,-32.86933898925781,32.86933898925781
88,15,15,90.210175,168.0,125.0,-34.789825439453125,34.789825439453125
88,16,16,88.496735,167.0,125.0,-36.503265380859375,36.503265380859375
88,17,17,93.97109,166.0,125.0,-31.028907775878906,31.028907775878906
88,18,18,97.980576,165.0,125.0,-27.019424438476562,27.019424438476562
88,19,19,104.901276,164.0,125.0,-20.098724365234375,20.098724365234375
88,20,20,107.75609,163.0,125.0,-17.243911743164062,17.243911743164062
88,21,21,108.567215,162.0,125.0,-16.432785034179688,16.432785034179688
88,22,22,110.40666,161.0,125.0,-14.593338012695312,14.593338012695312
88,23,23,111.39702,160.0,125.0,-13.602981567382812,13.602981567382812
88,24,24,112.13083,159.0,125.0,-12.869171142578125,12.869171142578125
88,25,25,112.84877,158.0,125.0,-12.151229858398438,12.151229858398438
88,26,26,113.15712,157.0,125.0,-11.842880249023438,11.842880249023438
88,27,27,113.60176,156.0,125.0,-11.398239135742188,11.398239135742188
88,28,28,113.89637,155.0,125.0,-11.103630065917969,11.103630065917969
88,29,29,113.91107,154.0,125.0,-11.08892822265625,11.08892822265625
88,30,30,114.06694,153.0,125.0,-10.933059692382812,10.933059692382812
88,31,31,114.026665,152.0,125.0,-10.973335266113281,10.973335266113281
88,32,32,113.92188,151.0,125.0,-11.078117370605469,11.078117370605469
88,33,33,113.04652,150.0,125.0,-11.953483581542969,11.953483581542969
88,34,34,113.20889,149.0,125.0,-11.791107177734375,11.791107177734375
88,35,35,112.548195,148.0,125.0,-12.451805114746094,12.451805114746094
88,36,36,111.45144,147.0,125.0,-13.548561096191406,13.548561096191406
88,37,37,112.492836,146.0,125.0,-12.507164001464844,12.507164001464844
88,38,38,112.10826,145.0,125.0,-12.891738891601562,12.891738891601562
88,39,39,104.743034,144.0,125.0,-20.25696563720703,20.25696563720703
88,40,40,90.47943,143.0,125.0,-34.52056884765625,34.52056884765625
88,41,41,81.33923,142.0,125.0,-43.6607666015625,43.6607666015625
88,42,42,76.65213,141.0,125.0,-48.347869873046875,48.347869873046875
88,43,43,95.671684,140.0,125.0,-29.32831573486328,29.32831573486328
88,44,44,108.3207,139.0,125.0,-16.679298400878906,16.679298400878906
88,45,45,106.96831,138.0,125.0,-18.031692504882812,18.031692504882812
88,46,46,104.875595,137.0,125.0,-20.124404907226562,20.124404907226562
88,47,47,99.20432,136.0,125.0,-25.795677185058594,25.795677185058594
88,48,48,93.18247,135.0,125.0,-31.817527770996094,31.817527770996094
88,49,49,100.30273,134.0,125.0,-24.69727325439453,24.69727325439453
88,50,50,101.59371,133.0,125.0,-23.406288146972656,23.406288146972656
88,51,51,101.82524,132.0,125.0,-23.174758911132812,23.174758911132812
88,52,52,109.50917,131.0,125.0,-15.490829467773438,15.490829467773438
88,53,53,110.60632,130.0,125.0,-14.3936767578125,14.3936767578125
88,54,54,109.94495,129.0,125.0,-15.0550537109375,15.0550537109375
88,55,55,110.23605,128.0,125.0,-14.763946533203125,14.763946533203125
88,56,56,110.17461,127.0,125.0,-14.825393676757812,14.825393676757812
88,57,57,112.0256,126.0,125.0,-12.974403381347656,12.974403381347656
88,58,58,111.1498,125.0,125.0,-13.850196838378906,13.850196838378906
88,59,59,110.8443,124.0,124.0,-13.15570068359375,13.15570068359375
88,60,60,111.62468,123.0,123.0,-11.375320434570312,11.375320434570312
88,61,61,111.25052,122.0,122.0,-10.749481201171875,10.749481201171875
88,62,62,111.32184,121.0,121.0,-9.67816162109375,9.67816162109375
88,63,63,111.335655,120.0,120.0,-8.664344787597656,8.664344787597656
88,64,64,110.81962,119.0,119.0,-8.180381774902344,8.180381774902344
88,65,65,111.27132,118.0,118.0,-6.7286834716796875,6.7286834716796875
88,66,66,110.58419,117.0,117.0,-6.415809631347656,6.415809631347656
88,67,67,110.94731,116.0,116.0,-5.0526885986328125,5.0526885986328125
88,68,68,111.22179,115.0,115.0,-3.7782135009765625,3.7782135009765625
89,1,1,114.06032,312.0,125.0,-10.939682006835938,10.939682006835938
89,2,2,114.07588,311.0,125.0,-10.924118041992188,10.924118041992188
89,3,3,114.143814,310.0,125.0,-10.856185913085938,10.856185913085938
89,4,4,114.174576,309.0,125.0,-10.825424194335938,10.825424194335938
89,5,5,114.17479,308.0,125.0,-10.825210571289062,10.825210571289062
89,6,6,114.209724,307.0,125.0,-10.790275573730469,10.790275573730469
89,7,7,114.25302,306.0,125.0,-10.746978759765625,10.746978759765625
89,8,8,114.27133,305.0,125.0,-10.728668212890625,10.728668212890625
89,9,9,114.25051,304.0,125.0,-10.749488830566406,10.749488830566406
89,10,10,114.14523,303.0,125.0,-10.854766845703125,10.854766845703125
89,11,11,114.197395,302.0,125.0,-10.802604675292969,10.802604675292969
89,12,12,114.20642,301.0,125.0,-10.7935791015625,10.7935791015625
89,13,13,114.17422,300.0,125.0,-10.825782775878906,10.825782775878906
89,14,14,114.083176,299.0,125.0,-10.916824340820312,10.916824340820312
89,15,15,114.14045,298.0,125.0,-10.859550476074219,10.859550476074219
89,16,16,114.24194,297.0,125.0,-10.758056640625,10.758056640625
89,17,17,114.29811,296.0,125.0,-10.701889038085938,10.701889038085938
89,18,18,114.31711,295.0,125.0,-10.682891845703125,10.682891845703125
89,19,19,114.24423,294.0,125.0,-10.755767822265625,10.755767822265625
89,20,20,114.157715,293.0,125.0,-10.84228515625,10.84228515625
89,21,21,114.03756,292.0,125.0,-10.962440490722656,10.962440490722656
89,22,22,114.1098,291.0,125.0,-10.89019775390625,10.89019775390625
89,23,23,114.14133,290.0,125.0,-10.858673095703125,10.858673095703125
89,24,24,114.142715,289.0,125.0,-10.857284545898438,10.857284545898438
89,25,25,114.17887,288.0,125.0,-10.821128845214844,10.821128845214844
89,26,26,114.19918,287.0,125.0,-10.800819396972656,10.800819396972656
89,27,27,114.209305,286.0,125.0,-10.790695190429688,10.790695190429688
89,28,28,114.1243,285.0,125.0,-10.875701904296875,10.875701904296875
89,29,29,114.08743,284.0,125.0,-10.912567138671875,10.912567138671875
89,30,30,113.965416,283.0,125.0,-11.034584045410156,11.034584045410156
89,31,31,113.68064,282.0,125.0,-11.319358825683594,11.319358825683594
89,32,32,113.85402,281.0,125.0,-11.145980834960938,11.145980834960938
89,33,33,113.83661,280.0,125.0,-11.16339111328125,11.16339111328125
89,34,34,113.09617,279.0,125.0,-11.903831481933594,11.903831481933594
89,35,35,113.61847,278.0,125.0,-11.38153076171875,11.38153076171875
89,36,36,113.26923,277.0,125.0,-11.730766296386719,11.730766296386719
89,37,37,119.56051,276.0,125.0,-5.439491271972656,5.439491271972656
89,38,38,121.14549,275.0,125.0,-3.8545074462890625,3.8545074462890625
89,39,39,122.15776,274.0,125.0,-2.8422393798828125,2.8422393798828125
89,40,40,120.80094,273.0,125.0,-4.199058532714844,4.199058532714844
89,41,41,121.32934,272.0,125.0,-3.6706619262695312,3.6706619262695312
89,42,42,123.280334,271.0,125.0,-1.71966552734375,1.71966552734375
89,43,43,122.18985,270.0,125.0,-2.810150146484375,2.810150146484375
89,44,44,119.07199,269.0,125.0,-5.928009033203125,5.928009033203125
89,45,45,120.05337,268.0,125.0,-4.946632385253906,4.946632385253906
89,46,46,123.07193,267.0,125.0,-1.928070068359375,1.928070068359375
89,47,47,118.23364,266.0,125.0,-6.766357421875,6.766357421875
89,48,48,119.956406,265.0,125.0,-5.0435943603515625,5.0435943603515625
89,49,49,119.03702,264.0,125.0,-5.962982177734375,5.962982177734375
89,50,50,120.2538,263.0,125.0,-4.7462005615234375,4.7462005615234375
89,51,51,120.879456,262.0,125.0,-4.12054443359375,4.12054443359375
89,52,52,105.52376,261.0,125.0,-19.476242065429688,19.476242065429688
89,53,53,113.515945,260.0,125.0,-11.484054565429688,11.484054565429688
89,54,54,112.44891,259.0,125.0,-12.55108642578125,12.55108642578125
89,55,55,113.64936,258.0,125.0,-11.350639343261719,11.350639343261719
89,56,56,113.34089,257.0,125.0,-11.659111022949219,11.659111022949219
89,57,57,99.44955,256.0,125.0,-25.550453186035156,25.550453186035156
89,58,58,112.94397,255.0,125.0,-12.0560302734375,12.0560302734375
89,59,59,113.90092,254.0,125.0,-11.099082946777344,11.099082946777344
89,60,60,113.69501,253.0,125.0,-11.30499267578125,11.30499267578125
89,61,61,113.29111,252.0,125.0,-11.708892822265625,11.708892822265625
89,62,62,61.46833,251.0,125.0,-63.53166961669922,63.53166961669922
89,63,63,107.69657,250.0,125.0,-17.303428649902344,17.303428649902344
89,64,64,112.54135,249.0,125.0,-12.458648681640625,12.458648681640625
89,65,65,109.0036,248.0,125.0,-15.99639892578125,15.99639892578125
89,66,66,95.61304,247.0,125.0,-29.386962890625,29.386962890625
89,67,67,101.70641,246.0,125.0,-23.29358673095703,23.29358673095703
89,68,68,109.17344,245.0,125.0,-15.826560974121094,15.826560974121094
89,69,69,109.06455,244.0,125.0,-15.935447692871094,15.935447692871094
89,70,70,109.314476,243.0,125.0,-15.685523986816406,15.685523986816406
89,71,71,110.754776,242.0,125.0,-14.245223999023438,14.245223999023438
89,72,72,111.4239,241.0,125.0,-13.576103210449219,13.576103210449219
89,73,73,112.80265,240.0,125.0,-12.197349548339844,12.197349548339844
89,74,74,113.50307,239.0,125.0,-11.496932983398438,11.496932983398438
89,75,75,113.78082,238.0,125.0,-11.21917724609375,11.21917724609375
89,76,76,113.95351,237.0,125.0,-11.046493530273438,11.046493530273438
89,77,77,113.79602,236.0,125.0,-11.2039794921875,11.2039794921875
89,78,78,113.941055,235.0,125.0,-11.058944702148438,11.058944702148438
89,79,79,114.03798,234.0,125.0,-10.962020874023438,10.962020874023438
89,80,80,113.864395,233.0,125.0,-11.135604858398438,11.135604858398438
89,81,81,114.06935,232.0,125.0,-10.930648803710938,10.930648803710938
89,82,82,114.1623,231.0,125.0,-10.837699890136719,10.837699890136719
89,83,83,113.850815,230.0,125.0,-11.149185180664062,11.149185180664062
89,84,84,113.56796,229.0,125.0,-11.432037353515625,11.432037353515625
89,85,85,113.86943,228.0,125.0,-11.130569458007812,11.130569458007812
89,86,86,113.62618,227.0,125.0,-11.373817443847656,11.373817443847656
89,87,87,113.77902,226.0,125.0,-11.220977783203125,11.220977783203125
89,88,88,113.83118,225.0,125.0,-11.1688232421875,11.1688232421875
89,89,89,113.80685,224.0,125.0,-11.193153381347656,11.193153381347656
89,90,90,113.98986,223.0,125.0,-11.010139465332031,11.010139465332031
89,91,91,114.079865,222.0,125.0,-10.920135498046875,10.920135498046875
89,92,92,114.216415,221.0,125.0,-10.783584594726562,10.783584594726562
89,93,93,114.27701,220.0,125.0,-10.722991943359375,10.722991943359375
89,94,94,114.04465,219.0,125.0,-10.955352783203125,10.955352783203125
89,95,95,113.448395,218.0,125.0,-11.551605224609375,11.551605224609375
89,96,96,111.590866,217.0,125.0,-13.409133911132812,13.409133911132812
89,97,97,112.69175,216.0,125.0,-12.308250427246094,12.308250427246094
89,98,98,113.338295,215.0,125.0,-11.661705017089844,11.661705017089844
89,99,99,112.70099,214.0,125.0,-12.29901123046875,12.29901123046875
89,100,100,112.665955,213.0,125.0,-12.33404541015625,12.33404541015625
89,101,101,113.342606,212.0,125.0,-11.657394409179688,11.657394409179688
89,102,102,113.64763,211.0,125.0,-11.352371215820312,11.352371215820312
89,103,103,113.66791,210.0,125.0,-11.33209228515625,11.33209228515625
89,104,104,113.71877,209.0,125.0,-11.281227111816406,11.281227111816406
89,105,105,114.05728,208.0,125.0,-10.942718505859375,10.942718505859375
89,106,106,113.9314,207.0,125.0,-11.068603515625,11.068603515625
89,107,107,114.03625,206.0,125.0,-10.963752746582031,10.963752746582031
89,108,108,114.17198,205.0,125.0,-10.828018188476562,10.828018188476562
89,109,109,114.19977,204.0,125.0,-10.80023193359375,10.80023193359375
89,110,110,113.92484,203.0,125.0,-11.075157165527344,11.075157165527344
89,111,111,113.99315,202.0,125.0,-11.006851196289062,11.006851196289062
89,112,112,113.98704,201.0,125.0,-11.012962341308594,11.012962341308594
89,113,113,113.985825,200.0,125.0,-11.014175415039062,11.014175415039062
89,114,114,114.11789,199.0,125.0,-10.882110595703125,10.882110595703125
89,115,115,114.08381,198.0,125.0,-10.916191101074219,10.916191101074219
89,116,116,113.64597,197.0,125.0,-11.354026794433594,11.354026794433594
89,117,117,113.807274,196.0,125.0,-11.192726135253906,11.192726135253906
89,118,118,113.91263,195.0,125.0,-11.087371826171875,11.087371826171875
89,119,119,113.159424,194.0,125.0,-11.840576171875,11.840576171875
89,120,120,112.332214,193.0,125.0,-12.66778564453125,12.66778564453125
89,121,121,113.3913,192.0,125.0,-11.60870361328125,11.60870361328125
89,122,122,113.56186,191.0,125.0,-11.438140869140625,11.438140869140625
89,123,123,113.88789,190.0,125.0,-11.112106323242188,11.112106323242188
89,124,124,114.06541,189.0,125.0,-10.934593200683594,10.934593200683594
89,125,125,113.359604,188.0,125.0,-11.640396118164062,11.640396118164062
89,126,126,113.25746,187.0,125.0,-11.742538452148438,11.742538452148438
89,127,127,113.690346,186.0,125.0,-11.309654235839844,11.309654235839844
89,128,128,114.056404,185.0,125.0,-10.943595886230469,10.943595886230469
89,129,129,113.94154,184.0,125.0,-11.058456420898438,11.058456420898438
89,130,130,113.4671,183.0,125.0,-11.53289794921875,11.53289794921875
89,131,131,113.54312,182.0,125.0,-11.456878662109375,11.456878662109375
89,132,132,112.58175,181.0,125.0,-12.418251037597656,12.418251037597656
89,133,133,113.19485,180.0,125.0,-11.805152893066406,11.805152893066406
89,134,134,113.3204,179.0,125.0,-11.679603576660156,11.679603576660156
89,135,135,113.84749,178.0,125.0,-11.152511596679688,11.152511596679688
89,136,136,113.92232,177.0,125.0,-11.077682495117188,11.077682495117188
89,137,137,114.03746,176.0,125.0,-10.962539672851562,10.962539672851562
89,138,138,113.84503,175.0,125.0,-11.15496826171875,11.15496826171875
89,139,139,113.85365,174.0,125.0,-11.146347045898438,11.146347045898438
89,140,140,113.74425,173.0,125.0,-11.255752563476562,11.255752563476562
89,141,141,113.71971,172.0,125.0,-11.280288696289062,11.280288696289062
89,142,142,113.96395,171.0,125.0,-11.036048889160156,11.036048889160156
89,143,143,114.06799,170.0,125.0,-10.9320068359375,10.9320068359375
89,144,144,113.98547,169.0,125.0,-11.0145263671875,11.0145263671875
89,145,145,113.77658,168.0,125.0,-11.223419189453125,11.223419189453125
89,146,146,113.54232,167.0,125.0,-11.457679748535156,11.457679748535156
89,147,147,113.87767,166.0,125.0,-11.122329711914062,11.122329711914062
89,148,148,113.88199,165.0,125.0,-11.118011474609375,11.118011474609375
89,149,149,113.96235,164.0,125.0,-11.037651062011719,11.037651062011719
89,150,150,113.41054,163.0,125.0,-11.589462280273438,11.589462280273438
89,151,151,113.3355,162.0,125.0,-11.664497375488281,11.664497375488281
89,152,152,113.434006,161.0,125.0,-11.565994262695312,11.565994262695312
89,153,153,113.53856,160.0,125.0,-11.461441040039062,11.461441040039062
89,154,154,113.67836,159.0,125.0,-11.321640014648438,11.321640014648438
89,155,155,113.34625,158.0,125.0,-11.65374755859375,11.65374755859375
89,156,156,113.59789,157.0,125.0,-11.402107238769531,11.402107238769531
89,157,157,113.79554,156.0,125.0,-11.204460144042969,11.204460144042969
89,158,158,113.71094,155.0,125.0,-11.2890625,11.2890625
89,159,159,113.76775,154.0,125.0,-11.232246398925781,11.232246398925781
89,160,160,113.86471,153.0,125.0,-11.135292053222656,11.135292053222656
89,161,161,114.080055,152.0,125.0,-10.919944763183594,10.919944763183594
89,162,162,114.09718,151.0,125.0,-10.902816772460938,10.902816772460938
89,163,163,113.876526,150.0,125.0,-11.12347412109375,11.12347412109375
89,164,164,113.83315,149.0,125.0,-11.166847229003906,11.166847229003906
89,165,165,113.63344,148.0,125.0,-11.366561889648438,11.366561889648438
89,166,166,113.77152,147.0,125.0,-11.228477478027344,11.228477478027344
89,167,167,113.856476,146.0,125.0,-11.143524169921875,11.143524169921875
89,168,168,113.73134,145.0,125.0,-11.268661499023438,11.268661499023438
89,169,169,110.4998,144.0,125.0,-14.500198364257812,14.500198364257812
89,170,170,112.47655,143.0,125.0,-12.523452758789062,12.523452758789062
89,171,171,112.79236,142.0,125.0,-12.2076416015625,12.2076416015625
89,172,172,113.361565,141.0,125.0,-11.638435363769531,11.638435363769531
89,173,173,113.01913,140.0,125.0,-11.980873107910156,11.980873107910156
89,174,174,112.87368,139.0,125.0,-12.126319885253906,12.126319885253906
89,175,175,112.5461,138.0,125.0,-12.453903198242188,12.453903198242188
89,176,176,113.06218,137.0,125.0,-11.937820434570312,11.937820434570312
89,177,177,113.24616,136.0,125.0,-11.753837585449219,11.753837585449219
90,1,1,118.23972,173.0,125.0,-6.760276794433594,6.760276794433594
90,2,2,117.858536,172.0,125.0,-7.1414642333984375,7.1414642333984375
90,3,3,118.54045,171.0,125.0,-6.4595489501953125,6.4595489501953125
90,4,4,118.53482,170.0,125.0,-6.465179443359375,6.465179443359375
90,5,5,121.94046,169.0,125.0,-3.059539794921875,3.059539794921875
90,6,6,122.98055,168.0,125.0,-2.0194473266601562,2.0194473266601562
90,7,7,122.8235,167.0,125.0,-2.1764984130859375,2.1764984130859375
90,8,8,121.54184,166.0,125.0,-3.458160400390625,3.458160400390625
90,9,9,123.034256,165.0,125.0,-1.9657440185546875,1.9657440185546875
90,10,10,123.37878,164.0,125.0,-1.6212234497070312,1.6212234497070312
90,11,11,124.30033,163.0,125.0,-0.6996688842773438,0.6996688842773438
90,12,12,125.0,162.0,125.0,0.0,0.0
90,13,13,125.0,161.0,125.0,0.0,0.0
90,14,14,125.0,160.0,125.0,0.0,0.0
90,15,15,122.705666,159.0,125.0,-2.2943344116210938,2.2943344116210938
90,16,16,125.0,158.0,125.0,0.0,0.0
90,17,17,124.112114,157.0,125.0,-0.8878860473632812,0.8878860473632812
90,18,18,124.9645,156.0,125.0,-0.03549957275390625,0.03549957275390625
90,19,19,123.916664,155.0,125.0,-1.0833358764648438,1.0833358764648438
90,20,20,124.15562,154.0,125.0,-0.8443832397460938,0.8443832397460938
90,21,21,124.48239,153.0,125.0,-0.517608642578125,0.517608642578125
90,22,22,124.50852,152.0,125.0,-0.49147796630859375,0.49147796630859375
90,23,23,124.30825,151.0,125.0,-0.6917495727539062,0.6917495727539062
90,24,24,123.92607,150.0,125.0,-1.0739288330078125,1.0739288330078125
90,25,25,123.66225,149.0,125.0,-1.3377532958984375,1.3377532958984375
90,26,26,124.44507,148.0,125.0,-0.554931640625,0.554931640625
90,27,27,124.57465,147.0,125.0,-0.42534637451171875,0.42534637451171875
90,28,28,125.0,146.0,125.0,0.0,0.0
90,29,29,125.0,145.0,125.0,0.0,0.0
90,30,30,125.0,144.0,125.0,0.0,0.0
90,31,31,122.86295,143.0,125.0,-2.1370468139648438,2.1370468139648438
90,32,32,124.630844,142.0,125.0,-0.3691558837890625,0.3691558837890625
90,33,33,125.0,141.0,125.0,0.0,0.0
90,34,34,124.36247,140.0,125.0,-0.6375274658203125,0.6375274658203125
90,35,35,125.0,139.0,125.0,0.0,0.0
90,36,36,125.0,138.0,125.0,0.0,0.0
90,37,37,125.0,137.0,125.0,0.0,0.0
90,38,38,125.0,136.0,125.0,0.0,0.0
90,39,39,125.0,135.0,125.0,0.0,0.0
90,40,40,125.0,134.0,125.0,0.0,0.0
90,41,41,125.0,133.0,125.0,0.0,0.0
90,42,42,125.0,132.0,125.0,0.0,0.0
90,43,43,125.0,131.0,125.0,0.0,0.0
90,44,44,123.48891,130.0,125.0,-1.5110931396484375,1.5110931396484375
90,45,45,124.00761,129.0,125.0,-0.9923934936523438,0.9923934936523438
90,46,46,124.03586,128.0,125.0,-0.964141845703125,0.964141845703125
90,47,47,124.042816,127.0,125.0,-0.957183837890625,0.957183837890625
90,48,48,121.8025,126.0,125.0,-3.1975021362304688,3.1975021362304688
90,49,49,122.27994,125.0,125.0,-2.720062255859375,2.720062255859375
90,50,50,122.26391,124.0,124.0,-1.7360916137695312,1.7360916137695312
90,51,51,123.49751,123.0,123.0,0.4975128173828125,0.4975128173828125
90,52,52,122.41002,122.0,122.0,0.4100189208984375,0.4100189208984375
90,53,53,122.60733,121.0,121.0,1.607330322265625,1.607330322265625
90,54,54,119.57704,120.0,120.0,-0.4229583740234375,0.4229583740234375
90,55,55,111.68143,119.0,119.0,-7.318572998046875,7.318572998046875
90,56,56,106.08171,118.0,118.0,-11.918289184570312,11.918289184570312
90,57,57,107.623695,117.0,117.0,-9.376304626464844,9.376304626464844
90,58,58,108.71853,116.0,116.0,-7.281471252441406,7.281471252441406
90,59,59,113.33142,115.0,115.0,-1.6685791015625,1.6685791015625
90,60,60,115.987,114.0,114.0,1.98699951171875,1.98699951171875
90,61,61,105.206375,113.0,113.0,-7.7936248779296875,7.7936248779296875
90,62,62,102.17662,112.0,112.0,-9.823379516601562,9.823379516601562
90,63,63,91.50756,111.0,111.0,-19.49243927001953,19.49243927001953
90,64,64,84.44267,110.0,110.0,-25.557327270507812,25.557327270507812
90,65,65,93.5725,109.0,109.0,-15.427497863769531,15.427497863769531
90,66,66,107.49785,108.0,108.0,-0.5021514892578125,0.5021514892578125
90,67,67,104.39905,107.0,107.0,-2.6009521484375,2.6009521484375
90,68,68,111.19686,106.0,106.0,5.196861267089844,5.196861267089844
90,69,69,113.19426,105.0,105.0,8.194259643554688,8.194259643554688
90,70,70,119.27288,104.0,104.0,15.272880554199219,15.272880554199219
90,71,71,112.584236,103.0,103.0,9.584236145019531,9.584236145019531
90,72,72,108.50801,102.0,102.0,6.5080108642578125,6.5080108642578125
90,73,73,109.919556,101.0,101.0,8.9195556640625,8.9195556640625
90,74,74,104.15724,100.0,100.0,4.1572418212890625,4.1572418212890625
90,75,75,115.46202,99.0,99.0,16.462020874023438,16.462020874023438
90,76,76,103.2872,98.0,98.0,5.287200927734375,5.287200927734375
90,77,77,103.903885,97.0,97.0,6.9038848876953125,6.9038848876953125
90,78,78,91.30139,96.0,96.0,-4.6986083984375,4.6986083984375
90,79,79,91.95578,95.0,95.0,-3.044219970703125,3.044219970703125
90,80,80,106.95244,94.0,94.0,12.952438354492188,12.952438354492188
90,81,81,112.60264,93.0,93.0,19.602638244628906,19.602638244628906
90,82,82,113.443085,92.0,92.0,21.443084716796875,21.443084716796875
90,83,83,113.85445,91.0,91.0,22.854446411132812,22.854446411132812
90,84,84,113.67884,90.0,90.0,23.67884063720703,23.67884063720703
90,85,85,110.197395,89.0,89.0,21.19739532470703,21.19739532470703
90,86,86,108.61978,88.0,88.0,20.619781494140625,20.619781494140625
90,87,87,109.013016,87.0,87.0,22.013015747070312,22.013015747070312
90,88,88,110.893074,86.0,86.0,24.89307403564453,24.89307403564453
90,89,89,111.787964,85.0,85.0,26.7879638671875,26.7879638671875
90,90,90,113.29789,84.0,84.0,29.297889709472656,29.297889709472656
90,91,91,113.08855,83.0,83.0,30.088546752929688,30.088546752929688
90,92,92,111.86919,82.0,82.0,29.869186401367188,29.869186401367188
90,93,93,109.74853,81.0,81.0,28.74852752685547,28.74852752685547
90,94,94,107.48746,80.0,80.0,27.487457275390625,27.487457275390625
90,95,95,100.28952,79.0,79.0,21.289520263671875,21.289520263671875
90,96,96,106.02434,78.0,78.0,28.024337768554688,28.024337768554688
90,97,97,109.19351,77.0,77.0,32.193511962890625,32.193511962890625
90,98,98,109.11656,76.0,76.0,33.11656188964844,33.11656188964844
90,99,99,109.65706,75.0,75.0,34.65705871582031,34.65705871582031
90,100,100,111.92802,74.0,74.0,37.928016662597656,37.928016662597656
90,101,101,111.931496,73.0,73.0,38.931495666503906,38.931495666503906
90,102,102,113.202446,72.0,72.0,41.20244598388672,41.20244598388672
90,103,103,112.755745,71.0,71.0,41.75574493408203,41.75574493408203
90,104,104,112.00804,70.0,70.0,42.00804138183594,42.00804138183594
90,105,105,111.99719,69.0,69.0,42.9971923828125,42.9971923828125
90,106,106,108.02199,68.0,68.0,40.02198791503906,40.02198791503906
90,107,107,111.23623,67.0,67.0,44.236228942871094,44.236228942871094
90,108,108,103.03805,66.0,66.0,37.038047790527344,37.038047790527344
90,109,109,106.25839,65.0,65.0,41.258392333984375,41.258392333984375
90,110,110,104.911896,64.0,64.0,40.911895751953125,40.911895751953125
90,111,111,84.97058,63.0,63.0,21.9705810546875,21.9705810546875
90,112,112,82.059326,62.0,62.0,20.059326171875,20.059326171875
90,113,113,78.77108,61.0,61.0,17.771080017089844,17.771080017089844
90,114,114,73.8757,60.0,60.0,13.875701904296875,13.875701904296875
90,115,115,62.578247,59.0,59.0,3.5782470703125,3.5782470703125
90,116,116,63.012577,58.0,58.0,5.012577056884766,5.012577056884766
90,117,117,54.08204,57.0,57.0,-2.9179611206054688,2.9179611206054688
90,118,118,55.913147,56.0,56.0,-0.08685302734375,0.08685302734375
90,119,119,57.85295,55.0,55.0,2.8529510498046875,2.8529510498046875
90,120,120,61.75041,54.0,54.0,7.750408172607422,7.750408172607422
90,121,121,58.82429,53.0,53.0,5.824291229248047,5.824291229248047
90,122,122,49.266838,52.0,52.0,-2.7331619262695312,2.7331619262695312
90,123,123,52.842506,51.0,51.0,1.8425064086914062,1.8425064086914062
90,124,124,48.374893,50.0,50.0,-1.6251068115234375,1.6251068115234375
90,125,125,43.88284,49.0,49.0,-5.117160797119141,5.117160797119141
90,126,126,43.386406,48.0,48.0,-4.613594055175781,4.613594055175781
90,127,127,41.28406,47.0,47.0,-5.715938568115234,5.715938568115234
90,128,128,36.83189,46.0,46.0,-9.168109893798828,9.168109893798828
90,129,129,36.05985,45.0,45.0,-8.94015121459961,8.94015121459961
90,130,130,36.11134,44.0,44.0,-7.888660430908203,7.888660430908203
90,131,131,35.558544,43.0,43.0,-7.441455841064453,7.441455841064453
90,132,132,37.73207,42.0,42.0,-4.2679290771484375,4.2679290771484375
90,133,133,41.28165,41.0,41.0,0.2816505432128906,0.2816505432128906
90,134,134,34.404064,40.0,40.0,-5.595935821533203,5.595935821533203
90,135,135,35.78479,39.0,39.0,-3.2152099609375,3.2152099609375
90,136,136,36.19438,38.0,38.0,-1.8056182861328125,1.8056182861328125
90,137,137,36.838,37.0,37.0,-0.16199874877929688,0.16199874877929688
90,138,138,36.40875,36.0,36.0,0.4087486267089844,0.4087486267089844
90,139,139,36.741596,35.0,35.0,1.7415962219238281,1.7415962219238281
90,140,140,37.05232,34.0,34.0,3.052318572998047,3.052318572998047
90,141,141,35.730026,33.0,33.0,2.7300262451171875,2.7300262451171875
90,142,142,32.457066,32.0,32.0,0.4570655822753906,0.4570655822753906
90,143,143,30.56998,31.0,31.0,-0.4300193786621094,0.4300193786621094
90,144,144,28.054457,30.0,30.0,-1.9455432891845703,1.9455432891845703
90,145,145,25.128527,29.0,29.0,-3.8714733123779297,3.8714733123779297
90,146,146,24.477121,28.0,28.0,-3.522878646850586,3.522878646850586
91,1,1,108.91574,271.0,125.0,-16.084259033203125,16.084259033203125
91,2,2,108.38465,270.0,125.0,-16.61534881591797,16.61534881591797
91,3,3,110.67841,269.0,125.0,-14.321586608886719,14.321586608886719
91,4,4,111.544945,268.0,125.0,-13.455055236816406,13.455055236816406
91,5,5,111.7825,267.0,125.0,-13.217498779296875,13.217498779296875
91,6,6,112.4314,266.0,125.0,-12.568603515625,12.568603515625
91,7,7,113.09715,265.0,125.0,-11.902847290039062,11.902847290039062
91,8,8,113.324615,264.0,125.0,-11.675384521484375,11.675384521484375
91,9,9,113.63088,263.0,125.0,-11.369117736816406,11.369117736816406
91,10,10,113.715775,262.0,125.0,-11.284225463867188,11.284225463867188
91,11,11,113.66582,261.0,125.0,-11.334182739257812,11.334182739257812
91,12,12,113.78773,260.0,125.0,-11.212272644042969,11.212272644042969
91,13,13,113.89226,259.0,125.0,-11.107742309570312,11.107742309570312
91,14,14,113.90447,258.0,125.0,-11.095527648925781,11.095527648925781
91,15,15,113.88473,257.0,125.0,-11.115272521972656,11.115272521972656
91,16,16,113.97479,256.0,125.0,-11.02520751953125,11.02520751953125
91,17,17,113.7195,255.0,125.0,-11.280502319335938,11.280502319335938
91,18,18,113.88182,254.0,125.0,-11.118179321289062,11.118179321289062
91,19,19,114.01891,253.0,125.0,-10.981086730957031,10.981086730957031
91,20,20,113.89065,252.0,125.0,-11.109352111816406,11.109352111816406
91,21,21,113.92604,251.0,125.0,-11.073959350585938,11.073959350585938
91,22,22,113.85388,250.0,125.0,-11.1461181640625,11.1461181640625
91,23,23,113.931046,249.0,125.0,-11.068954467773438,11.068954467773438
91,24,24,113.774,248.0,125.0,-11.225997924804688,11.225997924804688
91,25,25,113.779144,247.0,125.0,-11.220855712890625,11.220855712890625
91,26,26,113.612076,246.0,125.0,-11.387924194335938,11.387924194335938
91,27,27,113.663605,245.0,125.0,-11.336395263671875,11.336395263671875
91,28,28,113.764114,244.0,125.0,-11.235885620117188,11.235885620117188
91,29,29,113.666145,243.0,125.0,-11.333854675292969,11.333854675292969
91,30,30,113.51304,242.0,125.0,-11.486961364746094,11.486961364746094
91,31,31,112.48048,241.0,125.0,-12.519523620605469,12.519523620605469
91,32,32,106.91045,240.0,125.0,-18.08954620361328,18.08954620361328
91,33,33,111.46451,239.0,125.0,-13.535491943359375,13.535491943359375
91,34,34,112.93776,238.0,125.0,-12.062240600585938,12.062240600585938
91,35,35,110.067764,237.0,125.0,-14.932235717773438,14.932235717773438
91,36,36,110.86659,236.0,125.0,-14.133407592773438,14.133407592773438
91,37,37,110.85169,235.0,125.0,-14.148307800292969,14.148307800292969
91,38,38,110.70984,234.0,125.0,-14.2901611328125,14.2901611328125
91,39,39,111.26393,233.0,125.0,-13.736068725585938,13.736068725585938
91,40,40,109.45933,232.0,125.0,-15.540672302246094,15.540672302246094
91,41,41,107.819885,231.0,125.0,-17.18011474609375,17.18011474609375
91,42,42,111.300835,230.0,125.0,-13.699165344238281,13.699165344238281
91,43,43,111.9789,229.0,125.0,-13.021102905273438,13.021102905273438
91,44,44,112.869225,228.0,125.0,-12.130775451660156,12.130775451660156
91,45,45,113.442924,227.0,125.0,-11.557075500488281,11.557075500488281
91,46,46,113.52672,226.0,125.0,-11.473281860351562,11.473281860351562
91,47,47,112.77656,225.0,125.0,-12.223442077636719,12.223442077636719
91,48,48,112.98588,224.0,125.0,-12.014122009277344,12.014122009277344
91,49,49,113.4925,223.0,125.0,-11.507499694824219,11.507499694824219
91,50,50,113.26501,222.0,125.0,-11.734992980957031,11.734992980957031
91,51,51,113.33202,221.0,125.0,-11.667976379394531,11.667976379394531
91,52,52,112.70657,220.0,125.0,-12.293426513671875,12.293426513671875
91,53,53,113.333664,219.0,125.0,-11.666336059570312,11.666336059570312
91,54,54,111.11734,218.0,125.0,-13.882659912109375,13.882659912109375
91,55,55,107.67244,217.0,125.0,-17.327560424804688,17.327560424804688
91,56,56,106.82201,216.0,125.0,-18.177993774414062,18.177993774414062
91,57,57,106.08011,215.0,125.0,-18.919891357421875,18.919891357421875
91,58,58,108.76523,214.0,125.0,-16.234771728515625,16.234771728515625
91,59,59,110.044205,213.0,125.0,-14.955795288085938,14.955795288085938
91,60,60,111.694305,212.0,125.0,-13.305694580078125,13.305694580078125
91,61,61,111.64706,211.0,125.0,-13.352943420410156,13.352943420410156
91,62,62,110.75701,210.0,125.0,-14.242988586425781,14.242988586425781
91,63,63,111.20487,209.0,125.0,-13.795127868652344,13.795127868652344
91,64,64,111.10692,208.0,125.0,-13.893081665039062,13.893081665039062
91,65,65,112.12358,207.0,125.0,-12.876419067382812,12.876419067382812
91,66,66,112.83665,206.0,125.0,-12.163352966308594,12.163352966308594
91,67,67,111.49936,205.0,125.0,-13.500640869140625,13.500640869140625
91,68,68,111.088326,204.0,125.0,-13.911674499511719,13.911674499511719
91,69,69,110.63702,203.0,125.0,-14.362983703613281,14.362983703613281
91,70,70,109.97681,202.0,125.0,-15.023193359375,15.023193359375
91,71,71,108.368195,201.0,125.0,-16.631805419921875,16.631805419921875
91,72,72,110.987885,200.0,125.0,-14.012115478515625,14.012115478515625
91,73,73,111.96532,199.0,125.0,-13.034683227539062,13.034683227539062
91,74,74,112.70648,198.0,125.0,-12.29351806640625,12.29351806640625
91,75,75,113.12763,197.0,125.0,-11.872367858886719,11.872367858886719
91,76,76,111.480896,196.0,125.0,-13.51910400390625,13.51910400390625
91,77,77,112.23703,195.0,125.0,-12.762969970703125,12.762969970703125
91,78,78,112.39238,194.0,125.0,-12.607620239257812,12.607620239257812
91,79,79,112.51051,193.0,125.0,-12.489486694335938,12.489486694335938
91,80,80,111.970245,192.0,125.0,-13.029754638671875,13.029754638671875
91,81,81,112.59148,191.0,125.0,-12.408523559570312,12.408523559570312
91,82,82,112.71001,190.0,125.0,-12.289993286132812,12.289993286132812
91,83,83,113.25781,189.0,125.0,-11.7421875,11.7421875
91,84,84,111.47409,188.0,125.0,-13.525909423828125,13.525909423828125
91,85,85,108.43503,187.0,125.0,-16.564971923828125,16.564971923828125
91,86,86,103.50534,186.0,125.0,-21.494659423828125,21.494659423828125
91,87,87,94.8136,185.0,125.0,-30.1864013671875,30.1864013671875
91,88,88,94.57143,184.0,125.0,-30.428573608398438,30.428573608398438
91,89,89,95.37671,183.0,125.0,-29.623291015625,29.623291015625
91,90,90,100.12472,182.0,125.0,-24.875282287597656,24.875282287597656
91,91,91,94.78767,181.0,125.0,-30.21233367919922,30.21233367919922
91,92,92,97.232544,180.0,125.0,-27.7674560546875,27.7674560546875
91,93,93,100.14737,179.0,125.0,-24.852630615234375,24.852630615234375
91,94,94,101.13636,178.0,125.0,-23.86363983154297,23.86363983154297
91,95,95,105.364456,177.0,125.0,-19.635543823242188,19.635543823242188
91,96,96,108.953804,176.0,125.0,-16.04619598388672,16.04619598388672
91,97,97,107.82213,175.0,125.0,-17.177871704101562,17.177871704101562
91,98,98,108.64375,174.0,125.0,-16.356246948242188,16.356246948242188
91,99,99,109.185585,173.0,125.0,-15.814414978027344,15.814414978027344
91,100,100,108.80018,172.0,125.0,-16.19982147216797,16.19982147216797
91,101,101,109.471344,171.0,125.0,-15.528656005859375,15.528656005859375
91,102,102,111.666565,170.0,125.0,-13.33343505859375,13.33343505859375
91,103,103,111.826935,169.0,125.0,-13.173065185546875,13.173065185546875
91,104,104,112.06555,168.0,125.0,-12.9344482421875,12.9344482421875
91,105,105,111.8318,167.0,125.0,-13.168197631835938,13.168197631835938
91,106,106,110.430695,166.0,125.0,-14.569305419921875,14.569305419921875
91,107,107,110.96688,165.0,125.0,-14.033119201660156,14.033119201660156
91,108,108,111.642006,164.0,125.0,-13.357994079589844,13.357994079589844
91,109,109,109.93578,163.0,125.0,-15.064216613769531,15.064216613769531
91,110,110,109.97862,162.0,125.0,-15.021377563476562,15.021377563476562
91,111,111,110.563095,161.0,125.0,-14.436904907226562,14.436904907226562
91,112,112,109.36303,160.0,125.0,-15.636970520019531,15.636970520019531
91,113,113,109.36966,159.0,125.0,-15.630340576171875,15.630340576171875
91,114,114,102.84772,158.0,125.0,-22.15228271484375,22.15228271484375
91,115,115,100.47767,157.0,125.0,-24.52233123779297,24.52233123779297
91,116,116,100.53658,156.0,125.0,-24.463417053222656,24.463417053222656
91,117,117,103.71634,155.0,125.0,-21.283660888671875,21.283660888671875
91,118,118,106.63594,154.0,125.0,-18.364059448242188,18.364059448242188
91,119,119,108.1886,153.0,125.0,-16.8114013671875,16.8114013671875
91,120,120,103.78311,152.0,125.0,-21.216888427734375,21.216888427734375
91,121,121,104.31037,151.0,125.0,-20.68962860107422,20.68962860107422
91,122,122,102.782616,150.0,125.0,-22.217384338378906,22.217384338378906
91,123,123,100.64619,149.0,125.0,-24.35381317138672,24.35381317138672
91,124,124,99.96359,148.0,125.0,-25.036407470703125,25.036407470703125
91,125,125,97.2866,147.0,125.0,-27.713401794433594,27.713401794433594
91,126,126,102.784454,146.0,125.0,-22.215545654296875,22.215545654296875
91,127,127,103.23302,145.0,125.0,-21.766983032226562,21.766983032226562
91,128,128,106.192726,144.0,125.0,-18.807273864746094,18.807273864746094
91,129,129,107.87521,143.0,125.0,-17.124786376953125,17.124786376953125
91,130,130,107.07944,142.0,125.0,-17.920562744140625,17.920562744140625
91,131,131,106.077545,141.0,125.0,-18.922454833984375,18.922454833984375
91,132,132,107.90744,140.0,125.0,-17.092559814453125,17.092559814453125
91,133,133,106.39376,139.0,125.0,-18.606239318847656,18.606239318847656
91,134,134,106.54184,138.0,125.0,-18.458160400390625,18.458160400390625
91,135,135,106.18388,137.0,125.0,-18.816116333007812,18.816116333007812
91,136,136,105.79897,136.0,125.0,-19.201026916503906,19.201026916503906
91,137,137,105.123055,135.0,125.0,-19.87694549560547,19.87694549560547
91,138,138,104.12415,134.0,125.0,-20.87584686279297,20.87584686279297
91,139,139,85.0553,133.0,125.0,-39.9447021484375,39.9447021484375
91,140,140,85.33511,132.0,125.0,-39.664886474609375,39.664886474609375
91,141,141,97.9499,131.0,125.0,-27.05010223388672,27.05010223388672
91,142,142,96.06808,130.0,125.0,-28.931922912597656,28.931922912597656
91,143,143,91.855545,129.0,125.0,-33.14445495605469,33.14445495605469
91,144,144,79.15662,128.0,125.0,-45.8433837890625,45.8433837890625
91,145,145,81.07286,127.0,125.0,-43.92713928222656,43.92713928222656
91,146,146,84.19783,126.0,125.0,-40.80216979980469,40.80216979980469
91,147,147,84.16882,125.0,125.0,-40.8311767578125,40.8311767578125
91,148,148,82.09004,124.0,124.0,-41.90995788574219,41.90995788574219
91,149,149,81.83269,123.0,123.0,-41.16731262207031,41.16731262207031
91,150,150,75.69907,122.0,122.0,-46.300926208496094,46.300926208496094
91,151,151,72.93956,121.0,121.0,-48.06044006347656,48.06044006347656
91,152,152,73.007545,120.0,120.0,-46.992454528808594,46.992454528808594
91,153,153,77.27404,119.0,119.0,-41.72595977783203,41.72595977783203
91,154,154,76.4827,118.0,118.0,-41.517303466796875,41.517303466796875
91,155,155,75.84124,117.0,117.0,-41.15876007080078,41.15876007080078
91,156,156,79.19437,116.0,116.0,-36.805633544921875,36.805633544921875
91,157,157,78.9453,115.0,115.0,-36.05470275878906,36.05470275878906
91,158,158,77.32294,114.0,114.0,-36.67706298828125,36.67706298828125
91,159,159,78.559074,113.0,113.0,-34.44092559814453,34.44092559814453
91,160,160,78.83727,112.0,112.0,-33.16272735595703,33.16272735595703
91,161,161,77.116005,111.0,111.0,-33.883995056152344,33.883995056152344
91,162,162,81.58237,110.0,110.0,-28.417633056640625,28.417633056640625
91,163,163,77.474106,109.0,109.0,-31.525894165039062,31.525894165039062
91,164,164,76.01955,108.0,108.0,-31.980453491210938,31.980453491210938
91,165,165,76.57343,107.0,107.0,-30.42656707763672,30.42656707763672
91,166,166,80.01849,106.0,106.0,-25.98150634765625,25.98150634765625
91,167,167,78.05375,105.0,105.0,-26.946250915527344,26.946250915527344
91,168,168,74.09082,104.0,104.0,-29.9091796875,29.9091796875
91,169,169,69.03974,103.0,103.0,-33.96025848388672,33.96025848388672
91,170,170,72.06143,102.0,102.0,-29.938568115234375,29.938568115234375
91,171,171,74.38041,101.0,101.0,-26.619590759277344,26.619590759277344
91,172,172,72.178566,100.0,100.0,-27.821434020996094,27.821434020996094
91,173,173,72.44553,99.0,99.0,-26.554466247558594,26.554466247558594
91,174,174,68.52705,98.0,98.0,-29.47295379638672,29.47295379638672
91,175,175,70.805336,97.0,97.0,-26.194664001464844,26.194664001464844
91,176,176,65.04751,96.0,96.0,-30.952491760253906,30.952491760253906
91,177,177,62.88946,95.0,95.0,-32.110538482666016,32.110538482666016
91,178,178,63.107395,94.0,94.0,-30.89260482788086,30.89260482788086
91,179,179,54.967255,93.0,93.0,-38.032745361328125,38.032745361328125
91,180,180,49.66955,92.0,92.0,-42.330448150634766,42.330448150634766
91,181,181,43.211876,91.0,91.0,-47.788124084472656,47.788124084472656
91,182,182,42.96811,90.0,90.0,-47.031890869140625,47.031890869140625
91,183,183,43.18724,89.0,89.0,-45.81275939941406,45.81275939941406
91,184,184,48.76165,88.0,88.0,-39.23834991455078,39.23834991455078
91,185,185,53.948265,87.0,87.0,-33.051734924316406,33.051734924316406
91,186,186,54.219856,86.0,86.0,-31.78014373779297,31.78014373779297
91,187,187,54.262985,85.0,85.0,-30.737014770507812,30.737014770507812
91,188,188,55.939884,84.0,84.0,-28.060115814208984,28.060115814208984
91,189,189,59.40659,83.0,83.0,-23.59341049194336,23.59341049194336
91,190,190,60.414463,82.0,82.0,-21.58553695678711,21.58553695678711
91,191,191,62.557476,81.0,81.0,-18.442523956298828,18.442523956298828
91,192,192,64.1908,80.0,80.0,-15.809196472167969,15.809196472167969
91,193,193,59.128033,79.0,79.0,-19.871967315673828,19.871967315673828
91,194,194,60.4431,78.0,78.0,-17.556900024414062,17.556900024414062
91,195,195,60.92625,77.0,77.0,-16.073749542236328,16.073749542236328
91,196,196,60.85528,76.0,76.0,-15.144718170166016,15.144718170166016
91,197,197,56.25166,75.0,75.0,-18.748340606689453,18.748340606689453
91,198,198,51.07237,74.0,74.0,-22.927631378173828,22.927631378173828
91,199,199,51.592052,73.0,73.0,-21.407947540283203,21.407947540283203
91,200,200,51.650543,72.0,72.0,-20.349456787109375,20.349456787109375
91,201,201,52.4549,71.0,71.0,-18.545101165771484,18.545101165771484
91,202,202,53.83421,70.0,70.0,-16.165790557861328,16.165790557861328
91,203,203,58.569794,69.0,69.0,-10.430206298828125,10.430206298828125
91,204,204,58.878834,68.0,68.0,-9.121166229248047,9.121166229248047
91,205,205,59.48554,67.0,67.0,-7.514461517333984,7.514461517333984
91,206,206,57.17329,66.0,66.0,-8.826709747314453,8.826709747314453
91,207,207,54.98622,65.0,65.0,-10.013778686523438,10.013778686523438
91,208,208,54.919765,64.0,64.0,-9.08023452758789,9.08023452758789
91,209,209,51.911476,63.0,63.0,-11.088523864746094,11.088523864746094
91,210,210,44.110687,62.0,62.0,-17.889312744140625,17.889312744140625
91,211,211,39.953033,61.0,61.0,-21.046966552734375,21.046966552734375
91,212,212,38.95537,60.0,60.0,-21.044628143310547,21.044628143310547
91,213,213,37.84707,59.0,59.0,-21.152931213378906,21.152931213378906
91,214,214,44.279488,58.0,58.0,-13.720512390136719,13.720512390136719
91,215,215,43.718266,57.0,57.0,-13.281734466552734,13.281734466552734
91,216,216,40.477825,56.0,56.0,-15.522174835205078,15.522174835205078
91,217,217,40.079628,55.0,55.0,-14.920372009277344,14.920372009277344
91,218,218,40.557346,54.0,54.0,-13.44265365600586,13.44265365600586
91,219,219,42.72702,53.0,53.0,-10.272979736328125,10.272979736328125
91,220,220,40.532032,52.0,52.0,-11.467967987060547,11.467967987060547
91,221,221,39.095825,51.0,51.0,-11.9041748046875,11.9041748046875
91,222,222,39.192406,50.0,50.0,-10.807594299316406,10.807594299316406
91,223,223,34.832577,49.0,49.0,-14.167423248291016,14.167423248291016
91,224,224,31.469837,48.0,48.0,-16.530162811279297,16.530162811279297
91,225,225,33.16331,47.0,47.0,-13.836688995361328,13.836688995361328
91,226,226,30.097252,46.0,46.0,-15.902748107910156,15.902748107910156
91,227,227,28.058338,45.0,45.0,-16.941661834716797,16.941661834716797
91,228,228,27.347858,44.0,44.0,-16.652141571044922,16.652141571044922
91,229,229,26.094563,43.0,43.0,-16.905437469482422,16.905437469482422
91,230,230,26.775555,42.0,42.0,-15.224445343017578,15.224445343017578
91,231,231,24.685303,41.0,41.0,-16.314697265625,16.314697265625
91,232,232,24.937103,40.0,40.0,-15.062896728515625,15.062896728515625
91,233,233,25.002865,39.0,39.0,-13.997135162353516,13.997135162353516
91,234,234,27.78471,38.0,38.0,-10.215290069580078,10.215290069580078
92,1,1,88.52275,169.0,125.0,-36.47724914550781,36.47724914550781
92,2,2,96.81867,168.0,125.0,-28.18132781982422,28.18132781982422
92,3,3,102.25207,167.0,125.0,-22.74793243408203,22.74793243408203
92,4,4,104.67808,166.0,125.0,-20.321922302246094,20.321922302246094
92,5,5,105.86264,165.0,125.0,-19.137359619140625,19.137359619140625
92,6,6,105.36555,164.0,125.0,-19.63445281982422,19.63445281982422
92,7,7,106.42121,163.0,125.0,-18.57878875732422,18.57878875732422
92,8,8,108.009445,162.0,125.0,-16.990554809570312,16.990554809570312
92,9,9,109.479164,161.0,125.0,-15.520835876464844,15.520835876464844
92,10,10,110.77052,160.0,125.0,-14.229476928710938,14.229476928710938
92,11,11,111.841095,159.0,125.0,-13.158905029296875,13.158905029296875
92,12,12,112.18457,158.0,125.0,-12.8154296875,12.8154296875
92,13,13,112.70665,157.0,125.0,-12.293350219726562,12.293350219726562
92,14,14,112.68722,156.0,125.0,-12.312782287597656,12.312782287597656
92,15,15,113.0443,155.0,125.0,-11.955703735351562,11.955703735351562
92,16,16,113.27376,154.0,125.0,-11.726242065429688,11.726242065429688
92,17,17,113.461464,153.0,125.0,-11.538536071777344,11.538536071777344
92,18,18,113.527145,152.0,125.0,-11.472854614257812,11.472854614257812
92,19,19,113.35337,151.0,125.0,-11.646629333496094,11.646629333496094
92,20,20,113.37781,150.0,125.0,-11.6221923828125,11.6221923828125
92,21,21,113.45325,149.0,125.0,-11.5467529296875,11.5467529296875
92,22,22,113.55645,148.0,125.0,-11.443550109863281,11.443550109863281
92,23,23,113.67015,147.0,125.0,-11.329849243164062,11.329849243164062
92,24,24,111.99671,146.0,125.0,-13.003288269042969,13.003288269042969
92,25,25,113.09844,145.0,125.0,-11.901557922363281,11.901557922363281
92,26,26,113.37865,144.0,125.0,-11.621353149414062,11.621353149414062
92,27,27,113.37993,143.0,125.0,-11.620071411132812,11.620071411132812
92,28,28,113.57886,142.0,125.0,-11.421142578125,11.421142578125
92,29,29,113.63827,141.0,125.0,-11.361732482910156,11.361732482910156
92,30,30,113.3483,140.0,125.0,-11.651702880859375,11.651702880859375
92,31,31,113.00531,139.0,125.0,-11.99468994140625,11.99468994140625
92,32,32,113.74652,138.0,125.0,-11.25347900390625,11.25347900390625
92,33,33,113.86569,137.0,125.0,-11.134307861328125,11.134307861328125
92,34,34,113.318954,136.0,125.0,-11.681045532226562,11.681045532226562
92,35,35,112.96598,135.0,125.0,-12.034019470214844,12.034019470214844
92,36,36,112.60753,134.0,125.0,-12.392471313476562,12.392471313476562
92,37,37,112.75311,133.0,125.0,-12.24688720703125,12.24688720703125
92,38,38,112.97332,132.0,125.0,-12.026679992675781,12.026679992675781
92,39,39,113.2382,131.0,125.0,-11.761802673339844,11.761802673339844
92,40,40,113.49758,130.0,125.0,-11.502418518066406,11.502418518066406
92,41,41,113.705376,129.0,125.0,-11.294624328613281,11.294624328613281
92,42,42,113.89304,128.0,125.0,-11.106956481933594,11.106956481933594
92,43,43,113.87759,127.0,125.0,-11.122413635253906,11.122413635253906
92,44,44,113.32765,126.0,125.0,-11.672348022460938,11.672348022460938
92,45,45,113.791,125.0,125.0,-11.208999633789062,11.208999633789062
92,46,46,113.88832,124.0,124.0,-10.111679077148438,10.111679077148438
92,47,47,113.87927,123.0,123.0,-9.1207275390625,9.1207275390625
92,48,48,113.18779,122.0,122.0,-8.812210083007812,8.812210083007812
92,49,49,112.109,121.0,121.0,-8.890998840332031,8.890998840332031
92,50,50,111.681435,120.0,120.0,-8.318565368652344,8.318565368652344
92,51,51,111.92709,119.0,119.0,-7.072906494140625,7.072906494140625
92,52,52,112.405334,118.0,118.0,-5.59466552734375,5.59466552734375
92,53,53,112.121704,117.0,117.0,-4.8782958984375,4.8782958984375
92,54,54,94.54696,116.0,116.0,-21.453041076660156,21.453041076660156
92,55,55,100.83693,115.0,115.0,-14.163070678710938,14.163070678710938
92,56,56,100.037994,114.0,114.0,-13.962005615234375,13.962005615234375
92,57,57,104.58884,113.0,113.0,-8.411163330078125,8.411163330078125
92,58,58,107.385445,112.0,112.0,-4.614555358886719,4.614555358886719
92,59,59,111.39138,111.0,111.0,0.39138031005859375,0.39138031005859375
92,60,60,110.90839,110.0,110.0,0.90838623046875,0.90838623046875
92,61,61,109.040115,109.0,109.0,0.0401153564453125,0.0401153564453125
92,62,62,105.47449,108.0,108.0,-2.5255126953125,2.5255126953125
92,63,63,105.21333,107.0,107.0,-1.7866668701171875,1.7866668701171875
92,64,64,99.948555,106.0,106.0,-6.051445007324219,6.051445007324219
92,65,65,103.2761,105.0,105.0,-1.7238998413085938,1.7238998413085938
92,66,66,104.18838,104.0,104.0,0.18837738037109375,0.18837738037109375
92,67,67,105.673836,103.0,103.0,2.6738357543945312,2.6738357543945312
92,68,68,102.87234,102.0,102.0,0.8723373413085938,0.8723373413085938
92,69,69,95.42696,101.0,101.0,-5.573036193847656,5.573036193847656
92,70,70,99.20095,100.0,100.0,-0.7990493774414062,0.7990493774414062
92,71,71,101.33255,99.0,99.0,2.332550048828125,2.332550048828125
92,72,72,108.35633,98.0,98.0,10.356330871582031,10.356330871582031
92,73,73,108.70296,97.0,97.0,11.702957153320312,11.702957153320312
92,74,74,107.09589,96.0,96.0,11.09588623046875,11.09588623046875
92,75,75,104.196724,95.0,95.0,9.196723937988281,9.196723937988281
92,76,76,102.498505,94.0,94.0,8.498504638671875,8.498504638671875
92,77,77,89.74789,93.0,93.0,-3.2521133422851562,3.2521133422851562
92,78,78,86.78152,92.0,92.0,-5.218482971191406,5.218482971191406
92,79,79,94.271675,91.0,91.0,3.2716751098632812,3.2716751098632812
92,80,80,97.26695,90.0,90.0,7.2669525146484375,7.2669525146484375
92,81,81,96.75901,89.0,89.0,7.759010314941406,7.759010314941406
92,82,82,93.69698,88.0,88.0,5.696983337402344,5.696983337402344
92,83,83,77.55426,87.0,87.0,-9.44573974609375,9.44573974609375
92,84,84,85.55823,86.0,86.0,-0.4417724609375,0.4417724609375
92,85,85,81.73256,85.0,85.0,-3.2674407958984375,3.2674407958984375
92,86,86,78.21295,84.0,84.0,-5.78704833984375,5.78704833984375
92,87,87,78.26574,83.0,83.0,-4.734260559082031,4.734260559082031
92,88,88,75.171814,82.0,82.0,-6.82818603515625,6.82818603515625
92,89,89,90.55921,81.0,81.0,9.559211730957031,9.559211730957031
92,90,90,88.39438,80.0,80.0,8.394378662109375,8.394378662109375
92,91,91,85.90025,79.0,79.0,6.9002532958984375,6.9002532958984375
92,92,92,81.010155,78.0,78.0,3.0101547241210938,3.0101547241210938
92,93,93,77.46315,77.0,77.0,0.4631500244140625,0.4631500244140625
92,94,94,75.717094,76.0,76.0,-0.28290557861328125,0.28290557861328125
92,95,95,71.190704,75.0,75.0,-3.809295654296875,3.809295654296875
92,96,96,68.594376,74.0,74.0,-5.4056243896484375,5.4056243896484375
92,97,97,77.18524,73.0,73.0,4.18524169921875,4.18524169921875
92,98,98,70.72384,72.0,72.0,-1.2761611938476562,1.2761611938476562
92,99,99,65.91153,71.0,71.0,-5.088470458984375,5.088470458984375
92,100,100,67.16289,70.0,70.0,-2.8371124267578125,2.8371124267578125
92,101,101,66.72843,69.0,69.0,-2.2715682983398438,2.2715682983398438
92,102,102,74.98617,68.0,68.0,6.986167907714844,6.986167907714844
92,103,103,74.44156,67.0,67.0,7.441558837890625,7.441558837890625
92,104,104,71.118744,66.0,66.0,5.118743896484375,5.118743896484375
92,105,105,72.059814,65.0,65.0,7.059814453125,7.059814453125
92,106,106,68.36613,64.0,64.0,4.366127014160156,4.366127014160156
92,107,107,59.06677,63.0,63.0,-3.9332313537597656,3.9332313537597656
92,108,108,58.238327,62.0,62.0,-3.7616729736328125,3.7616729736328125
92,109,109,59.51803,61.0,61.0,-1.4819717407226562,1.4819717407226562
92,110,110,66.76721,60.0,60.0,6.7672119140625,6.7672119140625
92,111,111,56.159607,59.0,59.0,-2.84039306640625,2.84039306640625
92,112,112,54.06658,58.0,58.0,-3.9334182739257812,3.9334182739257812
92,113,113,59.995407,57.0,57.0,2.9954071044921875,2.9954071044921875
92,114,114,54.859642,56.0,56.0,-1.1403579711914062,1.1403579711914062
92,115,115,57.35517,55.0,55.0,2.3551712036132812,2.3551712036132812
92,116,116,56.209873,54.0,54.0,2.2098731994628906,2.2098731994628906
92,117,117,49.343754,53.0,53.0,-3.6562461853027344,3.6562461853027344
92,118,118,50.297897,52.0,52.0,-1.7021026611328125,1.7021026611328125
92,119,119,56.00298,51.0,51.0,5.002979278564453,5.002979278564453
92,120,120,54.73214,50.0,50.0,4.732139587402344,4.732139587402344
92,121,121,56.32833,49.0,49.0,7.328330993652344,7.328330993652344
92,122,122,51.05963,48.0,48.0,3.05963134765625,3.05963134765625
92,123,123,47.379337,47.0,47.0,0.3793373107910156,0.3793373107910156
92,124,124,49.117,46.0,46.0,3.1170005798339844,3.1170005798339844
92,125,125,47.651886,45.0,45.0,2.651885986328125,2.651885986328125
92,126,126,50.643333,44.0,44.0,6.643333435058594,6.643333435058594
92,127,127,51.519306,43.0,43.0,8.519306182861328,8.519306182861328
92,128,128,50.210125,42.0,42.0,8.210124969482422,8.210124969482422
92,129,129,47.64426,41.0,41.0,6.644260406494141,6.644260406494141
92,130,130,48.39353,40.0,40.0,8.393531799316406,8.393531799316406
92,131,131,47.666977,39.0,39.0,8.666976928710938,8.666976928710938
92,132,132,46.085793,38.0,38.0,8.085792541503906,8.085792541503906
92,133,133,39.219357,37.0,37.0,2.2193565368652344,2.2193565368652344
92,134,134,37.572914,36.0,36.0,1.5729141235351562,1.5729141235351562
92,135,135,41.188393,35.0,35.0,6.188392639160156,6.188392639160156
92,136,136,35.187546,34.0,34.0,1.1875457763671875,1.1875457763671875
92,137,137,29.898527,33.0,33.0,-3.101472854614258,3.101472854614258
92,138,138,26.844662,32.0,32.0,-5.155338287353516,5.155338287353516
92,139,139,28.454725,31.0,31.0,-2.5452747344970703,2.5452747344970703
92,140,140,30.80384,30.0,30.0,0.8038406372070312,0.8038406372070312
92,141,141,31.407742,29.0,29.0,2.4077415466308594,2.4077415466308594
92,142,142,28.803398,28.0,28.0,0.8033981323242188,0.8033981323242188
92,143,143,30.421343,27.0,27.0,3.4213428497314453,3.4213428497314453
92,144,144,30.789928,26.0,26.0,4.789928436279297,4.789928436279297
92,145,145,30.808311,25.0,25.0,5.808311462402344,5.808311462402344
92,146,146,32.446083,24.0,24.0,8.446083068847656,8.446083068847656
92,147,147,29.337479,23.0,23.0,6.3374786376953125,6.3374786376953125
92,148,148,26.476082,22.0,22.0,4.476081848144531,4.476081848144531
92,149,149,22.97103,21.0,21.0,1.971029281616211,1.971029281616211
92,150,150,21.210155,20.0,20.0,1.2101554870605469,1.2101554870605469
93,1,1,113.889755,328.0,125.0,-11.110244750976562,11.110244750976562
93,2,2,113.55667,327.0,125.0,-11.443328857421875,11.443328857421875
93,3,3,113.06972,326.0,125.0,-11.930282592773438,11.930282592773438
93,4,4,112.923294,325.0,125.0,-12.076705932617188,12.076705932617188
93,5,5,113.1262,324.0,125.0,-11.873802185058594,11.873802185058594
93,6,6,112.56011,323.0,125.0,-12.439888000488281,12.439888000488281
93,7,7,112.94985,322.0,125.0,-12.050148010253906,12.050148010253906
93,8,8,111.21763,321.0,125.0,-13.782371520996094,13.782371520996094
93,9,9,111.97846,320.0,125.0,-13.021537780761719,13.021537780761719
93,10,10,108.96831,319.0,125.0,-16.031692504882812,16.031692504882812
93,11,11,107.54098,318.0,125.0,-17.459022521972656,17.459022521972656
93,12,12,110.43146,317.0,125.0,-14.56854248046875,14.56854248046875
93,13,13,110.71068,316.0,125.0,-14.289321899414062,14.289321899414062
93,14,14,109.01361,315.0,125.0,-15.98638916015625,15.98638916015625
93,15,15,109.64796,314.0,125.0,-15.352043151855469,15.352043151855469
93,16,16,110.48799,313.0,125.0,-14.512008666992188,14.512008666992188
93,17,17,109.16214,312.0,125.0,-15.837860107421875,15.837860107421875
93,18,18,109.37901,311.0,125.0,-15.620986938476562,15.620986938476562
93,19,19,111.373856,310.0,125.0,-13.626144409179688,13.626144409179688
93,20,20,101.68185,309.0,125.0,-23.318153381347656,23.318153381347656
93,21,21,100.761536,308.0,125.0,-24.23846435546875,24.23846435546875
93,22,22,105.40772,307.0,125.0,-19.59227752685547,19.59227752685547
93,23,23,105.53234,306.0,125.0,-19.46765899658203,19.46765899658203
93,24,24,110.24436,305.0,125.0,-14.755638122558594,14.755638122558594
93,25,25,112.1811,304.0,125.0,-12.818901062011719,12.818901062011719
93,26,26,112.2249,303.0,125.0,-12.775100708007812,12.775100708007812
93,27,27,111.723145,302.0,125.0,-13.27685546875,13.27685546875
93,28,28,112.87534,301.0,125.0,-12.124656677246094,12.124656677246094
93,29,29,113.080246,300.0,125.0,-11.919754028320312,11.919754028320312
93,30,30,113.62166,299.0,125.0,-11.378341674804688,11.378341674804688
93,31,31,113.96025,298.0,125.0,-11.039749145507812,11.039749145507812
93,32,32,113.95285,297.0,125.0,-11.047149658203125,11.047149658203125
93,33,33,113.93922,296.0,125.0,-11.060783386230469,11.060783386230469
93,34,34,114.08909,295.0,125.0,-10.910911560058594,10.910911560058594
93,35,35,113.74164,294.0,125.0,-11.25836181640625,11.25836181640625
93,36,36,113.295,293.0,125.0,-11.705001831054688,11.705001831054688
93,37,37,113.85775,292.0,125.0,-11.142250061035156,11.142250061035156
93,38,38,113.684296,291.0,125.0,-11.315704345703125,11.315704345703125
93,39,39,113.80304,290.0,125.0,-11.19696044921875,11.19696044921875
93,40,40,113.82744,289.0,125.0,-11.172561645507812,11.172561645507812
93,41,41,113.94197,288.0,125.0,-11.058029174804688,11.058029174804688
93,42,42,113.93175,287.0,125.0,-11.068252563476562,11.068252563476562
93,43,43,113.75304,286.0,125.0,-11.246963500976562,11.246963500976562
93,44,44,113.63861,285.0,125.0,-11.36138916015625,11.36138916015625
93,45,45,113.813324,284.0,125.0,-11.186676025390625,11.186676025390625
93,46,46,113.819984,283.0,125.0,-11.180015563964844,11.180015563964844
93,47,47,114.049194,282.0,125.0,-10.9508056640625,10.9508056640625
93,48,48,114.11045,281.0,125.0,-10.889549255371094,10.889549255371094
93,49,49,114.1171,280.0,125.0,-10.882896423339844,10.882896423339844
93,50,50,113.78961,279.0,125.0,-11.21038818359375,11.21038818359375
93,51,51,113.600296,278.0,125.0,-11.399703979492188,11.399703979492188
93,52,52,112.730064,277.0,125.0,-12.269935607910156,12.269935607910156
93,53,53,112.49218,276.0,125.0,-12.507820129394531,12.507820129394531
93,54,54,113.49189,275.0,125.0,-11.508110046386719,11.508110046386719
93,55,55,113.84123,274.0,125.0,-11.158767700195312,11.158767700195312
93,56,56,113.411575,273.0,125.0,-11.588424682617188,11.588424682617188
93,57,57,112.09184,272.0,125.0,-12.908157348632812,12.908157348632812
93,58,58,113.22228,271.0,125.0,-11.777717590332031,11.777717590332031
93,59,59,112.56832,270.0,125.0,-12.431678771972656,12.431678771972656
93,60,60,113.27822,269.0,125.0,-11.721778869628906,11.721778869628906
93,61,61,113.799255,268.0,125.0,-11.20074462890625,11.20074462890625
93,62,62,113.71681,267.0,125.0,-11.283187866210938,11.283187866210938
93,63,63,113.63239,266.0,125.0,-11.367607116699219,11.367607116699219
93,64,64,113.885956,265.0,125.0,-11.114044189453125,11.114044189453125
93,65,65,113.761314,264.0,125.0,-11.238685607910156,11.238685607910156
93,66,66,113.53563,263.0,125.0,-11.464370727539062,11.464370727539062
93,67,67,113.79294,262.0,125.0,-11.207061767578125,11.207061767578125
93,68,68,113.871376,261.0,125.0,-11.128623962402344,11.128623962402344
93,69,69,113.54874,260.0,125.0,-11.451263427734375,11.451263427734375
93,70,70,113.02154,259.0,125.0,-11.978462219238281,11.978462219238281
93,71,71,113.16447,258.0,125.0,-11.835533142089844,11.835533142089844
93,72,72,113.04514,257.0,125.0,-11.954856872558594,11.954856872558594
93,73,73,113.54399,256.0,125.0,-11.456008911132812,11.456008911132812
93,74,74,113.46647,255.0,125.0,-11.533531188964844,11.533531188964844
93,75,75,112.956085,254.0,125.0,-12.043914794921875,12.043914794921875
93,76,76,112.89129,253.0,125.0,-12.108711242675781,12.108711242675781
93,77,77,111.78876,252.0,125.0,-13.21124267578125,13.21124267578125
93,78,78,112.57473,251.0,125.0,-12.425270080566406,12.425270080566406
93,79,79,113.09758,250.0,125.0,-11.902420043945312,11.902420043945312
93,80,80,112.527016,249.0,125.0,-12.472984313964844,12.472984313964844
93,81,81,112.08165,248.0,125.0,-12.918350219726562,12.918350219726562
93,82,82,109.922295,247.0,125.0,-15.077705383300781,15.077705383300781
93,83,83,111.4199,246.0,125.0,-13.580101013183594,13.580101013183594
93,84,84,112.09665,245.0,125.0,-12.903350830078125,12.903350830078125
93,85,85,112.392746,244.0,125.0,-12.607254028320312,12.607254028320312
93,86,86,108.835266,243.0,125.0,-16.16473388671875,16.16473388671875
93,87,87,110.46573,242.0,125.0,-14.534271240234375,14.534271240234375
93,88,88,113.055534,241.0,125.0,-11.944465637207031,11.944465637207031
93,89,89,112.552216,240.0,125.0,-12.447784423828125,12.447784423828125
93,90,90,112.35862,239.0,125.0,-12.641380310058594,12.641380310058594
93,91,91,107.95993,238.0,125.0,-17.040069580078125,17.040069580078125
93,92,92,108.38614,237.0,125.0,-16.613861083984375,16.613861083984375
93,93,93,107.39784,236.0,125.0,-17.602157592773438,17.602157592773438
93,94,94,97.82462,235.0,125.0,-27.175376892089844,27.175376892089844
93,95,95,102.7991,234.0,125.0,-22.200897216796875,22.200897216796875
93,96,96,104.330894,233.0,125.0,-20.669105529785156,20.669105529785156
93,97,97,108.72513,232.0,125.0,-16.274871826171875,16.274871826171875
93,98,98,109.33098,231.0,125.0,-15.669021606445312,15.669021606445312
93,99,99,109.67121,230.0,125.0,-15.328788757324219,15.328788757324219
93,100,100,109.83373,229.0,125.0,-15.166267395019531,15.166267395019531
93,101,101,111.16642,228.0,125.0,-13.833580017089844,13.833580017089844
93,102,102,112.72763,227.0,125.0,-12.272369384765625,12.272369384765625
93,103,103,113.197624,226.0,125.0,-11.802375793457031,11.802375793457031
93,104,104,112.623634,225.0,125.0,-12.376365661621094,12.376365661621094
93,105,105,112.549774,224.0,125.0,-12.450225830078125,12.450225830078125
93,106,106,112.880646,223.0,125.0,-12.119354248046875,12.119354248046875
93,107,107,111.25103,222.0,125.0,-13.748970031738281,13.748970031738281
93,108,108,110.29335,221.0,125.0,-14.706649780273438,14.706649780273438
93,109,109,111.47946,220.0,125.0,-13.520538330078125,13.520538330078125
93,110,110,111.205154,219.0,125.0,-13.794845581054688,13.794845581054688
93,111,111,109.7434,218.0,125.0,-15.256599426269531,15.256599426269531
93,112,112,109.63688,217.0,125.0,-15.363121032714844,15.363121032714844
93,113,113,111.47545,216.0,125.0,-13.524551391601562,13.524551391601562
93,114,114,112.14963,215.0,125.0,-12.850372314453125,12.850372314453125
93,115,115,111.44173,214.0,125.0,-13.558273315429688,13.558273315429688
93,116,116,111.27486,213.0,125.0,-13.725143432617188,13.725143432617188
93,117,117,109.09364,212.0,125.0,-15.906356811523438,15.906356811523438
93,118,118,110.34592,211.0,125.0,-14.654083251953125,14.654083251953125
93,119,119,111.15417,210.0,125.0,-13.845832824707031,13.845832824707031
93,120,120,111.8823,209.0,125.0,-13.117698669433594,13.117698669433594
93,121,121,109.58991,208.0,125.0,-15.410087585449219,15.410087585449219
93,122,122,110.31261,207.0,125.0,-14.687393188476562,14.687393188476562
93,123,123,110.063675,206.0,125.0,-14.936325073242188,14.936325073242188
93,124,124,105.776985,205.0,125.0,-19.22301483154297,19.22301483154297
93,125,125,108.754745,204.0,125.0,-16.245254516601562,16.245254516601562
93,126,126,101.201225,203.0,125.0,-23.79877471923828,23.79877471923828
93,127,127,100.422,202.0,125.0,-24.5780029296875,24.5780029296875
93,128,128,89.24432,201.0,125.0,-35.75567626953125,35.75567626953125
93,129,129,84.20888,200.0,125.0,-40.79112243652344,40.79112243652344
93,130,130,81.37103,199.0,125.0,-43.62896728515625,43.62896728515625
93,131,131,85.407776,198.0,125.0,-39.59222412109375,39.59222412109375
93,132,132,97.748085,197.0,125.0,-27.251914978027344,27.251914978027344
93,133,133,99.380005,196.0,125.0,-25.6199951171875,25.6199951171875
93,134,134,96.50905,195.0,125.0,-28.490951538085938,28.490951538085938
93,135,135,97.90893,194.0,125.0,-27.09107208251953,27.09107208251953
93,136,136,106.84197,193.0,125.0,-18.15802764892578,18.15802764892578
93,137,137,109.11226,192.0,125.0,-15.887741088867188,15.887741088867188
93,138,138,107.89219,191.0,125.0,-17.107810974121094,17.107810974121094
93,139,139,107.35746,190.0,125.0,-17.642539978027344,17.642539978027344
93,140,140,108.26773,189.0,125.0,-16.732269287109375,16.732269287109375
93,141,141,102.016335,188.0,125.0,-22.983665466308594,22.983665466308594
93,142,142,107.78438,187.0,125.0,-17.215621948242188,17.215621948242188
93,143,143,110.377144,186.0,125.0,-14.622856140136719,14.622856140136719
93,144,144,110.57174,185.0,125.0,-14.428260803222656,14.428260803222656
93,145,145,109.28057,184.0,125.0,-15.719429016113281,15.719429016113281
93,146,146,106.99871,183.0,125.0,-18.00128936767578,18.00128936767578
93,147,147,100.464264,182.0,125.0,-24.535736083984375,24.535736083984375
93,148,148,101.70906,181.0,125.0,-23.290939331054688,23.290939331054688
93,149,149,101.672104,180.0,125.0,-23.327896118164062,23.327896118164062
93,150,150,106.63392,179.0,125.0,-18.36608123779297,18.36608123779297
93,151,151,102.903244,178.0,125.0,-22.096755981445312,22.096755981445312
93,152,152,100.262726,177.0,125.0,-24.737274169921875,24.737274169921875
93,153,153,105.53195,176.0,125.0,-19.468048095703125,19.468048095703125
93,154,154,107.153244,175.0,125.0,-17.846755981445312,17.846755981445312
93,155,155,109.35199,174.0,125.0,-15.64801025390625,15.64801025390625
93,156,156,109.57689,173.0,125.0,-15.423110961914062,15.423110961914062
93,157,157,110.66575,172.0,125.0,-14.334251403808594,14.334251403808594
93,158,158,110.24413,171.0,125.0,-14.755867004394531,14.755867004394531
93,159,159,106.02639,170.0,125.0,-18.973609924316406,18.973609924316406
93,160,160,108.10611,169.0,125.0,-16.893890380859375,16.893890380859375
93,161,161,105.44096,168.0,125.0,-19.559036254882812,19.559036254882812
93,162,162,103.7166,167.0,125.0,-21.283401489257812,21.283401489257812
93,163,163,102.511665,166.0,125.0,-22.48833465576172,22.48833465576172
93,164,164,103.42547,165.0,125.0,-21.57453155517578,21.57453155517578
93,165,165,98.61565,164.0,125.0,-26.384353637695312,26.384353637695312
93,166,166,106.34284,163.0,125.0,-18.65715789794922,18.65715789794922
93,167,167,103.01127,162.0,125.0,-21.988731384277344,21.988731384277344
93,168,168,104.5551,161.0,125.0,-20.444900512695312,20.444900512695312
93,169,169,107.411255,160.0,125.0,-17.5887451171875,17.5887451171875
93,170,170,107.063736,159.0,125.0,-17.936264038085938,17.936264038085938
93,171,171,97.33382,158.0,125.0,-27.666183471679688,27.666183471679688
93,172,172,100.705246,157.0,125.0,-24.294754028320312,24.294754028320312
93,173,173,106.13724,156.0,125.0,-18.862762451171875,18.862762451171875
93,174,174,108.39787,155.0,125.0,-16.602127075195312,16.602127075195312
93,175,175,106.3338,154.0,125.0,-18.66619873046875,18.66619873046875
93,176,176,105.54869,153.0,125.0,-19.451309204101562,19.451309204101562
93,177,177,92.2056,152.0,125.0,-32.794403076171875,32.794403076171875
93,178,178,89.574554,151.0,125.0,-35.425445556640625,35.425445556640625
93,179,179,88.92269,150.0,125.0,-36.077308654785156,36.077308654785156
93,180,180,96.1759,149.0,125.0,-28.8240966796875,28.8240966796875
93,181,181,91.53064,148.0,125.0,-33.4693603515625,33.4693603515625
93,182,182,80.097336,147.0,125.0,-44.90266418457031,44.90266418457031
93,183,183,77.64398,146.0,125.0,-47.35601806640625,47.35601806640625
93,184,184,76.126656,145.0,125.0,-48.87334442138672,48.87334442138672
93,185,185,70.57919,144.0,125.0,-54.420806884765625,54.420806884765625
93,186,186,64.86303,143.0,125.0,-60.13697052001953,60.13697052001953
93,187,187,77.708084,142.0,125.0,-47.29191589355469,47.29191589355469
93,188,188,78.218254,141.0,125.0,-46.78174591064453,46.78174591064453
93,189,189,77.76625,140.0,125.0,-47.23374938964844,47.23374938964844
93,190,190,86.52748,139.0,125.0,-38.47251892089844,38.47251892089844
93,191,191,87.67866,138.0,125.0,-37.32134246826172,37.32134246826172
93,192,192,81.72357,137.0,125.0,-43.27642822265625,43.27642822265625
93,193,193,79.07329,136.0,125.0,-45.92671203613281,45.92671203613281
93,194,194,85.984,135.0,125.0,-39.01599884033203,39.01599884033203
93,195,195,83.20788,134.0,125.0,-41.79212188720703,41.79212188720703
93,196,196,83.975464,133.0,125.0,-41.0245361328125,41.0245361328125
93,197,197,78.12332,132.0,125.0,-46.876678466796875,46.876678466796875
93,198,198,79.323,131.0,125.0,-45.677001953125,45.677001953125
93,199,199,78.97546,130.0,125.0,-46.02454376220703,46.02454376220703
93,200,200,74.802734,129.0,125.0,-50.197265625,50.197265625
93,201,201,70.8746,128.0,125.0,-54.125396728515625,54.125396728515625
93,202,202,71.51318,127.0,125.0,-53.48681640625,53.48681640625
93,203,203,74.432365,126.0,125.0,-50.56763458251953,50.56763458251953
93,204,204,74.98481,125.0,125.0,-50.01519012451172,50.01519012451172
93,205,205,77.73369,124.0,124.0,-46.26631164550781,46.26631164550781
93,206,206,78.92281,123.0,123.0,-44.077186584472656,44.077186584472656
93,207,207,72.83608,122.0,122.0,-49.163917541503906,49.163917541503906
93,208,208,71.7525,121.0,121.0,-49.24749755859375,49.24749755859375
93,209,209,70.71982,120.0,120.0,-49.280181884765625,49.280181884765625
93,210,210,70.13316,119.0,119.0,-48.86683654785156,48.86683654785156
93,211,211,71.184875,118.0,118.0,-46.81512451171875,46.81512451171875
93,212,212,77.6864,117.0,117.0,-39.3135986328125,39.3135986328125
93,213,213,75.18055,116.0,116.0,-40.81945037841797,40.81945037841797
93,214,214,69.72401,115.0,115.0,-45.27599334716797,45.27599334716797
93,215,215,59.73502,114.0,114.0,-54.26498031616211,54.26498031616211
93,216,216,54.593983,113.0,113.0,-58.4060173034668,58.4060173034668
93,217,217,58.53472,112.0,112.0,-53.46527862548828,53.46527862548828
93,218,218,59.106705,111.0,111.0,-51.89329528808594,51.89329528808594
93,219,219,62.947037,110.0,110.0,-47.05296325683594,47.05296325683594
93,220,220,67.12766,109.0,109.0,-41.872337341308594,41.872337341308594
93,221,221,65.80165,108.0,108.0,-42.19834899902344,42.19834899902344
93,222,222,59.92372,107.0,107.0,-47.07627868652344,47.07627868652344
93,223,223,55.649754,106.0,106.0,-50.35024642944336,50.35024642944336
93,224,224,57.633926,105.0,105.0,-47.36607360839844,47.36607360839844
93,225,225,55.518894,104.0,104.0,-48.48110580444336,48.48110580444336
93,226,226,48.80968,103.0,103.0,-54.1903190612793,54.1903190612793
93,227,227,45.97916,102.0,102.0,-56.02083969116211,56.02083969116211
93,228,228,47.108025,101.0,101.0,-53.89197540283203,53.89197540283203
93,229,229,48.748867,100.0,100.0,-51.25113296508789,51.25113296508789
93,230,230,52.044453,99.0,99.0,-46.95554733276367,46.95554733276367
93,231,231,50.565407,98.0,98.0,-47.434593200683594,47.434593200683594
93,232,232,54.714806,97.0,97.0,-42.285194396972656,42.285194396972656
93,233,233,52.06588,96.0,96.0,-43.934120178222656,43.934120178222656
93,234,234,50.31316,95.0,95.0,-44.68684005737305,44.68684005737305
93,235,235,50.882572,94.0,94.0,-43.117427825927734,43.117427825927734
93,236,236,51.944103,93.0,93.0,-41.0558967590332,41.0558967590332
93,237,237,48.002453,92.0,92.0,-43.9975471496582,43.9975471496582
93,238,238,45.589466,91.0,91.0,-45.4105339050293,45.4105339050293
93,239,239,45.077877,90.0,90.0,-44.922122955322266,44.922122955322266
93,240,240,43.757603,89.0,89.0,-45.24239730834961,45.24239730834961
93,241,241,43.787178,88.0,88.0,-44.21282196044922,44.21282196044922
93,242,242,40.554195,87.0,87.0,-46.445804595947266,46.445804595947266
93,243,243,40.741558,86.0,86.0,-45.25844192504883,45.25844192504883
93,244,244,43.344982,85.0,85.0,-41.6550178527832,41.6550178527832
94,1,1,116.71951,187.0,125.0,-8.280487060546875,8.280487060546875
94,2,2,113.14966,186.0,125.0,-11.850341796875,11.850341796875
94,3,3,107.98802,185.0,125.0,-17.011978149414062,17.011978149414062
94,4,4,109.00986,184.0,125.0,-15.990142822265625,15.990142822265625
94,5,5,106.12509,183.0,125.0,-18.874908447265625,18.874908447265625
94,6,6,110.91356,182.0,125.0,-14.086441040039062,14.086441040039062
94,7,7,115.99337,181.0,125.0,-9.006629943847656,9.006629943847656
94,8,8,121.72059,180.0,125.0,-3.2794113159179688,3.2794113159179688
94,9,9,121.1031,179.0,125.0,-3.8968963623046875,3.8968963623046875
94,10,10,119.721596,178.0,125.0,-5.278404235839844,5.278404235839844
94,11,11,121.301094,177.0,125.0,-3.6989059448242188,3.6989059448242188
94,12,12,120.55868,176.0,125.0,-4.441322326660156,4.441322326660156
94,13,13,120.453,175.0,125.0,-4.5469970703125,4.5469970703125
94,14,14,118.83269,174.0,125.0,-6.1673126220703125,6.1673126220703125
94,15,15,118.56744,173.0,125.0,-6.432563781738281,6.432563781738281
94,16,16,117.889725,172.0,125.0,-7.1102752685546875,7.1102752685546875
94,17,17,119.47969,171.0,125.0,-5.5203094482421875,5.5203094482421875
94,18,18,120.07334,170.0,125.0,-4.926658630371094,4.926658630371094
94,19,19,120.10988,169.0,125.0,-4.8901214599609375,4.8901214599609375
94,20,20,123.77152,168.0,125.0,-1.2284774780273438,1.2284774780273438
94,21,21,123.95259,167.0,125.0,-1.0474090576171875,1.0474090576171875
94,22,22,122.6704,166.0,125.0,-2.3295974731445312,2.3295974731445312
94,23,23,123.52823,165.0,125.0,-1.471771240234375,1.471771240234375
94,24,24,117.09863,164.0,125.0,-7.9013671875,7.9013671875
94,25,25,116.18321,163.0,125.0,-8.816787719726562,8.816787719726562
94,26,26,117.77187,162.0,125.0,-7.228126525878906,7.228126525878906
94,27,27,108.22214,161.0,125.0,-16.777862548828125,16.777862548828125
94,28,28,110.95978,160.0,125.0,-14.04022216796875,14.04022216796875
94,29,29,111.14983,159.0,125.0,-13.850166320800781,13.850166320800781
94,30,30,106.90288,158.0,125.0,-18.097122192382812,18.097122192382812
94,31,31,111.566734,157.0,125.0,-13.433265686035156,13.433265686035156
94,32,32,56.74295,156.0,125.0,-68.25704956054688,68.25704956054688
94,33,33,100.26987,155.0,125.0,-24.730133056640625,24.730133056640625
94,34,34,68.32512,154.0,125.0,-56.67488098144531,56.67488098144531
94,35,35,87.37107,153.0,125.0,-37.628929138183594,37.628929138183594
94,36,36,81.21762,152.0,125.0,-43.782379150390625,43.782379150390625
94,37,37,97.45719,151.0,125.0,-27.542808532714844,27.542808532714844
94,38,38,105.08437,150.0,125.0,-19.915626525878906,19.915626525878906
94,39,39,108.673615,149.0,125.0,-16.326385498046875,16.326385498046875
94,40,40,107.4487,148.0,125.0,-17.551300048828125,17.551300048828125
94,41,41,111.40196,147.0,125.0,-13.598037719726562,13.598037719726562
94,42,42,113.14102,146.0,125.0,-11.858978271484375,11.858978271484375
94,43,43,113.48725,145.0,125.0,-11.512748718261719,11.512748718261719
94,44,44,113.5396,144.0,125.0,-11.460403442382812,11.460403442382812
94,45,45,113.52775,143.0,125.0,-11.472251892089844,11.472251892089844
94,46,46,113.4703,142.0,125.0,-11.529701232910156,11.529701232910156
94,47,47,113.08526,141.0,125.0,-11.914741516113281,11.914741516113281
94,48,48,113.33959,140.0,125.0,-11.660408020019531,11.660408020019531
94,49,49,113.04187,139.0,125.0,-11.9581298828125,11.9581298828125
94,50,50,113.35506,138.0,125.0,-11.644943237304688,11.644943237304688
94,51,51,113.25752,137.0,125.0,-11.742477416992188,11.742477416992188
94,52,52,113.308975,136.0,125.0,-11.691024780273438,11.691024780273438
94,53,53,113.63874,135.0,125.0,-11.361259460449219,11.361259460449219
94,54,54,113.508804,134.0,125.0,-11.491195678710938,11.491195678710938
94,55,55,113.55423,133.0,125.0,-11.445770263671875,11.445770263671875
94,56,56,113.91992,132.0,125.0,-11.080078125,11.080078125
94,57,57,114.029854,131.0,125.0,-10.970146179199219,10.970146179199219
94,58,58,114.03258,130.0,125.0,-10.967422485351562,10.967422485351562
94,59,59,113.86012,129.0,125.0,-11.139877319335938,11.139877319335938
94,60,60,112.965,128.0,125.0,-12.035003662109375,12.035003662109375
94,61,61,113.26068,127.0,125.0,-11.73931884765625,11.73931884765625
94,62,62,113.64787,126.0,125.0,-11.352127075195312,11.352127075195312
94,63,63,113.384544,125.0,125.0,-11.615455627441406,11.615455627441406
94,64,64,113.393555,124.0,124.0,-10.6064453125,10.6064453125
94,65,65,112.63208,123.0,123.0,-10.367919921875,10.367919921875
94,66,66,112.9487,122.0,122.0,-9.051300048828125,9.051300048828125
94,67,67,112.936646,121.0,121.0,-8.0633544921875,8.0633544921875
94,68,68,112.07579,120.0,120.0,-7.9242095947265625,7.9242095947265625
94,69,69,112.813576,119.0,119.0,-6.186424255371094,6.186424255371094
94,70,70,111.624115,118.0,118.0,-6.375885009765625,6.375885009765625
94,71,71,111.35165,117.0,117.0,-5.648353576660156,5.648353576660156
94,72,72,112.307434,116.0,116.0,-3.69256591796875,3.69256591796875
94,73,73,110.25926,115.0,115.0,-4.7407379150390625,4.7407379150390625
94,74,74,110.32133,114.0,114.0,-3.6786727905273438,3.6786727905273438
94,75,75,109.15198,113.0,113.0,-3.8480224609375,3.8480224609375
94,76,76,111.72246,112.0,112.0,-0.2775421142578125,0.2775421142578125
94,77,77,111.29591,111.0,111.0,0.2959136962890625,0.2959136962890625
94,78,78,111.280685,110.0,110.0,1.2806854248046875,1.2806854248046875
94,79,79,112.65355,109.0,109.0,3.6535491943359375,3.6535491943359375
94,80,80,108.765114,108.0,108.0,0.7651138305664062,0.7651138305664062
94,81,81,106.72685,107.0,107.0,-0.2731475830078125,0.2731475830078125
94,82,82,106.103676,106.0,106.0,0.10367584228515625,0.10367584228515625
94,83,83,107.24079,105.0,105.0,2.2407913208007812,2.2407913208007812
94,84,84,103.793106,104.0,104.0,-0.2068939208984375,0.2068939208984375
94,85,85,83.23952,103.0,103.0,-19.760482788085938,19.760482788085938
94,86,86,94.27486,102.0,102.0,-7.7251434326171875,7.7251434326171875
94,87,87,79.66496,101.0,101.0,-21.335037231445312,21.335037231445312
94,88,88,66.87385,100.0,100.0,-33.12615203857422,33.12615203857422
94,89,89,65.195145,99.0,99.0,-33.80485534667969,33.80485534667969
94,90,90,62.10882,98.0,98.0,-35.891178131103516,35.891178131103516
94,91,91,71.53811,97.0,97.0,-25.461891174316406,25.461891174316406
94,92,92,78.69608,96.0,96.0,-17.303916931152344,17.303916931152344
94,93,93,79.47929,95.0,95.0,-15.520713806152344,15.520713806152344
94,94,94,75.13123,94.0,94.0,-18.86876678466797,18.86876678466797
94,95,95,88.26495,93.0,93.0,-4.73504638671875,4.73504638671875
94,96,96,76.59817,92.0,92.0,-15.401832580566406,15.401832580566406
94,97,97,78.929344,91.0,91.0,-12.070655822753906,12.070655822753906
94,98,98,80.705284,90.0,90.0,-9.294715881347656,9.294715881347656
94,99,99,86.68564,89.0,89.0,-2.314361572265625,2.314361572265625
94,100,100,97.90924,88.0,88.0,9.90924072265625,9.90924072265625
94,101,101,103.94851,87.0,87.0,16.948509216308594,16.948509216308594
94,102,102,103.50722,86.0,86.0,17.507217407226562,17.507217407226562
94,103,103,98.79651,85.0,85.0,13.7965087890625,13.7965087890625
94,104,104,83.69034,84.0,84.0,-0.309661865234375,0.309661865234375
94,105,105,65.882355,83.0,83.0,-17.117645263671875,17.117645263671875
94,106,106,60.946674,82.0,82.0,-21.053325653076172,21.053325653076172
94,107,107,65.34595,81.0,81.0,-15.654052734375,15.654052734375
94,108,108,61.618,80.0,80.0,-18.381999969482422,18.381999969482422
94,109,109,74.375,79.0,79.0,-4.625,4.625
94,110,110,52.912014,78.0,78.0,-25.08798599243164,25.08798599243164
94,111,111,55.34073,77.0,77.0,-21.659271240234375,21.659271240234375
94,112,112,62.778316,76.0,76.0,-13.221683502197266,13.221683502197266
94,113,113,69.60605,75.0,75.0,-5.393951416015625,5.393951416015625
94,114,114,66.508415,74.0,74.0,-7.491584777832031,7.491584777832031
94,115,115,67.58487,73.0,73.0,-5.415130615234375,5.415130615234375
94,116,116,69.050316,72.0,72.0,-2.9496841430664062,2.9496841430664062
94,117,117,62.082542,71.0,71.0,-8.917457580566406,8.917457580566406
94,118,118,62.669197,70.0,70.0,-7.330802917480469,7.330802917480469
94,119,119,68.73981,69.0,69.0,-0.26019287109375,0.26019287109375
94,120,120,61.34263,68.0,68.0,-6.657371520996094,6.657371520996094
94,121,121,64.68054,67.0,67.0,-2.3194580078125,2.3194580078125
94,122,122,67.66857,66.0,66.0,1.6685714721679688,1.6685714721679688
94,123,123,63.611095,65.0,65.0,-1.3889045715332031,1.3889045715332031
94,124,124,62.46746,64.0,64.0,-1.5325393676757812,1.5325393676757812
94,125,125,65.10836,63.0,63.0,2.1083602905273438,2.1083602905273438
94,126,126,61.330544,62.0,62.0,-0.6694564819335938,0.6694564819335938
94,127,127,70.92148,61.0,61.0,9.921478271484375,9.921478271484375
94,128,128,65.587975,60.0,60.0,5.587974548339844,5.587974548339844
94,129,129,66.15729,59.0,59.0,7.15728759765625,7.15728759765625
94,130,130,65.61817,58.0,58.0,7.618171691894531,7.618171691894531
94,131,131,60.07713,57.0,57.0,3.077129364013672,3.077129364013672
94,132,132,67.63318,56.0,56.0,11.6331787109375,11.6331787109375
94,133,133,67.42641,55.0,55.0,12.426406860351562,12.426406860351562
95,1,1,123.93304,216.0,125.0,-1.0669631958007812,1.0669631958007812
95,2,2,123.360825,215.0,125.0,-1.6391754150390625,1.6391754150390625
95,3,3,123.41472,214.0,125.0,-1.5852813720703125,1.5852813720703125
95,4,4,123.3338,213.0,125.0,-1.66619873046875,1.66619873046875
95,5,5,122.17763,212.0,125.0,-2.8223724365234375,2.8223724365234375
95,6,6,120.228134,211.0,125.0,-4.7718658447265625,4.7718658447265625
95,7,7,119.95722,210.0,125.0,-5.042778015136719,5.042778015136719
95,8,8,120.97643,209.0,125.0,-4.023567199707031,4.023567199707031
95,9,9,121.53766,208.0,125.0,-3.46234130859375,3.46234130859375
95,10,10,121.60258,207.0,125.0,-3.3974227905273438,3.3974227905273438
95,11,11,122.00513,206.0,125.0,-2.994873046875,2.994873046875
95,12,12,122.68555,205.0,125.0,-2.314453125,2.314453125
95,13,13,122.77664,204.0,125.0,-2.223358154296875,2.223358154296875
95,14,14,123.32628,203.0,125.0,-1.6737213134765625,1.6737213134765625
95,15,15,123.53107,202.0,125.0,-1.46893310546875,1.46893310546875
95,16,16,122.40835,201.0,125.0,-2.5916519165039062,2.5916519165039062
95,17,17,122.100945,200.0,125.0,-2.8990554809570312,2.8990554809570312
95,18,18,121.64752,199.0,125.0,-3.35247802734375,3.35247802734375
95,19,19,121.707985,198.0,125.0,-3.2920150756835938,3.2920150756835938
95,20,20,122.48491,197.0,125.0,-2.5150909423828125,2.5150909423828125
95,21,21,122.19072,196.0,125.0,-2.8092803955078125,2.8092803955078125
95,22,22,122.702774,195.0,125.0,-2.2972259521484375,2.2972259521484375
95,23,23,122.015015,194.0,125.0,-2.9849853515625,2.9849853515625
95,24,24,120.92271,193.0,125.0,-4.077293395996094,4.077293395996094
95,25,25,121.23548,192.0,125.0,-3.7645187377929688,3.7645187377929688
95,26,26,120.86252,191.0,125.0,-4.137481689453125,4.137481689453125
95,27,27,121.58123,190.0,125.0,-3.4187698364257812,3.4187698364257812
95,28,28,120.0659,189.0,125.0,-4.9340972900390625,4.9340972900390625
95,29,29,120.99687,188.0,125.0,-4.0031280517578125,4.0031280517578125
95,30,30,119.682945,187.0,125.0,-5.317054748535156,5.317054748535156
95,31,31,120.98168,186.0,125.0,-4.018318176269531,4.018318176269531
95,32,32,120.80025,185.0,125.0,-4.1997528076171875,4.1997528076171875
95,33,33,119.42893,184.0,125.0,-5.571067810058594,5.571067810058594
95,34,34,122.04566,183.0,125.0,-2.9543380737304688,2.9543380737304688
95,35,35,120.59118,182.0,125.0,-4.408821105957031,4.408821105957031
95,36,36,121.47926,181.0,125.0,-3.5207366943359375,3.5207366943359375
95,37,37,121.98492,180.0,125.0,-3.0150833129882812,3.0150833129882812
95,38,38,122.44842,179.0,125.0,-2.5515823364257812,2.5515823364257812
95,39,39,121.670135,178.0,125.0,-3.329864501953125,3.329864501953125
95,40,40,121.703186,177.0,125.0,-3.29681396484375,3.29681396484375
95,41,41,120.49549,176.0,125.0,-4.504508972167969,4.504508972167969
95,42,42,121.010796,175.0,125.0,-3.9892044067382812,3.9892044067382812
95,43,43,119.95613,174.0,125.0,-5.0438690185546875,5.0438690185546875
95,44,44,119.43555,173.0,125.0,-5.564453125,5.564453125
95,45,45,119.828964,172.0,125.0,-5.1710357666015625,5.1710357666015625
95,46,46,121.339066,171.0,125.0,-3.6609344482421875,3.6609344482421875
95,47,47,119.63051,170.0,125.0,-5.3694915771484375,5.3694915771484375
95,48,48,118.85129,169.0,125.0,-6.148712158203125,6.148712158203125
95,49,49,119.394875,168.0,125.0,-5.605125427246094,5.605125427246094
95,50,50,118.81107,167.0,125.0,-6.188926696777344,6.188926696777344
95,51,51,118.02955,166.0,125.0,-6.970451354980469,6.970451354980469
95,52,52,118.33588,165.0,125.0,-6.66412353515625,6.66412353515625
95,53,53,114.66755,164.0,125.0,-10.332450866699219,10.332450866699219
95,54,54,116.42997,163.0,125.0,-8.570030212402344,8.570030212402344
95,55,55,112.42958,162.0,125.0,-12.570419311523438,12.570419311523438
95,56,56,115.00284,161.0,125.0,-9.997161865234375,9.997161865234375
95,57,57,118.304276,160.0,125.0,-6.6957244873046875,6.6957244873046875
95,58,58,116.02287,159.0,125.0,-8.977127075195312,8.977127075195312
95,59,59,120.69715,158.0,125.0,-4.302848815917969,4.302848815917969
95,60,60,120.44884,157.0,125.0,-4.5511627197265625,4.5511627197265625
95,61,61,120.27937,156.0,125.0,-4.7206268310546875,4.7206268310546875
95,62,62,119.76091,155.0,125.0,-5.2390899658203125,5.2390899658203125
95,63,63,121.0997,154.0,125.0,-3.900299072265625,3.900299072265625
95,64,64,118.897964,153.0,125.0,-6.1020355224609375,6.1020355224609375
95,65,65,111.97189,152.0,125.0,-13.028106689453125,13.028106689453125
95,66,66,112.99002,151.0,125.0,-12.009979248046875,12.009979248046875
95,67,67,115.728195,150.0,125.0,-9.271804809570312,9.271804809570312
95,68,68,117.535286,149.0,125.0,-7.464714050292969,7.464714050292969
95,69,69,108.12295,148.0,125.0,-16.877052307128906,16.877052307128906
95,70,70,109.92906,147.0,125.0,-15.070938110351562,15.070938110351562
95,71,71,114.72823,146.0,125.0,-10.271766662597656,10.271766662597656
95,72,72,117.856705,145.0,125.0,-7.1432952880859375,7.1432952880859375
95,73,73,116.12633,144.0,125.0,-8.873672485351562,8.873672485351562
95,74,74,118.4199,143.0,125.0,-6.580101013183594,6.580101013183594
95,75,75,117.148026,142.0,125.0,-7.8519744873046875,7.8519744873046875
95,76,76,120.59766,141.0,125.0,-4.40234375,4.40234375
95,77,77,118.87034,140.0,125.0,-6.129661560058594,6.129661560058594
95,78,78,112.686195,139.0,125.0,-12.313804626464844,12.313804626464844
95,79,79,113.32986,138.0,125.0,-11.670143127441406,11.670143127441406
95,80,80,114.40057,137.0,125.0,-10.59942626953125,10.59942626953125
95,81,81,115.41278,136.0,125.0,-9.58721923828125,9.58721923828125
95,82,82,115.62239,135.0,125.0,-9.377609252929688,9.377609252929688
95,83,83,110.162094,134.0,125.0,-14.837905883789062,14.837905883789062
95,84,84,110.509125,133.0,125.0,-14.490875244140625,14.490875244140625
95,85,85,103.171585,132.0,125.0,-21.828414916992188,21.828414916992188
95,86,86,103.91203,131.0,125.0,-21.087966918945312,21.087966918945312
95,87,87,105.49867,130.0,125.0,-19.501327514648438,19.501327514648438
95,88,88,98.60304,129.0,125.0,-26.396957397460938,26.396957397460938
95,89,89,101.512535,128.0,125.0,-23.487464904785156,23.487464904785156
96,1,1,121.64576,233.0,125.0,-3.3542404174804688,3.3542404174804688
96,2,2,122.31027,232.0,125.0,-2.689727783203125,2.689727783203125
96,3,3,122.11708,231.0,125.0,-2.8829193115234375,2.8829193115234375
96,4,4,122.603836,230.0,125.0,-2.3961639404296875,2.3961639404296875
96,5,5,122.798904,229.0,125.0,-2.2010955810546875,2.2010955810546875
96,6,6,122.64215,228.0,125.0,-2.35784912109375,2.35784912109375
96,7,7,122.737755,227.0,125.0,-2.2622451782226562,2.2622451782226562
96,8,8,122.80908,226.0,125.0,-2.19091796875,2.19091796875
96,9,9,123.03684,225.0,125.0,-1.9631576538085938,1.9631576538085938
96,10,10,122.69173,224.0,125.0,-2.3082733154296875,2.3082733154296875
96,11,11,123.00618,223.0,125.0,-1.9938201904296875,1.9938201904296875
96,12,12,122.93429,222.0,125.0,-2.0657119750976562,2.0657119750976562
96,13,13,122.81845,221.0,125.0,-2.181549072265625,2.181549072265625
96,14,14,122.9981,220.0,125.0,-2.0018997192382812,2.0018997192382812
96,15,15,123.16954,219.0,125.0,-1.8304595947265625,1.8304595947265625
96,16,16,123.33899,218.0,125.0,-1.6610107421875,1.6610107421875
96,17,17,122.2354,217.0,125.0,-2.7646026611328125,2.7646026611328125
96,18,18,122.00116,216.0,125.0,-2.99884033203125,2.99884033203125
96,19,19,121.384155,215.0,125.0,-3.6158447265625,3.6158447265625
96,20,20,122.19165,214.0,125.0,-2.808349609375,2.808349609375
96,21,21,121.92796,213.0,125.0,-3.0720367431640625,3.0720367431640625
96,22,22,120.82767,212.0,125.0,-4.172332763671875,4.172332763671875
96,23,23,120.78671,211.0,125.0,-4.213287353515625,4.213287353515625
96,24,24,121.54724,210.0,125.0,-3.4527587890625,3.4527587890625
96,25,25,121.431366,209.0,125.0,-3.568634033203125,3.568634033203125
96,26,26,122.40957,208.0,125.0,-2.5904312133789062,2.5904312133789062
96,27,27,120.68027,207.0,125.0,-4.319732666015625,4.319732666015625
96,28,28,120.26323,206.0,125.0,-4.7367706298828125,4.7367706298828125
96,29,29,120.56877,205.0,125.0,-4.4312286376953125,4.4312286376953125
96,30,30,120.64927,204.0,125.0,-4.350730895996094,4.350730895996094
96,31,31,121.04294,203.0,125.0,-3.957061767578125,3.957061767578125
96,32,32,121.362785,202.0,125.0,-3.6372146606445312,3.6372146606445312
96,33,33,119.92613,201.0,125.0,-5.0738677978515625,5.0738677978515625
96,34,34,120.88889,200.0,125.0,-4.111106872558594,4.111106872558594
96,35,35,120.44565,199.0,125.0,-4.554351806640625,4.554351806640625
96,36,36,122.35248,198.0,125.0,-2.64752197265625,2.64752197265625
96,37,37,122.818474,197.0,125.0,-2.1815261840820312,2.1815261840820312
96,38,38,122.4207,196.0,125.0,-2.5792999267578125,2.5792999267578125
96,39,39,122.703735,195.0,125.0,-2.2962646484375,2.2962646484375
96,40,40,122.55519,194.0,125.0,-2.4448089599609375,2.4448089599609375
96,41,41,122.53488,193.0,125.0,-2.465118408203125,2.465118408203125
96,42,42,122.42672,192.0,125.0,-2.5732803344726562,2.5732803344726562
96,43,43,121.76788,191.0,125.0,-3.23211669921875,3.23211669921875
96,44,44,121.488495,190.0,125.0,-3.511505126953125,3.511505126953125
96,45,45,122.467514,189.0,125.0,-2.5324859619140625,2.5324859619140625
96,46,46,122.80719,188.0,125.0,-2.19281005859375,2.19281005859375
96,47,47,122.68451,187.0,125.0,-2.31549072265625,2.31549072265625
96,48,48,123.11708,186.0,125.0,-1.8829193115234375,1.8829193115234375
96,49,49,121.76111,185.0,125.0,-3.2388916015625,3.2388916015625
96,50,50,121.88163,184.0,125.0,-3.1183700561523438,3.1183700561523438
96,51,51,121.20158,183.0,125.0,-3.7984237670898438,3.7984237670898438
96,52,52,120.72404,182.0,125.0,-4.275962829589844,4.275962829589844
96,53,53,122.306015,181.0,125.0,-2.6939849853515625,2.6939849853515625
96,54,54,121.52206,180.0,125.0,-3.4779434204101562,3.4779434204101562
96,55,55,120.72421,179.0,125.0,-4.275787353515625,4.275787353515625
96,56,56,121.54873,178.0,125.0,-3.4512710571289062,3.4512710571289062
96,57,57,118.74855,177.0,125.0,-6.2514495849609375,6.2514495849609375
96,58,58,120.221146,176.0,125.0,-4.7788543701171875,4.7788543701171875
96,59,59,120.7285,175.0,125.0,-4.2714996337890625,4.2714996337890625
96,60,60,121.04254,174.0,125.0,-3.95745849609375,3.95745849609375
96,61,61,121.087906,173.0,125.0,-3.9120941162109375,3.9120941162109375
96,62,62,121.74956,172.0,125.0,-3.2504425048828125,3.2504425048828125
96,63,63,121.83196,171.0,125.0,-3.1680374145507812,3.1680374145507812
96,64,64,122.42279,170.0,125.0,-2.57720947265625,2.57720947265625
96,65,65,121.28815,169.0,125.0,-3.71185302734375,3.71185302734375
96,66,66,121.37552,168.0,125.0,-3.624481201171875,3.624481201171875
96,67,67,121.874344,167.0,125.0,-3.1256561279296875,3.1256561279296875
96,68,68,122.12467,166.0,125.0,-2.8753280639648438,2.8753280639648438
96,69,69,122.78032,165.0,125.0,-2.2196807861328125,2.2196807861328125
96,70,70,121.912476,164.0,125.0,-3.0875244140625,3.0875244140625
96,71,71,120.97991,163.0,125.0,-4.020088195800781,4.020088195800781
96,72,72,121.598526,162.0,125.0,-3.4014739990234375,3.4014739990234375
96,73,73,122.111435,161.0,125.0,-2.8885650634765625,2.8885650634765625
96,74,74,122.53899,160.0,125.0,-2.4610137939453125,2.4610137939453125
96,75,75,122.081276,159.0,125.0,-2.9187240600585938,2.9187240600585938
96,76,76,122.25227,158.0,125.0,-2.7477264404296875,2.7477264404296875
96,77,77,121.09996,157.0,125.0,-3.9000396728515625,3.9000396728515625
96,78,78,120.702515,156.0,125.0,-4.2974853515625,4.2974853515625
96,79,79,120.62918,155.0,125.0,-4.370819091796875,4.370819091796875
96,80,80,120.457306,154.0,125.0,-4.542694091796875,4.542694091796875
96,81,81,120.7664,153.0,125.0,-4.2335968017578125,4.2335968017578125
96,82,82,119.83811,152.0,125.0,-5.161888122558594,5.161888122558594
96,83,83,119.86873,151.0,125.0,-5.1312713623046875,5.1312713623046875
96,84,84,119.85226,150.0,125.0,-5.147743225097656,5.147743225097656
96,85,85,120.01076,149.0,125.0,-4.9892425537109375,4.9892425537109375
96,86,86,119.388214,148.0,125.0,-5.611785888671875,5.611785888671875
96,87,87,119.8659,147.0,125.0,-5.134101867675781,5.134101867675781
96,88,88,116.63586,146.0,125.0,-8.364143371582031,8.364143371582031
96,89,89,116.698746,145.0,125.0,-8.301254272460938,8.301254272460938
96,90,90,113.27794,144.0,125.0,-11.722061157226562,11.722061157226562
96,91,91,112.73459,143.0,125.0,-12.265411376953125,12.265411376953125
96,92,92,114.14762,142.0,125.0,-10.852378845214844,10.852378845214844
96,93,93,116.547775,141.0,125.0,-8.452224731445312,8.452224731445312
96,94,94,115.81685,140.0,125.0,-9.183151245117188,9.183151245117188
96,95,95,115.27992,139.0,125.0,-9.720077514648438,9.720077514648438
96,96,96,111.90253,138.0,125.0,-13.09747314453125,13.09747314453125
96,97,97,114.98872,137.0,125.0,-10.011276245117188,10.011276245117188
97,1,1,119.39255,215.0,125.0,-5.607452392578125,5.607452392578125
97,2,2,121.38373,214.0,125.0,-3.61627197265625,3.61627197265625
97,3,3,122.75464,213.0,125.0,-2.245361328125,2.245361328125
97,4,4,121.93097,212.0,125.0,-3.06903076171875,3.06903076171875
97,5,5,122.46803,211.0,125.0,-2.5319671630859375,2.5319671630859375
97,6,6,122.90996,210.0,125.0,-2.0900421142578125,2.0900421142578125
97,7,7,122.70345,209.0,125.0,-2.2965469360351562,2.2965469360351562
97,8,8,122.895836,208.0,125.0,-2.1041641235351562,2.1041641235351562
97,9,9,121.74088,207.0,125.0,-3.2591171264648438,3.2591171264648438
97,10,10,121.38295,206.0,125.0,-3.6170501708984375,3.6170501708984375
97,11,11,121.904755,205.0,125.0,-3.095245361328125,3.095245361328125
97,12,12,121.74906,204.0,125.0,-3.2509384155273438,3.2509384155273438
97,13,13,120.8685,203.0,125.0,-4.131500244140625,4.131500244140625
97,14,14,121.46626,202.0,125.0,-3.5337371826171875,3.5337371826171875
97,15,15,122.14232,201.0,125.0,-2.8576812744140625,2.8576812744140625
97,16,16,121.77627,200.0,125.0,-3.2237319946289062,3.2237319946289062
97,17,17,121.858795,199.0,125.0,-3.141204833984375,3.141204833984375
97,18,18,122.6577,198.0,125.0,-2.3423004150390625,2.3423004150390625
97,19,19,123.00946,197.0,125.0,-1.99053955078125,1.99053955078125
97,20,20,122.44215,196.0,125.0,-2.5578536987304688,2.5578536987304688
97,21,21,122.14745,195.0,125.0,-2.8525466918945312,2.8525466918945312
97,22,22,122.34404,194.0,125.0,-2.6559600830078125,2.6559600830078125
97,23,23,121.6531,193.0,125.0,-3.3469009399414062,3.3469009399414062
97,24,24,121.631325,192.0,125.0,-3.3686752319335938,3.3686752319335938
97,25,25,122.1405,191.0,125.0,-2.8594970703125,2.8594970703125
97,26,26,122.88968,190.0,125.0,-2.110321044921875,2.110321044921875
97,27,27,122.039795,189.0,125.0,-2.960205078125,2.960205078125
97,28,28,120.72316,188.0,125.0,-4.2768402099609375,4.2768402099609375
97,29,29,121.298294,187.0,125.0,-3.7017059326171875,3.7017059326171875
97,30,30,119.90678,186.0,125.0,-5.093223571777344,5.093223571777344
97,31,31,119.10329,185.0,125.0,-5.8967132568359375,5.8967132568359375
97,32,32,119.68355,184.0,125.0,-5.3164520263671875,5.3164520263671875
97,33,33,120.3295,183.0,125.0,-4.670501708984375,4.670501708984375
97,34,34,120.09303,182.0,125.0,-4.9069671630859375,4.9069671630859375
97,35,35,121.54999,181.0,125.0,-3.45001220703125,3.45001220703125
97,36,36,120.947205,180.0,125.0,-4.05279541015625,4.05279541015625
97,37,37,118.392075,179.0,125.0,-6.6079254150390625,6.6079254150390625
97,38,38,121.09615,178.0,125.0,-3.9038467407226562,3.9038467407226562
97,39,39,121.34477,177.0,125.0,-3.6552276611328125,3.6552276611328125
97,40,40,120.788605,176.0,125.0,-4.211395263671875,4.211395263671875
97,41,41,119.58772,175.0,125.0,-5.4122772216796875,5.4122772216796875
97,42,42,119.74909,174.0,125.0,-5.250907897949219,5.250907897949219
97,43,43,120.827484,173.0,125.0,-4.172515869140625,4.172515869140625
97,44,44,121.928314,172.0,125.0,-3.071685791015625,3.071685791015625
97,45,45,121.80549,171.0,125.0,-3.1945114135742188,3.1945114135742188
97,46,46,121.666664,170.0,125.0,-3.3333358764648438,3.3333358764648438
97,47,47,121.44713,169.0,125.0,-3.5528717041015625,3.5528717041015625
97,48,48,120.79578,168.0,125.0,-4.2042236328125,4.2042236328125
97,49,49,120.610855,167.0,125.0,-4.3891448974609375,4.3891448974609375
97,50,50,119.87842,166.0,125.0,-5.12158203125,5.12158203125
97,51,51,117.40549,165.0,125.0,-7.594512939453125,7.594512939453125
97,52,52,118.910385,164.0,125.0,-6.0896148681640625,6.0896148681640625
97,53,53,118.359024,163.0,125.0,-6.6409759521484375,6.6409759521484375
97,54,54,118.318344,162.0,125.0,-6.6816558837890625,6.6816558837890625
97,55,55,120.04284,161.0,125.0,-4.957160949707031,4.957160949707031
97,56,56,119.495575,160.0,125.0,-5.504425048828125,5.504425048828125
97,57,57,120.36684,159.0,125.0,-4.6331634521484375,4.6331634521484375
97,58,58,119.38208,158.0,125.0,-5.617919921875,5.617919921875
97,59,59,120.18956,157.0,125.0,-4.8104400634765625,4.8104400634765625
97,60,60,118.26721,156.0,125.0,-6.7327880859375,6.7327880859375
97,61,61,117.08191,155.0,125.0,-7.9180908203125,7.9180908203125
97,62,62,117.07704,154.0,125.0,-7.9229583740234375,7.9229583740234375
97,63,63,117.60813,153.0,125.0,-7.391868591308594,7.391868591308594
97,64,64,118.64433,152.0,125.0,-6.3556671142578125,6.3556671142578125
97,65,65,121.00851,151.0,125.0,-3.9914932250976562,3.9914932250976562
97,66,66,120.53921,150.0,125.0,-4.460792541503906,4.460792541503906
97,67,67,118.39289,149.0,125.0,-6.607109069824219,6.607109069824219
97,68,68,116.60191,148.0,125.0,-8.398086547851562,8.398086547851562
97,69,69,116.66669,147.0,125.0,-8.33331298828125,8.33331298828125
97,70,70,119.99849,146.0,125.0,-5.0015106201171875,5.0015106201171875
97,71,71,116.76703,145.0,125.0,-8.23297119140625,8.23297119140625
97,72,72,116.3523,144.0,125.0,-8.647697448730469,8.647697448730469
97,73,73,115.641754,143.0,125.0,-9.358245849609375,9.358245849609375
97,74,74,117.23622,142.0,125.0,-7.7637786865234375,7.7637786865234375
97,75,75,115.18196,141.0,125.0,-9.818038940429688,9.818038940429688
97,76,76,118.81603,140.0,125.0,-6.183967590332031,6.183967590332031
97,77,77,118.37756,139.0,125.0,-6.6224365234375,6.6224365234375
97,78,78,118.226425,138.0,125.0,-6.7735748291015625,6.7735748291015625
97,79,79,120.6529,137.0,125.0,-4.347099304199219,4.347099304199219
97,80,80,120.34259,136.0,125.0,-4.65740966796875,4.65740966796875
97,81,81,117.18733,135.0,125.0,-7.8126678466796875,7.8126678466796875
97,82,82,116.24191,134.0,125.0,-8.758087158203125,8.758087158203125
97,83,83,117.21225,133.0,125.0,-7.787750244140625,7.787750244140625
97,84,84,118.007225,132.0,125.0,-6.992774963378906,6.992774963378906
97,85,85,115.537056,131.0,125.0,-9.462944030761719,9.462944030761719
97,86,86,117.3735,130.0,125.0,-7.626502990722656,7.626502990722656
97,87,87,117.24495,129.0,125.0,-7.7550506591796875,7.7550506591796875
97,88,88,113.22042,128.0,125.0,-11.779579162597656,11.779579162597656
97,89,89,115.28033,127.0,125.0,-9.719673156738281,9.719673156738281
97,90,90,117.53328,126.0,125.0,-7.4667205810546875,7.4667205810546875
97,91,91,115.99476,125.0,125.0,-9.005241394042969,9.005241394042969
97,92,92,112.130554,124.0,124.0,-11.86944580078125,11.86944580078125
97,93,93,113.98726,123.0,123.0,-9.012741088867188,9.012741088867188
97,94,94,111.00116,122.0,122.0,-10.99884033203125,10.99884033203125
97,95,95,114.10945,121.0,121.0,-6.8905487060546875,6.8905487060546875
97,96,96,110.94147,120.0,120.0,-9.05853271484375,9.05853271484375
97,97,97,108.887985,119.0,119.0,-10.112014770507812,10.112014770507812
97,98,98,106.19163,118.0,118.0,-11.808372497558594,11.808372497558594
97,99,99,105.169334,117.0,117.0,-11.830665588378906,11.830665588378906
97,100,100,110.47177,116.0,116.0,-5.528228759765625,5.528228759765625
97,101,101,110.42256,115.0,115.0,-4.5774383544921875,4.5774383544921875
97,102,102,114.74277,114.0,114.0,0.742767333984375,0.742767333984375
97,103,103,109.86071,113.0,113.0,-3.1392898559570312,3.1392898559570312
97,104,104,102.11665,112.0,112.0,-9.883346557617188,9.883346557617188
97,105,105,101.70563,111.0,111.0,-9.29437255859375,9.29437255859375
97,106,106,105.206375,110.0,110.0,-4.7936248779296875,4.7936248779296875
97,107,107,108.814285,109.0,109.0,-0.1857147216796875,0.1857147216796875
97,108,108,107.72154,108.0,108.0,-0.2784576416015625,0.2784576416015625
97,109,109,109.96224,107.0,107.0,2.9622421264648438,2.9622421264648438
97,110,110,112.77629,106.0,106.0,6.7762908935546875,6.7762908935546875
97,111,111,111.462074,105.0,105.0,6.462074279785156,6.462074279785156
97,112,112,109.853676,104.0,104.0,5.853675842285156,5.853675842285156
97,113,113,110.89336,103.0,103.0,7.8933563232421875,7.8933563232421875
97,114,114,114.898544,102.0,102.0,12.898544311523438,12.898544311523438
97,115,115,112.01578,101.0,101.0,11.015777587890625,11.015777587890625
97,116,116,116.21424,100.0,100.0,16.21424102783203,16.21424102783203
97,117,117,116.87917,99.0,99.0,17.879173278808594,17.879173278808594
97,118,118,114.838806,98.0,98.0,16.83880615234375,16.83880615234375
97,119,119,116.43086,97.0,97.0,19.430862426757812,19.430862426757812
97,120,120,118.590195,96.0,96.0,22.590194702148438,22.590194702148438
97,121,121,117.174164,95.0,95.0,22.174163818359375,22.174163818359375
97,122,122,109.61781,94.0,94.0,15.617813110351562,15.617813110351562
97,123,123,114.574196,93.0,93.0,21.574195861816406,21.574195861816406
97,124,124,115.503494,92.0,92.0,23.503494262695312,23.503494262695312
97,125,125,117.030624,91.0,91.0,26.030624389648438,26.030624389648438
97,126,126,115.742065,90.0,90.0,25.7420654296875,25.7420654296875
97,127,127,111.166,89.0,89.0,22.166000366210938,22.166000366210938
97,128,128,109.26654,88.0,88.0,21.26654052734375,21.26654052734375
97,129,129,109.39519,87.0,87.0,22.395187377929688,22.395187377929688
97,130,130,106.64108,86.0,86.0,20.641082763671875,20.641082763671875
97,131,131,106.58346,85.0,85.0,21.583457946777344,21.583457946777344
97,132,132,109.46222,84.0,84.0,25.46221923828125,25.46221923828125
97,133,133,105.41673,83.0,83.0,22.416732788085938,22.416732788085938
97,134,134,82.13143,82.0,82.0,0.13143157958984375,0.13143157958984375
98,1,1,123.475845,179.0,125.0,-1.5241546630859375,1.5241546630859375
98,2,2,123.33612,178.0,125.0,-1.66387939453125,1.66387939453125
98,3,3,123.191505,177.0,125.0,-1.8084945678710938,1.8084945678710938
98,4,4,123.15024,176.0,125.0,-1.849761962890625,1.849761962890625
98,5,5,122.670746,175.0,125.0,-2.329254150390625,2.329254150390625
98,6,6,122.69929,174.0,125.0,-2.3007125854492188,2.3007125854492188
98,7,7,121.490524,173.0,125.0,-3.5094757080078125,3.5094757080078125
98,8,8,122.547104,172.0,125.0,-2.4528961181640625,2.4528961181640625
98,9,9,123.0475,171.0,125.0,-1.9524993896484375,1.9524993896484375
98,10,10,123.64496,170.0,125.0,-1.35504150390625,1.35504150390625
98,11,11,124.072075,169.0,125.0,-0.9279251098632812,0.9279251098632812
98,12,12,124.27521,168.0,125.0,-0.72479248046875,0.72479248046875
98,13,13,124.87696,167.0,125.0,-0.12303924560546875,0.12303924560546875
98,14,14,124.67214,166.0,125.0,-0.32785797119140625,0.32785797119140625
98,15,15,124.89931,165.0,125.0,-0.1006927490234375,0.1006927490234375
98,16,16,124.07998,164.0,125.0,-0.9200210571289062,0.9200210571289062
98,17,17,124.81343,163.0,125.0,-0.1865692138671875,0.1865692138671875
98,18,18,124.65762,162.0,125.0,-0.342376708984375,0.342376708984375
98,19,19,124.554565,161.0,125.0,-0.4454345703125,0.4454345703125
98,20,20,124.75852,160.0,125.0,-0.24147796630859375,0.24147796630859375
98,21,21,124.56448,159.0,125.0,-0.435516357421875,0.435516357421875
98,22,22,124.2851,158.0,125.0,-0.7148971557617188,0.7148971557617188
98,23,23,124.24859,157.0,125.0,-0.7514114379882812,0.7514114379882812
98,24,24,123.55769,156.0,125.0,-1.4423065185546875,1.4423065185546875
98,25,25,123.25195,155.0,125.0,-1.748046875,1.748046875
98,26,26,123.46858,154.0,125.0,-1.5314178466796875,1.5314178466796875
98,27,27,122.93998,153.0,125.0,-2.0600204467773438,2.0600204467773438
98,28,28,123.267555,152.0,125.0,-1.7324447631835938,1.7324447631835938
98,29,29,122.49721,151.0,125.0,-2.5027923583984375,2.5027923583984375
98,30,30,123.60925,150.0,125.0,-1.3907470703125,1.3907470703125
98,31,31,122.20269,149.0,125.0,-2.7973098754882812,2.7973098754882812
98,32,32,119.505295,148.0,125.0,-5.4947052001953125,5.4947052001953125
98,33,33,114.323135,147.0,125.0,-10.676864624023438,10.676864624023438
98,34,34,112.11016,146.0,125.0,-12.889839172363281,12.889839172363281
98,35,35,109.53897,145.0,125.0,-15.461029052734375,15.461029052734375
98,36,36,106.92494,144.0,125.0,-18.075057983398438,18.075057983398438
98,37,37,100.69131,143.0,125.0,-24.308692932128906,24.308692932128906
98,38,38,102.36685,142.0,125.0,-22.633148193359375,22.633148193359375
98,39,39,103.29817,141.0,125.0,-21.701828002929688,21.701828002929688
98,40,40,103.67122,140.0,125.0,-21.328781127929688,21.328781127929688
98,41,41,108.65677,139.0,125.0,-16.343231201171875,16.343231201171875
98,42,42,110.22651,138.0,125.0,-14.773490905761719,14.773490905761719
98,43,43,108.08281,137.0,125.0,-16.917190551757812,16.917190551757812
98,44,44,110.413635,136.0,125.0,-14.58636474609375,14.58636474609375
98,45,45,114.173996,135.0,125.0,-10.826004028320312,10.826004028320312
98,46,46,115.52928,134.0,125.0,-9.470718383789062,9.470718383789062
98,47,47,118.393585,133.0,125.0,-6.606414794921875,6.606414794921875
98,48,48,119.92259,132.0,125.0,-5.0774078369140625,5.0774078369140625
98,49,49,120.551445,131.0,125.0,-4.448554992675781,4.448554992675781
98,50,50,112.78177,130.0,125.0,-12.218231201171875,12.218231201171875
98,51,51,103.89197,129.0,125.0,-21.1080322265625,21.1080322265625
98,52,52,96.579865,128.0,125.0,-28.420135498046875,28.420135498046875
98,53,53,98.92554,127.0,125.0,-26.074462890625,26.074462890625
98,54,54,101.49948,126.0,125.0,-23.500518798828125,23.500518798828125
98,55,55,106.97283,125.0,125.0,-18.02716827392578,18.02716827392578
98,56,56,109.29389,124.0,124.0,-14.706108093261719,14.706108093261719
98,57,57,114.404495,123.0,123.0,-8.595504760742188,8.595504760742188
98,58,58,116.74847,122.0,122.0,-5.251533508300781,5.251533508300781
98,59,59,111.054184,121.0,121.0,-9.945816040039062,9.945816040039062
98,60,60,110.485695,120.0,120.0,-9.514305114746094,9.514305114746094
98,61,61,95.69455,119.0,119.0,-23.305450439453125,23.305450439453125
98,62,62,84.21448,118.0,118.0,-33.7855224609375,33.7855224609375
98,63,63,72.855415,117.0,117.0,-44.14458465576172,44.14458465576172
98,64,64,64.937035,116.0,116.0,-51.062965393066406,51.062965393066406
98,65,65,66.94931,115.0,115.0,-48.050689697265625,48.050689697265625
98,66,66,68.76565,114.0,114.0,-45.234352111816406,45.234352111816406
98,67,67,72.74039,113.0,113.0,-40.259613037109375,40.259613037109375
98,68,68,79.3642,112.0,112.0,-32.63580322265625,32.63580322265625
98,69,69,94.69827,111.0,111.0,-16.301727294921875,16.301727294921875
98,70,70,106.86421,110.0,110.0,-3.1357879638671875,3.1357879638671875
98,71,71,101.914375,109.0,109.0,-7.085624694824219,7.085624694824219
98,72,72,105.220535,108.0,108.0,-2.7794647216796875,2.7794647216796875
98,73,73,107.577515,107.0,107.0,0.5775146484375,0.5775146484375
98,74,74,110.00578,106.0,106.0,4.0057830810546875,4.0057830810546875
98,75,75,118.58692,105.0,105.0,13.586921691894531,13.586921691894531
98,76,76,116.67153,104.0,104.0,12.671531677246094,12.671531677246094
98,77,77,112.9943,103.0,103.0,9.994300842285156,9.994300842285156
98,78,78,107.48921,102.0,102.0,5.4892120361328125,5.4892120361328125
98,79,79,101.310196,101.0,101.0,0.3101959228515625,0.3101959228515625
98,80,80,94.46911,100.0,100.0,-5.530891418457031,5.530891418457031
98,81,81,79.96501,99.0,99.0,-19.034988403320312,19.034988403320312
98,82,82,71.74085,98.0,98.0,-26.25914764404297,26.25914764404297
98,83,83,69.44345,97.0,97.0,-27.556549072265625,27.556549072265625
98,84,84,76.35712,96.0,96.0,-19.64288330078125,19.64288330078125
98,85,85,93.01091,95.0,95.0,-1.9890899658203125,1.9890899658203125
98,86,86,91.09694,94.0,94.0,-2.9030609130859375,2.9030609130859375
98,87,87,92.44104,93.0,93.0,-0.5589599609375,0.5589599609375
98,88,88,86.415375,92.0,92.0,-5.584625244140625,5.584625244140625
98,89,89,81.48476,91.0,91.0,-9.515243530273438,9.515243530273438
98,90,90,78.91409,90.0,90.0,-11.085906982421875,11.085906982421875
98,91,91,83.38406,89.0,89.0,-5.615936279296875,5.615936279296875
98,92,92,93.6219,88.0,88.0,5.6219024658203125,5.6219024658203125
98,93,93,94.40149,87.0,87.0,7.4014892578125,7.4014892578125
98,94,94,100.75607,86.0,86.0,14.756072998046875,14.756072998046875
98,95,95,98.21248,85.0,85.0,13.212478637695312,13.212478637695312
98,96,96,97.22704,84.0,84.0,13.227043151855469,13.227043151855469
98,97,97,104.055824,83.0,83.0,21.055824279785156,21.055824279785156
98,98,98,104.4851,82.0,82.0,22.48509979248047,22.48509979248047
98,99,99,104.952866,81.0,81.0,23.952865600585938,23.952865600585938
98,100,100,107.524345,80.0,80.0,27.52434539794922,27.52434539794922
98,101,101,97.78672,79.0,79.0,18.786720275878906,18.786720275878906
98,102,102,103.45793,78.0,78.0,25.457931518554688,25.457931518554688
98,103,103,98.554504,77.0,77.0,21.55450439453125,21.55450439453125
98,104,104,91.15097,76.0,76.0,15.150970458984375,15.150970458984375
98,105,105,109.19609,75.0,75.0,34.19609069824219,34.19609069824219
98,106,106,110.10884,74.0,74.0,36.10884094238281,36.10884094238281
98,107,107,110.44015,73.0,73.0,37.440147399902344,37.440147399902344
98,108,108,111.27862,72.0,72.0,39.27861785888672,39.27861785888672
98,109,109,111.13896,71.0,71.0,40.13896179199219,40.13896179199219
98,110,110,106.317406,70.0,70.0,36.317405700683594,36.317405700683594
98,111,111,105.87668,69.0,69.0,36.876678466796875,36.876678466796875
98,112,112,95.059265,68.0,68.0,27.05926513671875,27.05926513671875
98,113,113,89.66057,67.0,67.0,22.660568237304688,22.660568237304688
98,114,114,102.46168,66.0,66.0,36.46167755126953,36.46167755126953
98,115,115,104.97118,65.0,65.0,39.97118377685547,39.97118377685547
98,116,116,105.7601,64.0,64.0,41.760101318359375,41.760101318359375
98,117,117,95.14642,63.0,63.0,32.14642333984375,32.14642333984375
98,118,118,75.73074,62.0,62.0,13.730743408203125,13.730743408203125
98,119,119,63.823414,61.0,61.0,2.823413848876953,2.823413848876953
98,120,120,60.970867,60.0,60.0,0.9708671569824219,0.9708671569824219
98,121,121,62.906403,59.0,59.0,3.906402587890625,3.906402587890625
99,1,1,123.6819,213.0,125.0,-1.3180999755859375,1.3180999755859375
99,2,2,123.58083,212.0,125.0,-1.4191665649414062,1.4191665649414062
99,3,3,123.66614,211.0,125.0,-1.3338623046875,1.3338623046875
99,4,4,123.85953,210.0,125.0,-1.140472412109375,1.140472412109375
99,5,5,123.98721,209.0,125.0,-1.012786865234375,1.012786865234375
99,6,6,123.90712,208.0,125.0,-1.0928802490234375,1.0928802490234375
99,7,7,123.55818,207.0,125.0,-1.4418182373046875,1.4418182373046875
99,8,8,123.20866,206.0,125.0,-1.7913436889648438,1.7913436889648438
99,9,9,123.31032,205.0,125.0,-1.6896820068359375,1.6896820068359375
99,10,10,123.61576,204.0,125.0,-1.3842391967773438,1.3842391967773438
99,11,11,123.55456,203.0,125.0,-1.4454421997070312,1.4454421997070312
99,12,12,123.854126,202.0,125.0,-1.1458740234375,1.1458740234375
99,13,13,123.52309,201.0,125.0,-1.4769134521484375,1.4769134521484375
99,14,14,123.35646,200.0,125.0,-1.6435394287109375,1.6435394287109375
99,15,15,123.456764,199.0,125.0,-1.5432357788085938,1.5432357788085938
99,16,16,123.39053,198.0,125.0,-1.609466552734375,1.609466552734375
99,17,17,123.5708,197.0,125.0,-1.42919921875,1.42919921875
99,18,18,123.68766,196.0,125.0,-1.3123397827148438,1.3123397827148438
99,19,19,123.233086,195.0,125.0,-1.7669143676757812,1.7669143676757812
99,20,20,123.07953,194.0,125.0,-1.92047119140625,1.92047119140625
99,21,21,122.79031,193.0,125.0,-2.209686279296875,2.209686279296875
99,22,22,122.25812,192.0,125.0,-2.74188232421875,2.74188232421875
99,23,23,123.07602,191.0,125.0,-1.923980712890625,1.923980712890625
99,24,24,123.181305,190.0,125.0,-1.818695068359375,1.818695068359375
99,25,25,123.44384,189.0,125.0,-1.5561599731445312,1.5561599731445312
99,26,26,122.9561,188.0,125.0,-2.0438995361328125,2.0438995361328125
99,27,27,123.2052,187.0,125.0,-1.7947998046875,1.7947998046875
99,28,28,123.59209,186.0,125.0,-1.4079132080078125,1.4079132080078125
99,29,29,123.37762,185.0,125.0,-1.6223831176757812,1.6223831176757812
99,30,30,123.50236,184.0,125.0,-1.4976425170898438,1.4976425170898438
99,31,31,123.80087,183.0,125.0,-1.199127197265625,1.199127197265625
99,32,32,123.70241,182.0,125.0,-1.2975921630859375,1.2975921630859375
99,33,33,123.408005,181.0,125.0,-1.5919952392578125,1.5919952392578125
99,34,34,123.80447,180.0,125.0,-1.1955337524414062,1.1955337524414062
99,35,35,123.62168,179.0,125.0,-1.3783187866210938,1.3783187866210938
99,36,36,123.21128,178.0,125.0,-1.7887191772460938,1.7887191772460938
99,37,37,123.35027,177.0,125.0,-1.6497268676757812,1.6497268676757812
99,38,38,123.21588,176.0,125.0,-1.78411865234375,1.78411865234375
99,39,39,123.431015,175.0,125.0,-1.5689849853515625,1.5689849853515625
99,40,40,123.46736,174.0,125.0,-1.5326385498046875,1.5326385498046875
99,41,41,123.650276,173.0,125.0,-1.3497238159179688,1.3497238159179688
99,42,42,123.74906,172.0,125.0,-1.2509384155273438,1.2509384155273438
99,43,43,123.83443,171.0,125.0,-1.1655731201171875,1.1655731201171875
99,44,44,123.66902,170.0,125.0,-1.3309783935546875,1.3309783935546875
99,45,45,123.82976,169.0,125.0,-1.1702423095703125,1.1702423095703125
99,46,46,123.35203,168.0,125.0,-1.6479721069335938,1.6479721069335938
99,47,47,123.281586,167.0,125.0,-1.718414306640625,1.718414306640625
99,48,48,122.71004,166.0,125.0,-2.2899627685546875,2.2899627685546875
99,49,49,122.98056,165.0,125.0,-2.019439697265625,2.019439697265625
99,50,50,123.744125,164.0,125.0,-1.2558746337890625,1.2558746337890625
99,51,51,123.27347,163.0,125.0,-1.726531982421875,1.726531982421875
99,52,52,123.846664,162.0,125.0,-1.1533355712890625,1.1533355712890625
99,53,53,123.79964,161.0,125.0,-1.2003631591796875,1.2003631591796875
99,54,54,123.703415,160.0,125.0,-1.2965850830078125,1.2965850830078125
99,55,55,123.76711,159.0,125.0,-1.2328872680664062,1.2328872680664062
99,56,56,123.69668,158.0,125.0,-1.3033218383789062,1.3033218383789062
99,57,57,123.33708,157.0,125.0,-1.6629180908203125,1.6629180908203125
99,58,58,123.54321,156.0,125.0,-1.456787109375,1.456787109375
99,59,59,123.25587,155.0,125.0,-1.7441329956054688,1.7441329956054688
99,60,60,122.532,154.0,125.0,-2.4680023193359375,2.4680023193359375
99,61,61,122.85402,153.0,125.0,-2.1459808349609375,2.1459808349609375
99,62,62,123.22323,152.0,125.0,-1.7767715454101562,1.7767715454101562
99,63,63,123.23872,151.0,125.0,-1.7612762451171875,1.7612762451171875
99,64,64,123.310036,150.0,125.0,-1.6899642944335938,1.6899642944335938
99,65,65,123.13136,149.0,125.0,-1.8686370849609375,1.8686370849609375
99,66,66,122.74153,148.0,125.0,-2.2584686279296875,2.2584686279296875
99,67,67,123.4557,147.0,125.0,-1.5442962646484375,1.5442962646484375
99,68,68,123.39987,146.0,125.0,-1.600128173828125,1.600128173828125
99,69,69,123.04638,145.0,125.0,-1.9536209106445312,1.9536209106445312
99,70,70,123.00142,144.0,125.0,-1.9985809326171875,1.9985809326171875
99,71,71,123.52053,143.0,125.0,-1.4794692993164062,1.4794692993164062
99,72,72,123.45834,142.0,125.0,-1.541656494140625,1.541656494140625
99,73,73,122.929276,141.0,125.0,-2.0707244873046875,2.0707244873046875
99,74,74,122.42765,140.0,125.0,-2.5723495483398438,2.5723495483398438
99,75,75,123.205185,139.0,125.0,-1.7948150634765625,1.7948150634765625
99,76,76,122.89948,138.0,125.0,-2.1005172729492188,2.1005172729492188
99,77,77,122.363464,137.0,125.0,-2.63653564453125,2.63653564453125
99,78,78,122.9656,136.0,125.0,-2.0344009399414062,2.0344009399414062
99,79,79,122.38541,135.0,125.0,-2.614593505859375,2.614593505859375
99,80,80,122.3855,134.0,125.0,-2.614501953125,2.614501953125
99,81,81,122.09305,133.0,125.0,-2.906951904296875,2.906951904296875
99,82,82,121.65369,132.0,125.0,-3.3463134765625,3.3463134765625
99,83,83,122.36148,131.0,125.0,-2.638519287109375,2.638519287109375
99,84,84,122.72713,130.0,125.0,-2.2728729248046875,2.2728729248046875
99,85,85,122.58429,129.0,125.0,-2.41571044921875,2.41571044921875
99,86,86,123.5616,128.0,125.0,-1.4384002685546875,1.4384002685546875
99,87,87,123.11064,127.0,125.0,-1.8893585205078125,1.8893585205078125
99,88,88,122.781586,126.0,125.0,-2.218414306640625,2.218414306640625
99,89,89,122.502205,125.0,125.0,-2.4977951049804688,2.4977951049804688
99,90,90,122.17628,124.0,124.0,-1.8237228393554688,1.8237228393554688
99,91,91,121.977776,123.0,123.0,-1.0222244262695312,1.0222244262695312
99,92,92,122.08754,122.0,122.0,0.0875396728515625,0.0875396728515625
99,93,93,122.07701,121.0,121.0,1.0770111083984375,1.0770111083984375
99,94,94,121.98091,120.0,120.0,1.9809112548828125,1.9809112548828125
99,95,95,120.090645,119.0,119.0,1.0906448364257812,1.0906448364257812
99,96,96,120.819046,118.0,118.0,2.8190460205078125,2.8190460205078125
99,97,97,120.47765,117.0,117.0,3.4776535034179688,3.4776535034179688
100,1,1,122.80377,217.0,125.0,-2.19622802734375,2.19622802734375
100,2,2,121.784195,216.0,125.0,-3.2158050537109375,3.2158050537109375
100,3,3,122.8984,215.0,125.0,-2.1016006469726562,2.1016006469726562
100,4,4,122.87598,214.0,125.0,-2.1240234375,2.1240234375
100,5,5,123.045135,213.0,125.0,-1.954864501953125,1.954864501953125
100,6,6,123.11569,212.0,125.0,-1.884307861328125,1.884307861328125
100,7,7,122.96253,211.0,125.0,-2.0374679565429688,2.0374679565429688
100,8,8,123.26805,210.0,125.0,-1.7319488525390625,1.7319488525390625
100,9,9,123.13919,209.0,125.0,-1.860809326171875,1.860809326171875
100,10,10,123.61055,208.0,125.0,-1.3894500732421875,1.3894500732421875
100,11,11,123.468414,207.0,125.0,-1.531585693359375,1.531585693359375
100,12,12,123.44946,206.0,125.0,-1.550537109375,1.550537109375
100,13,13,122.59441,205.0,125.0,-2.4055862426757812,2.4055862426757812
100,14,14,120.89642,204.0,125.0,-4.10357666015625,4.10357666015625
100,15,15,120.679565,203.0,125.0,-4.3204345703125,4.3204345703125
100,16,16,119.91443,202.0,125.0,-5.0855712890625,5.0855712890625
100,17,17,121.12777,201.0,125.0,-3.8722305297851562,3.8722305297851562
100,18,18,121.06484,200.0,125.0,-3.9351577758789062,3.9351577758789062
100,19,19,121.546295,199.0,125.0,-3.453704833984375,3.453704833984375
100,20,20,122.36809,198.0,125.0,-2.6319122314453125,2.6319122314453125
100,21,21,122.5738,197.0,125.0,-2.4262008666992188,2.4262008666992188
100,22,22,122.96987,196.0,125.0,-2.0301284790039062,2.0301284790039062
100,23,23,122.266556,195.0,125.0,-2.7334442138671875,2.7334442138671875
100,24,24,123.21562,194.0,125.0,-1.7843780517578125,1.7843780517578125
100,25,25,123.34979,193.0,125.0,-1.65020751953125,1.65020751953125
100,26,26,123.442184,192.0,125.0,-1.5578155517578125,1.5578155517578125
100,27,27,123.53768,191.0,125.0,-1.4623184204101562,1.4623184204101562
100,28,28,123.25807,190.0,125.0,-1.7419281005859375,1.7419281005859375
100,29,29,122.52997,189.0,125.0,-2.47003173828125,2.47003173828125
100,30,30,123.1205,188.0,125.0,-1.8795013427734375,1.8795013427734375
100,31,31,123.80029,187.0,125.0,-1.19970703125,1.19970703125
100,32,32,122.56817,186.0,125.0,-2.4318313598632812,2.4318313598632812
100,33,33,123.14717,185.0,125.0,-1.8528289794921875,1.8528289794921875
100,34,34,123.376526,184.0,125.0,-1.62347412109375,1.62347412109375
100,35,35,123.158844,183.0,125.0,-1.841156005859375,1.841156005859375
100,36,36,122.82277,182.0,125.0,-2.1772308349609375,2.1772308349609375
100,37,37,122.5656,181.0,125.0,-2.4344024658203125,2.4344024658203125
100,38,38,122.20183,180.0,125.0,-2.7981719970703125,2.7981719970703125
100,39,39,123.430466,179.0,125.0,-1.5695343017578125,1.5695343017578125
100,40,40,124.22475,178.0,125.0,-0.7752532958984375,0.7752532958984375
100,41,41,123.11673,177.0,125.0,-1.883270263671875,1.883270263671875
100,42,42,124.37008,176.0,125.0,-0.6299209594726562,0.6299209594726562
100,43,43,124.14421,175.0,125.0,-0.8557891845703125,0.8557891845703125
100,44,44,123.18288,174.0,125.0,-1.8171234130859375,1.8171234130859375
100,45,45,123.14119,173.0,125.0,-1.8588104248046875,1.8588104248046875
100,46,46,122.930046,172.0,125.0,-2.0699539184570312,2.0699539184570312
100,47,47,122.246994,171.0,125.0,-2.7530059814453125,2.7530059814453125
100,48,48,121.714134,170.0,125.0,-3.2858657836914062,3.2858657836914062
100,49,49,122.125244,169.0,125.0,-2.874755859375,2.874755859375
100,50,50,121.19859,168.0,125.0,-3.8014068603515625,3.8014068603515625
100,51,51,122.89026,167.0,125.0,-2.1097412109375,2.1097412109375
100,52,52,122.750824,166.0,125.0,-2.249176025390625,2.249176025390625
100,53,53,121.190445,165.0,125.0,-3.8095550537109375,3.8095550537109375
100,54,54,122.572655,164.0,125.0,-2.4273452758789062,2.4273452758789062
100,55,55,122.90682,163.0,125.0,-2.0931777954101562,2.0931777954101562
100,56,56,123.29792,162.0,125.0,-1.7020797729492188,1.7020797729492188
100,57,57,123.45831,161.0,125.0,-1.54168701171875,1.54168701171875
100,58,58,122.04947,160.0,125.0,-2.950531005859375,2.950531005859375
100,59,59,121.45955,159.0,125.0,-3.5404510498046875,3.5404510498046875
100,60,60,120.36954,158.0,125.0,-4.630462646484375,4.630462646484375
100,61,61,121.4784,157.0,125.0,-3.5215988159179688,3.5215988159179688
100,62,62,121.53908,156.0,125.0,-3.4609222412109375,3.4609222412109375
100,63,63,121.74172,155.0,125.0,-3.2582778930664062,3.2582778930664062
100,64,64,121.94954,154.0,125.0,-3.0504608154296875,3.0504608154296875
100,65,65,122.68168,153.0,125.0,-2.3183212280273438,2.3183212280273438
100,66,66,123.015076,152.0,125.0,-1.98492431640625,1.98492431640625
100,67,67,123.33796,151.0,125.0,-1.6620407104492188,1.6620407104492188
100,68,68,120.95201,150.0,125.0,-4.0479888916015625,4.0479888916015625
100,69,69,121.57939,149.0,125.0,-3.4206085205078125,3.4206085205078125
100,70,70,121.91289,148.0,125.0,-3.0871124267578125,3.0871124267578125
100,71,71,119.68043,147.0,125.0,-5.319572448730469,5.319572448730469
100,72,72,120.624825,146.0,125.0,-4.375175476074219,4.375175476074219
100,73,73,121.78419,145.0,125.0,-3.2158126831054688,3.2158126831054688
100,74,74,120.440796,144.0,125.0,-4.5592041015625,4.5592041015625
100,75,75,122.02612,143.0,125.0,-2.973876953125,2.973876953125
100,76,76,121.10508,142.0,125.0,-3.8949203491210938,3.8949203491210938
100,77,77,117.11299,141.0,125.0,-7.8870086669921875,7.8870086669921875
100,78,78,117.09232,140.0,125.0,-7.907676696777344,7.907676696777344
100,79,79,116.73524,139.0,125.0,-8.264762878417969,8.264762878417969
100,80,80,116.89095,138.0,125.0,-8.109046936035156,8.109046936035156
100,81,81,119.580246,137.0,125.0,-5.4197540283203125,5.4197540283203125
100,82,82,121.603165,136.0,125.0,-3.3968353271484375,3.3968353271484375
100,83,83,121.14267,135.0,125.0,-3.857330322265625,3.857330322265625
100,84,84,122.30173,134.0,125.0,-2.698272705078125,2.698272705078125
100,85,85,123.09302,133.0,125.0,-1.906982421875,1.906982421875
100,86,86,122.518974,132.0,125.0,-2.4810256958007812,2.4810256958007812
100,87,87,121.56825,131.0,125.0,-3.4317474365234375,3.4317474365234375
100,88,88,120.910446,130.0,125.0,-4.0895538330078125,4.0895538330078125
100,89,89,119.61221,129.0,125.0,-5.387786865234375,5.387786865234375
100,90,90,119.91345,128.0,125.0,-5.0865478515625,5.0865478515625
100,91,91,121.130356,127.0,125.0,-3.8696441650390625,3.8696441650390625
100,92,92,121.79805,126.0,125.0,-3.2019500732421875,3.2019500732421875
100,93,93,118.84765,125.0,125.0,-6.152351379394531,6.152351379394531
100,94,94,117.94067,124.0,124.0,-6.059333801269531,6.059333801269531
100,95,95,115.69557,123.0,123.0,-7.3044281005859375,7.3044281005859375
100,96,96,114.133125,122.0,122.0,-7.866874694824219,7.866874694824219
100,97,97,113.45282,121.0,121.0,-7.54718017578125,7.54718017578125
100,98,98,117.02678,120.0,120.0,-2.9732208251953125,2.9732208251953125
100,99,99,118.320076,119.0,119.0,-0.6799240112304688,0.6799240112304688
100,100,100,117.102135,118.0,118.0,-0.8978652954101562,0.8978652954101562
100,101,101,117.924,117.0,117.0,0.9240036010742188,0.9240036010742188
100,102,102,118.371956,116.0,116.0,2.3719558715820312,2.3719558715820312
100,103,103,118.33678,115.0,115.0,3.3367767333984375,3.3367767333984375
100,104,104,119.02559,114.0,114.0,5.0255889892578125,5.0255889892578125
100,105,105,120.33264,113.0,113.0,7.3326416015625,7.3326416015625
100,106,106,118.3076,112.0,112.0,6.3076019287109375,6.3076019287109375
100,107,107,113.24803,111.0,111.0,2.2480316162109375,2.2480316162109375
100,108,108,114.41154,110.0,110.0,4.411537170410156,4.411537170410156
100,109,109,111.928314,109.0,109.0,2.928314208984375,2.928314208984375
100,110,110,111.2464,108.0,108.0,3.24639892578125,3.24639892578125
100,111,111,115.589935,107.0,107.0,8.589935302734375,8.589935302734375
100,112,112,116.6907,106.0,106.0,10.690696716308594,10.690696716308594
100,113,113,111.09732,105.0,105.0,6.097320556640625,6.097320556640625
100,114,114,111.008865,104.0,104.0,7.0088653564453125,7.0088653564453125
100,115,115,112.58294,103.0,103.0,9.582939147949219,9.582939147949219
100,116,116,112.37478,102.0,102.0,10.374778747558594,10.374778747558594
100,117,117,115.684,101.0,101.0,14.683998107910156,14.683998107910156
100,118,118,117.877625,100.0,100.0,17.87762451171875,17.87762451171875
100,119,119,116.94629,99.0,99.0,17.9462890625,17.9462890625
100,120,120,113.73423,98.0,98.0,15.734230041503906,15.734230041503906
100,121,121,118.90448,97.0,97.0,21.90447998046875,21.90447998046875
100,122,122,120.53705,96.0,96.0,24.53704833984375,24.53704833984375
100,123,123,119.78171,95.0,95.0,24.781707763671875,24.781707763671875
100,124,124,118.04893,94.0,94.0,24.048927307128906,24.048927307128906
100,125,125,109.82887,93.0,93.0,16.828872680664062,16.828872680664062
100,126,126,101.96192,92.0,92.0,9.961921691894531,9.961921691894531
100,127,127,102.64464,91.0,91.0,11.644638061523438,11.644638061523438
100,128,128,103.678604,90.0,90.0,13.678604125976562,13.678604125976562
100,129,129,100.498085,89.0,89.0,11.498085021972656,11.498085021972656
100,130,130,101.83087,88.0,88.0,13.83087158203125,13.83087158203125
100,131,131,98.90358,87.0,87.0,11.903579711914062,11.903579711914062
100,132,132,96.07182,86.0,86.0,10.071823120117188,10.071823120117188
100,133,133,94.892044,85.0,85.0,9.892044067382812,9.892044067382812
100,134,134,105.79779,84.0,84.0,21.79779052734375,21.79779052734375
100,135,135,110.50325,83.0,83.0,27.503250122070312,27.503250122070312
100,136,136,111.4449,82.0,82.0,29.444900512695312,29.444900512695312
100,137,137,107.77133,81.0,81.0,26.771331787109375,26.771331787109375
100,138,138,110.615166,80.0,80.0,30.61516571044922,30.61516571044922
100,139,139,109.34598,79.0,79.0,30.345977783203125,30.345977783203125
100,140,140,105.55798,78.0,78.0,27.5579833984375,27.5579833984375
100,141,141,109.550095,77.0,77.0,32.55009460449219,32.55009460449219
100,142,142,107.66701,76.0,76.0,31.667007446289062,31.667007446289062
100,143,143,99.52942,75.0,75.0,24.5294189453125,24.5294189453125
100,144,144,96.569016,74.0,74.0,22.569015502929688,22.569015502929688
100,145,145,92.937965,73.0,73.0,19.937965393066406,19.937965393066406
100,146,146,92.97769,72.0,72.0,20.977691650390625,20.977691650390625
100,147,147,96.863914,71.0,71.0,25.863914489746094,25.863914489746094
100,148,148,103.81844,70.0,70.0,33.818443298339844,33.818443298339844
100,149,149,105.35524,69.0,69.0,36.35523986816406,36.35523986816406
100,150,150,97.04814,68.0,68.0,29.048141479492188,29.048141479492188
100,151,151,86.365234,67.0,67.0,19.365234375,19.365234375
100,152,152,80.95706,66.0,66.0,14.957061767578125,14.957061767578125
100,153,153,92.07845,65.0,65.0,27.078453063964844,27.078453063964844
100,154,154,85.56175,64.0,64.0,21.561752319335938,21.561752319335938
100,155,155,72.945114,63.0,63.0,9.945114135742188,9.945114135742188
100,156,156,75.04386,62.0,62.0,13.043861389160156,13.043861389160156
100,157,157,75.18412,61.0,61.0,14.184120178222656,14.184120178222656
100,158,158,76.883995,60.0,60.0,16.883995056152344,16.883995056152344
100,159,159,75.50033,59.0,59.0,16.500328063964844,16.500328063964844
100,160,160,75.49986,58.0,58.0,17.499862670898438,17.499862670898438
100,161,161,67.53727,57.0,57.0,10.537269592285156,10.537269592285156
100,162,162,64.936714,56.0,56.0,8.936714172363281,8.936714172363281
100,163,163,63.09673,55.0,55.0,8.096729278564453,8.096729278564453
100,164,164,61.91808,54.0,54.0,7.918079376220703,7.918079376220703
100,165,165,59.62443,53.0,53.0,6.624431610107422,6.624431610107422
100,166,166,60.73704,52.0,52.0,8.737041473388672,8.737041473388672
100,167,167,58.4576,51.0,51.0,7.457599639892578,7.457599639892578
100,168,168,58.883686,50.0,50.0,8.883686065673828,8.883686065673828
100,169,169,60.089745,49.0,49.0,11.089744567871094,11.089744567871094
100,170,170,58.662083,48.0,48.0,10.66208267211914,10.66208267211914
100,171,171,59.012363,47.0,47.0,12.01236343383789,12.01236343383789
100,172,172,58.652843,46.0,46.0,12.652843475341797,12.652843475341797
100,173,173,58.489834,45.0,45.0,13.48983383178711,13.48983383178711
100,174,174,58.67214,44.0,44.0,14.672138214111328,14.672138214111328
100,175,175,60.106243,43.0,43.0,17.106243133544922,17.106243133544922
100,176,176,55.42839,42.0,42.0,13.428390502929688,13.428390502929688
100,177,177,54.664566,41.0,41.0,13.664566040039062,13.664566040039062
100,178,178,53.411472,40.0,40.0,13.41147232055664,13.41147232055664
100,179,179,53.51691,39.0,39.0,14.516910552978516,14.516910552978516
100,180,180,52.751675,38.0,38.0,14.75167465209961,14.75167465209961
100,181,181,52.98952,37.0,37.0,15.989521026611328,15.989521026611328
100,182,182,51.59772,36.0,36.0,15.597721099853516,15.597721099853516
100,183,183,50.35821,35.0,35.0,15.358211517333984,15.358211517333984
100,184,184,44.16419,34.0,34.0,10.164188385009766,10.164188385009766
100,185,185,35.68896,33.0,33.0,2.6889610290527344,2.6889610290527344
100,186,186,35.783897,32.0,32.0,3.7838973999023438,3.7838973999023438
100,187,187,39.376087,31.0,31.0,8.376087188720703,8.376087188720703
100,188,188,38.518955,30.0,30.0,8.51895523071289,8.51895523071289
100,189,189,36.009544,29.0,29.0,7.009544372558594,7.009544372558594
100,190,190,33.584873,28.0,28.0,5.584873199462891,5.584873199462891
100,191,191,32.0535,27.0,27.0,5.053501129150391,5.053501129150391
100,192,192,30.445059,26.0,26.0,4.445058822631836,4.445058822631836
100,193,193,29.066021,25.0,25.0,4.066020965576172,4.066020965576172
100,194,194,27.439575,24.0,24.0,3.4395751953125,3.4395751953125
100,195,195,26.324715,23.0,23.0,3.3247146606445312,3.3247146606445312
100,196,196,25.106598,22.0,22.0,3.106597900390625,3.106597900390625
100,197,197,24.846169,21.0,21.0,3.8461685180664062,3.8461685180664062
100,198,198,23.276848,20.0,20.0,3.2768478393554688,3.2768478393554688
